[2025-09-04T10:22:27.124+0000][gc,heap] Heap region size: 1M
[2025-09-04T10:22:27.137+0000][gc     ] Using G1
[2025-09-04T10:22:27.137+0000][gc,heap,coops] Heap address: 0x00000000c0000000, size: 1024 MB, Compressed Oops mode: 32-bit
[2025-09-04T10:22:29.134+0000][gc,start     ] GC(0) Pause Young (Concurrent Start) (Metadata GC Threshold)
[2025-09-04T10:22:29.138+0000][gc,task      ] GC(0) Using 8 workers of 8 for evacuation
[2025-09-04T10:22:29.164+0000][gc,mmu       ] GC(0) MMU target violated: 21.0ms (20.0ms/21.0ms)
[2025-09-04T10:22:29.164+0000][gc,phases    ] GC(0)   Pre Evacuate Collection Set: 0.1ms
[2025-09-04T10:22:29.164+0000][gc,phases    ] GC(0)   Evacuate Collection Set: 19.0ms
[2025-09-04T10:22:29.164+0000][gc,phases    ] GC(0)   Post Evacuate Collection Set: 1.7ms
[2025-09-04T10:22:29.164+0000][gc,phases    ] GC(0)   Other: 9.2ms
[2025-09-04T10:22:29.164+0000][gc,heap      ] GC(0) Eden regions: 42->0(44)
[2025-09-04T10:22:29.165+0000][gc,heap      ] GC(0) Survivor regions: 0->7(7)
[2025-09-04T10:22:29.165+0000][gc,heap      ] GC(0) Old regions: 0->0
[2025-09-04T10:22:29.165+0000][gc,heap      ] GC(0) Humongous regions: 0->0
[2025-09-04T10:22:29.165+0000][gc,metaspace ] GC(0) Metaspace: 20789K(21296K)->20789K(21296K) NonClass: 18576K(18864K)->18576K(18864K) Class: 2213K(2432K)->2213K(2432K)
[2025-09-04T10:22:29.165+0000][gc           ] GC(0) Pause Young (Concurrent Start) (Metadata GC Threshold) 42M->6M(1024M) 31.221ms
[2025-09-04T10:22:29.165+0000][gc,cpu       ] GC(0) User=0.03s Sys=0.03s Real=0.03s
[2025-09-04T10:22:29.165+0000][gc           ] GC(1) Concurrent Cycle
[2025-09-04T10:22:29.166+0000][gc,marking   ] GC(1) Concurrent Clear Claimed Marks
[2025-09-04T10:22:29.166+0000][gc,marking   ] GC(1) Concurrent Clear Claimed Marks 0.378ms
[2025-09-04T10:22:29.167+0000][gc,marking   ] GC(1) Concurrent Scan Root Regions
[2025-09-04T10:22:29.169+0000][gc,marking   ] GC(1) Concurrent Scan Root Regions 2.830ms
[2025-09-04T10:22:29.170+0000][gc,marking   ] GC(1) Concurrent Mark (2.050s)
[2025-09-04T10:22:29.170+0000][gc,marking   ] GC(1) Concurrent Mark From Roots
[2025-09-04T10:22:29.170+0000][gc,task      ] GC(1) Using 2 workers of 2 for marking
[2025-09-04T10:22:29.170+0000][gc,marking   ] GC(1) Concurrent Mark From Roots 0.636ms
[2025-09-04T10:22:29.170+0000][gc,marking   ] GC(1) Concurrent Preclean
[2025-09-04T10:22:29.171+0000][gc,marking   ] GC(1) Concurrent Preclean 0.227ms
[2025-09-04T10:22:29.171+0000][gc,marking   ] GC(1) Concurrent Mark (2.050s, 2.052s) 1.177ms
[2025-09-04T10:22:29.171+0000][gc,start     ] GC(1) Pause Remark
[2025-09-04T10:22:29.174+0000][gc,stringtable] GC(1) Cleaned string and symbol table, strings: 7299 processed, 0 removed, symbols: 65239 processed, 22 removed
[2025-09-04T10:22:29.174+0000][gc            ] GC(1) Pause Remark 7M->7M(1024M) 3.071ms
[2025-09-04T10:22:29.174+0000][gc,cpu        ] GC(1) User=0.00s Sys=0.00s Real=0.00s
[2025-09-04T10:22:29.174+0000][gc,marking    ] GC(1) Concurrent Rebuild Remembered Sets
[2025-09-04T10:22:29.175+0000][gc,marking    ] GC(1) Concurrent Rebuild Remembered Sets 0.235ms
[2025-09-04T10:22:29.175+0000][gc,start      ] GC(1) Pause Cleanup
[2025-09-04T10:22:29.175+0000][gc            ] GC(1) Pause Cleanup 7M->7M(1024M) 0.246ms
[2025-09-04T10:22:29.175+0000][gc,cpu        ] GC(1) User=0.00s Sys=0.00s Real=0.00s
[2025-09-04T10:22:29.175+0000][gc,marking    ] GC(1) Concurrent Cleanup for Next Mark
[2025-09-04T10:22:29.196+0000][gc,marking    ] GC(1) Concurrent Cleanup for Next Mark 21.052ms
[2025-09-04T10:22:29.198+0000][gc            ] GC(1) Concurrent Cycle 32.593ms
[2025-09-04T10:22:30.944+0000][gc,start      ] GC(2) Pause Young (Normal) (G1 Evacuation Pause)
[2025-09-04T10:22:30.945+0000][gc,task       ] GC(2) Using 8 workers of 8 for evacuation
[2025-09-04T10:22:30.992+0000][gc,mmu        ] GC(2) MMU target violated: 21.0ms (20.0ms/21.0ms)
[2025-09-04T10:22:30.993+0000][gc,phases     ] GC(2)   Pre Evacuate Collection Set: 2.5ms
[2025-09-04T10:22:30.995+0000][gc,phases     ] GC(2)   Evacuate Collection Set: 38.4ms
[2025-09-04T10:22:30.995+0000][gc,phases     ] GC(2)   Post Evacuate Collection Set: 5.6ms
[2025-09-04T10:22:30.996+0000][gc,phases     ] GC(2)   Other: 2.9ms
[2025-09-04T10:22:30.996+0000][gc,heap       ] GC(2) Eden regions: 44->0(48)
[2025-09-04T10:22:30.997+0000][gc,heap       ] GC(2) Survivor regions: 7->3(7)
[2025-09-04T10:22:30.998+0000][gc,heap       ] GC(2) Old regions: 0->7
[2025-09-04T10:22:30.998+0000][gc,heap       ] GC(2) Humongous regions: 129->129
[2025-09-04T10:22:30.998+0000][gc,metaspace  ] GC(2) Metaspace: 30342K(31152K)->30342K(31152K) NonClass: 26883K(27312K)->26883K(27312K) Class: 3459K(3840K)->3459K(3840K)
[2025-09-04T10:22:30.998+0000][gc            ] GC(2) Pause Young (Normal) (G1 Evacuation Pause) 179M->137M(1024M) 54.642ms
[2025-09-04T10:22:30.998+0000][gc,cpu        ] GC(2) User=0.06s Sys=0.04s Real=0.06s
[2025-09-04T10:22:31.341+0000][gc,start      ] GC(3) Pause Young (Concurrent Start) (Metadata GC Threshold)
[2025-09-04T10:22:31.342+0000][gc,task       ] GC(3) Using 8 workers of 8 for evacuation
[2025-09-04T10:22:31.356+0000][gc,phases     ] GC(3)   Pre Evacuate Collection Set: 0.1ms
[2025-09-04T10:22:31.356+0000][gc,phases     ] GC(3)   Evacuate Collection Set: 10.5ms
[2025-09-04T10:22:31.356+0000][gc,phases     ] GC(3)   Post Evacuate Collection Set: 0.8ms
[2025-09-04T10:22:31.356+0000][gc,phases     ] GC(3)   Other: 3.0ms
[2025-09-04T10:22:31.356+0000][gc,heap       ] GC(3) Eden regions: 26->0(48)
[2025-09-04T10:22:31.356+0000][gc,heap       ] GC(3) Survivor regions: 3->3(7)
[2025-09-04T10:22:31.356+0000][gc,heap       ] GC(3) Old regions: 7->7
[2025-09-04T10:22:31.356+0000][gc,heap       ] GC(3) Humongous regions: 129->129
[2025-09-04T10:22:31.356+0000][gc,metaspace  ] GC(3) Metaspace: 35049K(35920K)->35049K(35920K) NonClass: 31248K(31696K)->31248K(31696K) Class: 3801K(4224K)->3801K(4224K)
[2025-09-04T10:22:31.356+0000][gc            ] GC(3) Pause Young (Concurrent Start) (Metadata GC Threshold) 163M->138M(1024M) 15.002ms
[2025-09-04T10:22:31.356+0000][gc,cpu        ] GC(3) User=0.01s Sys=0.00s Real=0.02s
[2025-09-04T10:22:31.356+0000][gc            ] GC(4) Concurrent Cycle
[2025-09-04T10:22:31.357+0000][gc,marking    ] GC(4) Concurrent Clear Claimed Marks
[2025-09-04T10:22:31.357+0000][gc,marking    ] GC(4) Concurrent Clear Claimed Marks 0.220ms
[2025-09-04T10:22:31.357+0000][gc,marking    ] GC(4) Concurrent Scan Root Regions
[2025-09-04T10:22:31.361+0000][gc,marking    ] GC(4) Concurrent Scan Root Regions 3.285ms
[2025-09-04T10:22:31.361+0000][gc,marking    ] GC(4) Concurrent Mark (4.244s)
[2025-09-04T10:22:31.361+0000][gc,marking    ] GC(4) Concurrent Mark From Roots
[2025-09-04T10:22:31.361+0000][gc,task       ] GC(4) Using 2 workers of 2 for marking
[2025-09-04T10:22:31.369+0000][gc,marking    ] GC(4) Concurrent Mark From Roots 7.360ms
[2025-09-04T10:22:31.369+0000][gc,marking    ] GC(4) Concurrent Preclean
[2025-09-04T10:22:31.371+0000][gc,marking    ] GC(4) Concurrent Preclean 1.285ms
[2025-09-04T10:22:31.371+0000][gc,marking    ] GC(4) Concurrent Mark (4.244s, 4.253s) 9.746ms
[2025-09-04T10:22:31.371+0000][gc,start      ] GC(4) Pause Remark
[2025-09-04T10:22:31.378+0000][gc,stringtable] GC(4) Cleaned string and symbol table, strings: 10963 processed, 10 removed, symbols: 97446 processed, 24 removed
[2025-09-04T10:22:31.379+0000][gc            ] GC(4) Pause Remark 138M->138M(1024M) 7.756ms
[2025-09-04T10:22:31.379+0000][gc,cpu        ] GC(4) User=0.01s Sys=0.00s Real=0.01s
[2025-09-04T10:22:31.380+0000][gc,marking    ] GC(4) Concurrent Rebuild Remembered Sets
[2025-09-04T10:22:31.385+0000][gc,marking    ] GC(4) Concurrent Rebuild Remembered Sets 5.799ms
[2025-09-04T10:22:31.388+0000][gc,start      ] GC(4) Pause Cleanup
[2025-09-04T10:22:31.389+0000][gc            ] GC(4) Pause Cleanup 138M->138M(1024M) 1.004ms
[2025-09-04T10:22:31.389+0000][gc,cpu        ] GC(4) User=0.00s Sys=0.00s Real=0.00s
[2025-09-04T10:22:31.390+0000][gc,marking    ] GC(4) Concurrent Cleanup for Next Mark
[2025-09-04T10:22:31.426+0000][gc,marking    ] GC(4) Concurrent Cleanup for Next Mark 35.538ms
[2025-09-04T10:22:31.428+0000][gc            ] GC(4) Concurrent Cycle 71.324ms
[2025-09-04T10:22:33.889+0000][gc,start      ] GC(5) Pause Young (Normal) (G1 Evacuation Pause)
[2025-09-04T10:22:33.889+0000][gc,task       ] GC(5) Using 8 workers of 8 for evacuation
[2025-09-04T10:22:33.913+0000][gc,mmu        ] GC(5) MMU target violated: 21.0ms (20.0ms/21.0ms)
[2025-09-04T10:22:33.914+0000][gc,phases     ] GC(5)   Pre Evacuate Collection Set: 8.0ms
[2025-09-04T10:22:33.914+0000][gc,phases     ] GC(5)   Evacuate Collection Set: 14.6ms
[2025-09-04T10:22:33.914+0000][gc,phases     ] GC(5)   Post Evacuate Collection Set: 1.0ms
[2025-09-04T10:22:33.914+0000][gc,phases     ] GC(5)   Other: 0.9ms
[2025-09-04T10:22:33.914+0000][gc,heap       ] GC(5) Eden regions: 48->0(44)
[2025-09-04T10:22:33.914+0000][gc,heap       ] GC(5) Survivor regions: 3->7(7)
[2025-09-04T10:22:33.914+0000][gc,heap       ] GC(5) Old regions: 7->7
[2025-09-04T10:22:33.914+0000][gc,heap       ] GC(5) Humongous regions: 129->129
[2025-09-04T10:22:33.914+0000][gc,metaspace  ] GC(5) Metaspace: 43586K(45104K)->43586K(45104K) NonClass: 38784K(39600K)->38784K(39600K) Class: 4802K(5504K)->4802K(5504K)
[2025-09-04T10:22:33.914+0000][gc            ] GC(5) Pause Young (Normal) (G1 Evacuation Pause) 186M->142M(1024M) 25.116ms
[2025-09-04T10:22:33.914+0000][gc,cpu        ] GC(5) User=0.08s Sys=0.01s Real=0.02s
[2025-09-04T10:39:15.076+0000][gc,start      ] GC(6) Pause Young (Normal) (G1 Evacuation Pause)
[2025-09-04T10:39:15.077+0000][gc,task       ] GC(6) Using 8 workers of 8 for evacuation
[2025-09-04T10:39:15.168+0000][gc,mmu        ] GC(6) MMU target violated: 21.0ms (20.0ms/21.0ms)
[2025-09-04T10:39:15.168+0000][gc,phases     ] GC(6)   Pre Evacuate Collection Set: 27.3ms
[2025-09-04T10:39:15.169+0000][gc,phases     ] GC(6)   Evacuate Collection Set: 59.5ms
[2025-09-04T10:39:15.169+0000][gc,phases     ] GC(6)   Post Evacuate Collection Set: 2.8ms
[2025-09-04T10:39:15.169+0000][gc,phases     ] GC(6)   Other: 2.9ms
[2025-09-04T10:39:15.169+0000][gc,heap       ] GC(6) Eden regions: 44->0(47)
[2025-09-04T10:39:15.169+0000][gc,heap       ] GC(6) Survivor regions: 7->4(7)
[2025-09-04T10:39:15.169+0000][gc,heap       ] GC(6) Old regions: 7->14
[2025-09-04T10:39:15.170+0000][gc,heap       ] GC(6) Humongous regions: 129->129
[2025-09-04T10:39:15.170+0000][gc,metaspace  ] GC(6) Metaspace: 49506K(51760K)->49506K(51760K) NonClass: 43774K(44976K)->43774K(44976K) Class: 5732K(6784K)->5732K(6784K)
[2025-09-04T10:39:15.170+0000][gc            ] GC(6) Pause Young (Normal) (G1 Evacuation Pause) 186M->145M(1024M) 93.518ms
[2025-09-04T10:39:15.170+0000][gc,cpu        ] GC(6) User=0.44s Sys=0.04s Real=0.10s
[2025-09-04T10:46:12.129+0000][gc,start      ] GC(7) Pause Young (Normal) (G1 Evacuation Pause)
[2025-09-04T10:46:12.132+0000][gc,task       ] GC(7) Using 8 workers of 8 for evacuation
[2025-09-04T10:46:12.184+0000][gc,mmu        ] GC(7) MMU target violated: 21.0ms (20.0ms/21.0ms)
[2025-09-04T10:46:12.184+0000][gc,phases     ] GC(7)   Pre Evacuate Collection Set: 10.1ms
[2025-09-04T10:46:12.184+0000][gc,phases     ] GC(7)   Evacuate Collection Set: 38.2ms
[2025-09-04T10:46:12.184+0000][gc,phases     ] GC(7)   Post Evacuate Collection Set: 2.4ms
[2025-09-04T10:46:12.185+0000][gc,phases     ] GC(7)   Other: 4.9ms
[2025-09-04T10:46:12.185+0000][gc,heap       ] GC(7) Eden regions: 47->0(48)
[2025-09-04T10:46:12.185+0000][gc,heap       ] GC(7) Survivor regions: 4->3(7)
[2025-09-04T10:46:12.185+0000][gc,heap       ] GC(7) Old regions: 14->14
[2025-09-04T10:46:12.185+0000][gc,heap       ] GC(7) Humongous regions: 129->129
[2025-09-04T10:46:12.185+0000][gc,metaspace  ] GC(7) Metaspace: 49745K(52016K)->49745K(52016K) NonClass: 44005K(45232K)->44005K(45232K) Class: 5740K(6784K)->5740K(6784K)
[2025-09-04T10:46:12.185+0000][gc            ] GC(7) Pause Young (Normal) (G1 Evacuation Pause) 192M->145M(1024M) 56.436ms
[2025-09-04T10:46:12.185+0000][gc,cpu        ] GC(7) User=0.31s Sys=0.00s Real=0.06s
[2025-09-04T10:54:06.837+0000][gc,start      ] GC(8) Pause Young (Normal) (G1 Evacuation Pause)
[2025-09-04T10:54:06.842+0000][gc,task       ] GC(8) Using 8 workers of 8 for evacuation
[2025-09-04T10:54:06.909+0000][gc,mmu        ] GC(8) MMU target violated: 21.0ms (20.0ms/21.0ms)
[2025-09-04T10:54:06.909+0000][gc,phases     ] GC(8)   Pre Evacuate Collection Set: 18.2ms
[2025-09-04T10:54:06.909+0000][gc,phases     ] GC(8)   Evacuate Collection Set: 45.7ms
[2025-09-04T10:54:06.909+0000][gc,phases     ] GC(8)   Post Evacuate Collection Set: 1.7ms
[2025-09-04T10:54:06.909+0000][gc,phases     ] GC(8)   Other: 6.4ms
[2025-09-04T10:54:06.909+0000][gc,heap       ] GC(8) Eden regions: 48->0(48)
[2025-09-04T10:54:06.909+0000][gc,heap       ] GC(8) Survivor regions: 3->3(7)
[2025-09-04T10:54:06.910+0000][gc,heap       ] GC(8) Old regions: 14->14
[2025-09-04T10:54:06.910+0000][gc,heap       ] GC(8) Humongous regions: 129->129
[2025-09-04T10:54:06.910+0000][gc,metaspace  ] GC(8) Metaspace: 49875K(52016K)->49875K(52016K) NonClass: 44134K(45232K)->44134K(45232K) Class: 5741K(6784K)->5741K(6784K)
[2025-09-04T10:54:06.910+0000][gc            ] GC(8) Pause Young (Normal) (G1 Evacuation Pause) 193M->145M(1024M) 72.587ms
[2025-09-04T10:54:06.910+0000][gc,cpu        ] GC(8) User=0.36s Sys=0.00s Real=0.08s
[2025-09-04T11:02:21.681+0000][gc,start      ] GC(9) Pause Young (Normal) (G1 Evacuation Pause)
[2025-09-04T11:02:21.685+0000][gc,task       ] GC(9) Using 8 workers of 8 for evacuation
[2025-09-04T11:02:21.738+0000][gc,mmu        ] GC(9) MMU target violated: 21.0ms (20.0ms/21.0ms)
[2025-09-04T11:02:21.738+0000][gc,phases     ] GC(9)   Pre Evacuate Collection Set: 11.2ms
[2025-09-04T11:02:21.738+0000][gc,phases     ] GC(9)   Evacuate Collection Set: 38.6ms
[2025-09-04T11:02:21.738+0000][gc,phases     ] GC(9)   Post Evacuate Collection Set: 1.4ms
[2025-09-04T11:02:21.739+0000][gc,phases     ] GC(9)   Other: 6.0ms
[2025-09-04T11:02:21.739+0000][gc,heap       ] GC(9) Eden regions: 48->0(48)
[2025-09-04T11:02:21.739+0000][gc,heap       ] GC(9) Survivor regions: 3->3(7)
[2025-09-04T11:02:21.739+0000][gc,heap       ] GC(9) Old regions: 14->14
[2025-09-04T11:02:21.739+0000][gc,heap       ] GC(9) Humongous regions: 129->129
[2025-09-04T11:02:21.739+0000][gc,metaspace  ] GC(9) Metaspace: 50005K(52272K)->50005K(52272K) NonClass: 44263K(45488K)->44263K(45488K) Class: 5742K(6784K)->5742K(6784K)
[2025-09-04T11:02:21.739+0000][gc            ] GC(9) Pause Young (Normal) (G1 Evacuation Pause) 193M->145M(1024M) 57.551ms
[2025-09-04T11:02:21.739+0000][gc,cpu        ] GC(9) User=0.30s Sys=0.00s Real=0.06s
[2025-09-04T11:11:00.375+0000][gc,start      ] GC(10) Pause Young (Normal) (G1 Evacuation Pause)
[2025-09-04T11:11:00.378+0000][gc,task       ] GC(10) Using 8 workers of 8 for evacuation
[2025-09-04T11:11:00.433+0000][gc,mmu        ] GC(10) MMU target violated: 21.0ms (20.0ms/21.0ms)
[2025-09-04T11:11:00.433+0000][gc,phases     ] GC(10)   Pre Evacuate Collection Set: 9.8ms
[2025-09-04T11:11:00.433+0000][gc,phases     ] GC(10)   Evacuate Collection Set: 41.9ms
[2025-09-04T11:11:00.433+0000][gc,phases     ] GC(10)   Post Evacuate Collection Set: 1.8ms
[2025-09-04T11:11:00.433+0000][gc,phases     ] GC(10)   Other: 5.1ms
[2025-09-04T11:11:00.433+0000][gc,heap       ] GC(10) Eden regions: 48->0(48)
[2025-09-04T11:11:00.434+0000][gc,heap       ] GC(10) Survivor regions: 3->3(7)
[2025-09-04T11:11:00.434+0000][gc,heap       ] GC(10) Old regions: 14->14
[2025-09-04T11:11:00.434+0000][gc,heap       ] GC(10) Humongous regions: 129->129
[2025-09-04T11:11:00.434+0000][gc,metaspace  ] GC(10) Metaspace: 50056K(52272K)->50056K(52272K) NonClass: 44314K(45488K)->44314K(45488K) Class: 5742K(6784K)->5742K(6784K)
[2025-09-04T11:11:00.434+0000][gc            ] GC(10) Pause Young (Normal) (G1 Evacuation Pause) 193M->145M(1024M) 59.001ms
[2025-09-04T11:11:00.434+0000][gc,cpu        ] GC(10) User=0.32s Sys=0.00s Real=0.06s
[2025-09-04T11:19:44.299+0000][gc,start      ] GC(11) Pause Young (Normal) (G1 Evacuation Pause)
[2025-09-04T11:19:44.302+0000][gc,task       ] GC(11) Using 8 workers of 8 for evacuation
[2025-09-04T11:19:44.361+0000][gc,mmu        ] GC(11) MMU target violated: 21.0ms (20.0ms/21.0ms)
[2025-09-04T11:19:44.361+0000][gc,phases     ] GC(11)   Pre Evacuate Collection Set: 8.5ms
[2025-09-04T11:19:44.362+0000][gc,phases     ] GC(11)   Evacuate Collection Set: 46.9ms
[2025-09-04T11:19:44.362+0000][gc,phases     ] GC(11)   Post Evacuate Collection Set: 2.5ms
[2025-09-04T11:19:44.362+0000][gc,phases     ] GC(11)   Other: 6.3ms
[2025-09-04T11:19:44.362+0000][gc,heap       ] GC(11) Eden regions: 48->0(47)
[2025-09-04T11:19:44.362+0000][gc,heap       ] GC(11) Survivor regions: 3->4(7)
[2025-09-04T11:19:44.362+0000][gc,heap       ] GC(11) Old regions: 14->14
[2025-09-04T11:19:44.362+0000][gc,heap       ] GC(11) Humongous regions: 129->129
[2025-09-04T11:19:44.362+0000][gc,metaspace  ] GC(11) Metaspace: 50126K(52272K)->50126K(52272K) NonClass: 44384K(45488K)->44384K(45488K) Class: 5742K(6784K)->5742K(6784K)
[2025-09-04T11:19:44.362+0000][gc            ] GC(11) Pause Young (Normal) (G1 Evacuation Pause) 193M->145M(1024M) 63.045ms
[2025-09-04T11:19:44.362+0000][gc,cpu        ] GC(11) User=0.37s Sys=0.00s Real=0.07s
[2025-09-04T11:27:56.190+0000][gc,start      ] GC(12) Pause Young (Normal) (G1 Evacuation Pause)
[2025-09-04T11:27:56.192+0000][gc,task       ] GC(12) Using 8 workers of 8 for evacuation
[2025-09-04T11:27:56.255+0000][gc,mmu        ] GC(12) MMU target violated: 21.0ms (20.0ms/21.0ms)
[2025-09-04T11:27:56.256+0000][gc,phases     ] GC(12)   Pre Evacuate Collection Set: 9.9ms
[2025-09-04T11:27:56.256+0000][gc,phases     ] GC(12)   Evacuate Collection Set: 49.5ms
[2025-09-04T11:27:56.256+0000][gc,phases     ] GC(12)   Post Evacuate Collection Set: 2.1ms
[2025-09-04T11:27:56.256+0000][gc,phases     ] GC(12)   Other: 4.6ms
[2025-09-04T11:27:56.256+0000][gc,heap       ] GC(12) Eden regions: 47->0(48)
[2025-09-04T11:27:56.256+0000][gc,heap       ] GC(12) Survivor regions: 4->3(7)
[2025-09-04T11:27:56.256+0000][gc,heap       ] GC(12) Old regions: 14->14
[2025-09-04T11:27:56.256+0000][gc,heap       ] GC(12) Humongous regions: 129->129
[2025-09-04T11:27:56.256+0000][gc,metaspace  ] GC(12) Metaspace: 50242K(52528K)->50242K(52528K) NonClass: 44494K(45744K)->44494K(45744K) Class: 5747K(6784K)->5747K(6784K)
[2025-09-04T11:27:56.256+0000][gc            ] GC(12) Pause Young (Normal) (G1 Evacuation Pause) 192M->145M(1024M) 66.314ms
[2025-09-04T11:27:56.256+0000][gc,cpu        ] GC(12) User=0.37s Sys=0.00s Real=0.06s
[2025-09-04T11:32:13.444+0000][gc,start      ] GC(13) Pause Young (Normal) (G1 Evacuation Pause)
[2025-09-04T11:32:13.445+0000][gc,task       ] GC(13) Using 8 workers of 8 for evacuation
[2025-09-04T11:32:13.507+0000][gc,mmu        ] GC(13) MMU target violated: 21.0ms (20.0ms/21.0ms)
[2025-09-04T11:32:13.507+0000][gc,phases     ] GC(13)   Pre Evacuate Collection Set: 14.0ms
[2025-09-04T11:32:13.507+0000][gc,phases     ] GC(13)   Evacuate Collection Set: 43.0ms
[2025-09-04T11:32:13.507+0000][gc,phases     ] GC(13)   Post Evacuate Collection Set: 1.7ms
[2025-09-04T11:32:13.507+0000][gc,phases     ] GC(13)   Other: 4.9ms
[2025-09-04T11:32:13.507+0000][gc,heap       ] GC(13) Eden regions: 48->0(46)
[2025-09-04T11:32:13.507+0000][gc,heap       ] GC(13) Survivor regions: 3->5(7)
[2025-09-04T11:32:13.507+0000][gc,heap       ] GC(13) Old regions: 14->14
[2025-09-04T11:32:13.507+0000][gc,heap       ] GC(13) Humongous regions: 129->129
[2025-09-04T11:32:13.508+0000][gc,metaspace  ] GC(13) Metaspace: 51623K(54192K)->51623K(54192K) NonClass: 45601K(47024K)->45601K(47024K) Class: 6021K(7168K)->6021K(7168K)
[2025-09-04T11:32:13.508+0000][gc            ] GC(13) Pause Young (Normal) (G1 Evacuation Pause) 193M->147M(1024M) 64.093ms
[2025-09-04T11:32:13.508+0000][gc,cpu        ] GC(13) User=0.32s Sys=0.00s Real=0.07s
[2025-09-04T11:35:14.567+0000][gc,start      ] GC(14) Pause Young (Normal) (G1 Evacuation Pause)
[2025-09-04T11:35:14.572+0000][gc,task       ] GC(14) Using 8 workers of 8 for evacuation
[2025-09-04T11:35:14.642+0000][gc,mmu        ] GC(14) MMU target violated: 21.0ms (20.0ms/21.0ms)
[2025-09-04T11:35:14.642+0000][gc,phases     ] GC(14)   Pre Evacuate Collection Set: 13.1ms
[2025-09-04T11:35:14.643+0000][gc,phases     ] GC(14)   Evacuate Collection Set: 53.1ms
[2025-09-04T11:35:14.643+0000][gc,phases     ] GC(14)   Post Evacuate Collection Set: 1.5ms
[2025-09-04T11:35:14.643+0000][gc,phases     ] GC(14)   Other: 8.1ms
[2025-09-04T11:35:14.643+0000][gc,heap       ] GC(14) Eden regions: 46->0(44)
[2025-09-04T11:35:14.643+0000][gc,heap       ] GC(14) Survivor regions: 5->7(7)
[2025-09-04T11:35:14.643+0000][gc,heap       ] GC(14) Old regions: 14->15
[2025-09-04T11:35:14.643+0000][gc,heap       ] GC(14) Humongous regions: 129->129
[2025-09-04T11:35:14.643+0000][gc,metaspace  ] GC(14) Metaspace: 51733K(54192K)->51733K(54192K) NonClass: 45711K(47024K)->45711K(47024K) Class: 6021K(7168K)->6021K(7168K)
[2025-09-04T11:35:14.643+0000][gc            ] GC(14) Pause Young (Normal) (G1 Evacuation Pause) 193M->150M(1024M) 76.261ms
[2025-09-04T11:35:14.643+0000][gc,cpu        ] GC(14) User=0.43s Sys=0.00s Real=0.08s
[2025-09-04T11:38:32.878+0000][gc,start      ] GC(15) Pause Young (Normal) (G1 Evacuation Pause)
[2025-09-04T11:38:32.880+0000][gc,task       ] GC(15) Using 8 workers of 8 for evacuation
[2025-09-04T11:38:32.961+0000][gc,mmu        ] GC(15) MMU target violated: 21.0ms (20.0ms/21.0ms)
[2025-09-04T11:38:32.961+0000][gc,phases     ] GC(15)   Pre Evacuate Collection Set: 20.6ms
[2025-09-04T11:38:32.961+0000][gc,phases     ] GC(15)   Evacuate Collection Set: 57.2ms
[2025-09-04T11:38:32.961+0000][gc,phases     ] GC(15)   Post Evacuate Collection Set: 1.4ms
[2025-09-04T11:38:32.961+0000][gc,phases     ] GC(15)   Other: 4.7ms
[2025-09-04T11:38:32.962+0000][gc,heap       ] GC(15) Eden regions: 44->0(47)
[2025-09-04T11:38:32.962+0000][gc,heap       ] GC(15) Survivor regions: 7->4(7)
[2025-09-04T11:38:32.962+0000][gc,heap       ] GC(15) Old regions: 15->17
[2025-09-04T11:38:32.962+0000][gc,heap       ] GC(15) Humongous regions: 129->129
[2025-09-04T11:38:32.962+0000][gc,metaspace  ] GC(15) Metaspace: 51747K(54192K)->51747K(54192K) NonClass: 45726K(47024K)->45726K(47024K) Class: 6021K(7168K)->6021K(7168K)
[2025-09-04T11:38:32.962+0000][gc            ] GC(15) Pause Young (Normal) (G1 Evacuation Pause) 194M->149M(1024M) 83.911ms
[2025-09-04T11:38:32.962+0000][gc,cpu        ] GC(15) User=0.44s Sys=0.01s Real=0.08s
[2025-09-04T11:56:44.532+0000][gc,start      ] GC(16) Pause Young (Normal) (G1 Evacuation Pause)
[2025-09-04T11:56:44.534+0000][gc,task       ] GC(16) Using 8 workers of 8 for evacuation
[2025-09-04T11:56:44.577+0000][gc,mmu        ] GC(16) MMU target violated: 21.0ms (20.0ms/21.0ms)
[2025-09-04T11:56:44.577+0000][gc,phases     ] GC(16)   Pre Evacuate Collection Set: 10.2ms
[2025-09-04T11:56:44.577+0000][gc,phases     ] GC(16)   Evacuate Collection Set: 28.7ms
[2025-09-04T11:56:44.578+0000][gc,phases     ] GC(16)   Post Evacuate Collection Set: 2.1ms
[2025-09-04T11:56:44.578+0000][gc,phases     ] GC(16)   Other: 5.1ms
[2025-09-04T11:56:44.578+0000][gc,heap       ] GC(16) Eden regions: 47->0(47)
[2025-09-04T11:56:44.578+0000][gc,heap       ] GC(16) Survivor regions: 4->4(7)
[2025-09-04T11:56:44.578+0000][gc,heap       ] GC(16) Old regions: 17->17
[2025-09-04T11:56:44.578+0000][gc,heap       ] GC(16) Humongous regions: 129->129
[2025-09-04T11:56:44.578+0000][gc,metaspace  ] GC(16) Metaspace: 51760K(54192K)->51760K(54192K) NonClass: 45738K(47024K)->45738K(47024K) Class: 6021K(7168K)->6021K(7168K)
[2025-09-04T11:56:44.578+0000][gc            ] GC(16) Pause Young (Normal) (G1 Evacuation Pause) 196M->149M(1024M) 46.290ms
[2025-09-04T11:56:44.579+0000][gc,cpu        ] GC(16) User=0.23s Sys=0.00s Real=0.04s
[2025-09-04T12:04:18.104+0000][gc,start      ] GC(17) Pause Young (Normal) (G1 Evacuation Pause)
[2025-09-04T12:04:18.106+0000][gc,task       ] GC(17) Using 8 workers of 8 for evacuation
[2025-09-04T12:04:18.164+0000][gc,mmu        ] GC(17) MMU target violated: 21.0ms (20.0ms/21.0ms)
[2025-09-04T12:04:18.165+0000][gc,phases     ] GC(17)   Pre Evacuate Collection Set: 28.8ms
[2025-09-04T12:04:18.165+0000][gc,phases     ] GC(17)   Evacuate Collection Set: 24.6ms
[2025-09-04T12:04:18.165+0000][gc,phases     ] GC(17)   Post Evacuate Collection Set: 3.4ms
[2025-09-04T12:04:18.165+0000][gc,phases     ] GC(17)   Other: 4.6ms
[2025-09-04T12:04:18.165+0000][gc,heap       ] GC(17) Eden regions: 47->0(47)
[2025-09-04T12:04:18.165+0000][gc,heap       ] GC(17) Survivor regions: 4->4(7)
[2025-09-04T12:04:18.165+0000][gc,heap       ] GC(17) Old regions: 17->17
[2025-09-04T12:04:18.165+0000][gc,heap       ] GC(17) Humongous regions: 129->129
[2025-09-04T12:04:18.165+0000][gc,metaspace  ] GC(17) Metaspace: 51777K(54192K)->51777K(54192K) NonClass: 45755K(47024K)->45755K(47024K) Class: 6021K(7168K)->6021K(7168K)
[2025-09-04T12:04:18.165+0000][gc            ] GC(17) Pause Young (Normal) (G1 Evacuation Pause) 196M->149M(1024M) 61.508ms
[2025-09-04T12:04:18.166+0000][gc,cpu        ] GC(17) User=0.23s Sys=0.00s Real=0.07s
[2025-09-04T12:07:32.783+0000][gc,start      ] GC(18) Pause Young (Normal) (G1 Evacuation Pause)
[2025-09-04T12:07:32.789+0000][gc,task       ] GC(18) Using 8 workers of 8 for evacuation
[2025-09-04T12:07:32.892+0000][gc,mmu        ] GC(18) MMU target violated: 21.0ms (20.0ms/21.0ms)
[2025-09-04T12:07:32.892+0000][gc,phases     ] GC(18)   Pre Evacuate Collection Set: 23.9ms
[2025-09-04T12:07:32.892+0000][gc,phases     ] GC(18)   Evacuate Collection Set: 74.3ms
[2025-09-04T12:07:32.892+0000][gc,phases     ] GC(18)   Post Evacuate Collection Set: 1.1ms
[2025-09-04T12:07:32.892+0000][gc,phases     ] GC(18)   Other: 10.2ms
[2025-09-04T12:07:32.892+0000][gc,heap       ] GC(18) Eden regions: 47->0(44)
[2025-09-04T12:07:32.892+0000][gc,heap       ] GC(18) Survivor regions: 4->7(7)
[2025-09-04T12:07:32.892+0000][gc,heap       ] GC(18) Old regions: 17->18
[2025-09-04T12:07:32.892+0000][gc,heap       ] GC(18) Humongous regions: 129->129
[2025-09-04T12:07:32.892+0000][gc,metaspace  ] GC(18) Metaspace: 51781K(54192K)->51781K(54192K) NonClass: 45759K(47024K)->45759K(47024K) Class: 6021K(7168K)->6021K(7168K)
[2025-09-04T12:07:32.892+0000][gc            ] GC(18) Pause Young (Normal) (G1 Evacuation Pause) 196M->153M(1024M) 109.229ms
[2025-09-04T12:07:32.893+0000][gc,cpu        ] GC(18) User=0.61s Sys=0.00s Real=0.11s
[2025-09-04T12:10:33.712+0000][gc,start      ] GC(19) Pause Young (Normal) (G1 Evacuation Pause)
[2025-09-04T12:10:33.712+0000][gc,task       ] GC(19) Using 8 workers of 8 for evacuation
[2025-09-04T12:10:33.774+0000][gc,mmu        ] GC(19) MMU target violated: 21.0ms (20.0ms/21.0ms)
[2025-09-04T12:10:33.774+0000][gc,phases     ] GC(19)   Pre Evacuate Collection Set: 6.1ms
[2025-09-04T12:10:33.774+0000][gc,phases     ] GC(19)   Evacuate Collection Set: 51.5ms
[2025-09-04T12:10:33.774+0000][gc,phases     ] GC(19)   Post Evacuate Collection Set: 1.3ms
[2025-09-04T12:10:33.774+0000][gc,phases     ] GC(19)   Other: 3.2ms
[2025-09-04T12:10:33.774+0000][gc,heap       ] GC(19) Eden regions: 44->0(46)
[2025-09-04T12:10:33.774+0000][gc,heap       ] GC(19) Survivor regions: 7->5(7)
[2025-09-04T12:10:33.774+0000][gc,heap       ] GC(19) Old regions: 18->22
[2025-09-04T12:10:33.774+0000][gc,heap       ] GC(19) Humongous regions: 129->129
[2025-09-04T12:10:33.774+0000][gc,metaspace  ] GC(19) Metaspace: 51792K(54192K)->51792K(54192K) NonClass: 45770K(47024K)->45770K(47024K) Class: 6021K(7168K)->6021K(7168K)
[2025-09-04T12:10:33.774+0000][gc            ] GC(19) Pause Young (Normal) (G1 Evacuation Pause) 197M->154M(1024M) 62.340ms
[2025-09-04T12:10:33.774+0000][gc,cpu        ] GC(19) User=0.26s Sys=0.12s Real=0.07s
[2025-09-04T12:15:19.861+0000][gc,start      ] GC(20) Pause Young (Normal) (G1 Evacuation Pause)
[2025-09-04T12:15:19.862+0000][gc,task       ] GC(20) Using 8 workers of 8 for evacuation
[2025-09-04T12:15:19.941+0000][gc,mmu        ] GC(20) MMU target violated: 21.0ms (20.0ms/21.0ms)
[2025-09-04T12:15:19.941+0000][gc,phases     ] GC(20)   Pre Evacuate Collection Set: 27.8ms
[2025-09-04T12:15:19.942+0000][gc,phases     ] GC(20)   Evacuate Collection Set: 46.2ms
[2025-09-04T12:15:19.942+0000][gc,phases     ] GC(20)   Post Evacuate Collection Set: 2.1ms
[2025-09-04T12:15:19.944+0000][gc,phases     ] GC(20)   Other: 5.3ms
[2025-09-04T12:15:19.944+0000][gc,heap       ] GC(20) Eden regions: 46->0(47)
[2025-09-04T12:15:19.945+0000][gc,heap       ] GC(20) Survivor regions: 5->4(7)
[2025-09-04T12:15:19.945+0000][gc,heap       ] GC(20) Old regions: 22->23
[2025-09-04T12:15:19.945+0000][gc,heap       ] GC(20) Humongous regions: 129->129
[2025-09-04T12:15:19.945+0000][gc,metaspace  ] GC(20) Metaspace: 51807K(54192K)->51807K(54192K) NonClass: 45786K(47024K)->45786K(47024K) Class: 6021K(7168K)->6021K(7168K)
[2025-09-04T12:15:19.945+0000][gc            ] GC(20) Pause Young (Normal) (G1 Evacuation Pause) 200M->155M(1024M) 84.367ms
[2025-09-04T12:15:19.945+0000][gc,cpu        ] GC(20) User=0.39s Sys=0.00s Real=0.09s
[2025-09-04T12:18:34.743+0000][gc,start      ] GC(21) Pause Young (Normal) (G1 Evacuation Pause)
[2025-09-04T12:18:34.750+0000][gc,task       ] GC(21) Using 8 workers of 8 for evacuation
[2025-09-04T12:18:34.800+0000][gc,mmu        ] GC(21) MMU target violated: 21.0ms (20.0ms/21.0ms)
[2025-09-04T12:18:34.801+0000][gc,phases     ] GC(21)   Pre Evacuate Collection Set: 12.0ms
[2025-09-04T12:18:34.801+0000][gc,phases     ] GC(21)   Evacuate Collection Set: 34.3ms
[2025-09-04T12:18:34.801+0000][gc,phases     ] GC(21)   Post Evacuate Collection Set: 2.1ms
[2025-09-04T12:18:34.801+0000][gc,phases     ] GC(21)   Other: 9.6ms
[2025-09-04T12:18:34.801+0000][gc,heap       ] GC(21) Eden regions: 47->0(47)
[2025-09-04T12:18:34.801+0000][gc,heap       ] GC(21) Survivor regions: 4->4(7)
[2025-09-04T12:18:34.801+0000][gc,heap       ] GC(21) Old regions: 23->23
[2025-09-04T12:18:34.801+0000][gc,heap       ] GC(21) Humongous regions: 129->129
[2025-09-04T12:18:34.801+0000][gc,metaspace  ] GC(21) Metaspace: 51820K(54448K)->51820K(54448K) NonClass: 45799K(47280K)->45799K(47280K) Class: 6021K(7168K)->6021K(7168K)
[2025-09-04T12:18:34.802+0000][gc            ] GC(21) Pause Young (Normal) (G1 Evacuation Pause) 202M->155M(1024M) 58.512ms
[2025-09-04T12:18:34.802+0000][gc,cpu        ] GC(21) User=0.25s Sys=0.01s Real=0.05s
[2025-09-04T12:21:41.893+0000][gc,start      ] GC(22) Pause Young (Normal) (G1 Evacuation Pause)
[2025-09-04T12:21:41.894+0000][gc,task       ] GC(22) Using 8 workers of 8 for evacuation
[2025-09-04T12:21:42.014+0000][gc,mmu        ] GC(22) MMU target violated: 21.0ms (20.0ms/21.0ms)
[2025-09-04T12:21:42.014+0000][gc,phases     ] GC(22)   Pre Evacuate Collection Set: 14.2ms
[2025-09-04T12:21:42.014+0000][gc,phases     ] GC(22)   Evacuate Collection Set: 103.5ms
[2025-09-04T12:21:42.014+0000][gc,phases     ] GC(22)   Post Evacuate Collection Set: 1.1ms
[2025-09-04T12:21:42.014+0000][gc,phases     ] GC(22)   Other: 2.8ms
[2025-09-04T12:21:42.014+0000][gc,heap       ] GC(22) Eden regions: 47->0(44)
[2025-09-04T12:21:42.014+0000][gc,heap       ] GC(22) Survivor regions: 4->7(7)
[2025-09-04T12:21:42.014+0000][gc,heap       ] GC(22) Old regions: 23->24
[2025-09-04T12:21:42.014+0000][gc,heap       ] GC(22) Humongous regions: 129->129
[2025-09-04T12:21:42.014+0000][gc,metaspace  ] GC(22) Metaspace: 51899K(54576K)->51899K(54576K) NonClass: 45873K(47280K)->45873K(47280K) Class: 6026K(7296K)->6026K(7296K)
[2025-09-04T12:21:42.014+0000][gc            ] GC(22) Pause Young (Normal) (G1 Evacuation Pause) 202M->159M(1024M) 121.272ms
[2025-09-04T12:21:42.014+0000][gc,cpu        ] GC(22) User=0.77s Sys=0.00s Real=0.13s
[2025-09-04T12:24:17.282+0000][gc,start      ] GC(23) Pause Young (Normal) (G1 Evacuation Pause)
[2025-09-04T12:24:17.283+0000][gc,task       ] GC(23) Using 8 workers of 8 for evacuation
[2025-09-04T12:24:17.372+0000][gc,mmu        ] GC(23) MMU target violated: 21.0ms (20.0ms/21.0ms)
[2025-09-04T12:24:17.372+0000][gc,phases     ] GC(23)   Pre Evacuate Collection Set: 11.7ms
[2025-09-04T12:24:17.372+0000][gc,phases     ] GC(23)   Evacuate Collection Set: 74.9ms
[2025-09-04T12:24:17.372+0000][gc,phases     ] GC(23)   Post Evacuate Collection Set: 1.3ms
[2025-09-04T12:24:17.372+0000][gc,phases     ] GC(23)   Other: 2.8ms
[2025-09-04T12:24:17.372+0000][gc,heap       ] GC(23) Eden regions: 44->0(46)
[2025-09-04T12:24:17.372+0000][gc,heap       ] GC(23) Survivor regions: 7->5(7)
[2025-09-04T12:24:17.372+0000][gc,heap       ] GC(23) Old regions: 24->27
[2025-09-04T12:24:17.373+0000][gc,heap       ] GC(23) Humongous regions: 129->129
[2025-09-04T12:24:17.373+0000][gc,metaspace  ] GC(23) Metaspace: 52006K(54832K)->52006K(54832K) NonClass: 45979K(47536K)->45979K(47536K) Class: 6027K(7296K)->6027K(7296K)
[2025-09-04T12:24:17.373+0000][gc            ] GC(23) Pause Young (Normal) (G1 Evacuation Pause) 203M->160M(1024M) 90.830ms
[2025-09-04T12:24:17.373+0000][gc,cpu        ] GC(23) User=0.23s Sys=0.36s Real=0.09s
[2025-09-04T12:27:27.635+0000][gc,start      ] GC(24) Pause Young (Normal) (G1 Evacuation Pause)
[2025-09-04T12:27:27.636+0000][gc,task       ] GC(24) Using 8 workers of 8 for evacuation
[2025-09-04T12:27:27.697+0000][gc,mmu        ] GC(24) MMU target violated: 21.0ms (20.0ms/21.0ms)
[2025-09-04T12:27:27.698+0000][gc,phases     ] GC(24)   Pre Evacuate Collection Set: 5.8ms
[2025-09-04T12:27:27.698+0000][gc,phases     ] GC(24)   Evacuate Collection Set: 52.0ms
[2025-09-04T12:27:27.698+0000][gc,phases     ] GC(24)   Post Evacuate Collection Set: 0.8ms
[2025-09-04T12:27:27.698+0000][gc,phases     ] GC(24)   Other: 4.7ms
[2025-09-04T12:27:27.698+0000][gc,heap       ] GC(24) Eden regions: 46->0(47)
[2025-09-04T12:27:27.698+0000][gc,heap       ] GC(24) Survivor regions: 5->4(7)
[2025-09-04T12:27:27.698+0000][gc,heap       ] GC(24) Old regions: 27->29
[2025-09-04T12:27:27.698+0000][gc,heap       ] GC(24) Humongous regions: 129->129
[2025-09-04T12:27:27.698+0000][gc,metaspace  ] GC(24) Metaspace: 52020K(54832K)->52020K(54832K) NonClass: 45992K(47536K)->45992K(47536K) Class: 6027K(7296K)->6027K(7296K)
[2025-09-04T12:27:27.698+0000][gc            ] GC(24) Pause Young (Normal) (G1 Evacuation Pause) 206M->161M(1024M) 63.423ms
[2025-09-04T12:27:27.698+0000][gc,cpu        ] GC(24) User=0.37s Sys=0.04s Real=0.06s
[2025-09-04T12:29:57.926+0000][gc,start      ] GC(25) Pause Young (Normal) (G1 Evacuation Pause)
[2025-09-04T12:29:57.927+0000][gc,task       ] GC(25) Using 8 workers of 8 for evacuation
[2025-09-04T12:29:57.949+0000][gc,mmu        ] GC(25) MMU target violated: 21.0ms (20.0ms/21.0ms)
[2025-09-04T12:29:57.949+0000][gc,phases     ] GC(25)   Pre Evacuate Collection Set: 5.2ms
[2025-09-04T12:29:57.950+0000][gc,phases     ] GC(25)   Evacuate Collection Set: 15.6ms
[2025-09-04T12:29:57.950+0000][gc,phases     ] GC(25)   Post Evacuate Collection Set: 0.7ms
[2025-09-04T12:29:57.950+0000][gc,phases     ] GC(25)   Other: 2.0ms
[2025-09-04T12:29:57.950+0000][gc,heap       ] GC(25) Eden regions: 47->0(49)
[2025-09-04T12:29:57.950+0000][gc,heap       ] GC(25) Survivor regions: 4->2(7)
[2025-09-04T12:29:57.950+0000][gc,heap       ] GC(25) Old regions: 29->30
[2025-09-04T12:29:57.950+0000][gc,heap       ] GC(25) Humongous regions: 129->129
[2025-09-04T12:29:57.950+0000][gc,metaspace  ] GC(25) Metaspace: 52349K(55088K)->52349K(55088K) NonClass: 46246K(47792K)->46246K(47792K) Class: 6102K(7296K)->6102K(7296K)
[2025-09-04T12:29:57.950+0000][gc            ] GC(25) Pause Young (Normal) (G1 Evacuation Pause) 208M->160M(1024M) 23.662ms
[2025-09-04T12:29:57.950+0000][gc,cpu        ] GC(25) User=0.06s Sys=0.01s Real=0.03s
[2025-09-04T12:32:14.257+0000][gc,start      ] GC(26) Pause Young (Normal) (G1 Evacuation Pause)
[2025-09-04T12:32:14.260+0000][gc,task       ] GC(26) Using 8 workers of 8 for evacuation
[2025-09-04T12:32:14.327+0000][gc,mmu        ] GC(26) MMU target violated: 21.0ms (20.0ms/21.0ms)
[2025-09-04T12:32:14.327+0000][gc,phases     ] GC(26)   Pre Evacuate Collection Set: 9.2ms
[2025-09-04T12:32:14.327+0000][gc,phases     ] GC(26)   Evacuate Collection Set: 55.6ms
[2025-09-04T12:32:14.327+0000][gc,phases     ] GC(26)   Post Evacuate Collection Set: 1.0ms
[2025-09-04T12:32:14.327+0000][gc,phases     ] GC(26)   Other: 4.8ms
[2025-09-04T12:32:14.327+0000][gc,heap       ] GC(26) Eden regions: 49->0(47)
[2025-09-04T12:32:14.327+0000][gc,heap       ] GC(26) Survivor regions: 2->4(7)
[2025-09-04T12:32:14.327+0000][gc,heap       ] GC(26) Old regions: 30->30
[2025-09-04T12:32:14.327+0000][gc,heap       ] GC(26) Humongous regions: 129->129
[2025-09-04T12:32:14.327+0000][gc,metaspace  ] GC(26) Metaspace: 52850K(55472K)->52850K(55472K) NonClass: 46682K(48048K)->46682K(48048K) Class: 6167K(7424K)->6167K(7424K)
[2025-09-04T12:32:14.327+0000][gc            ] GC(26) Pause Young (Normal) (G1 Evacuation Pause) 209M->162M(1024M) 70.303ms
[2025-09-04T12:32:14.328+0000][gc,cpu        ] GC(26) User=0.44s Sys=0.00s Real=0.07s
[2025-09-04T12:35:18.699+0000][gc,start      ] GC(27) Pause Young (Normal) (G1 Evacuation Pause)
[2025-09-04T12:35:18.699+0000][gc,task       ] GC(27) Using 8 workers of 8 for evacuation
[2025-09-04T12:35:18.735+0000][gc,mmu        ] GC(27) MMU target violated: 21.0ms (20.0ms/21.0ms)
[2025-09-04T12:35:18.735+0000][gc,phases     ] GC(27)   Pre Evacuate Collection Set: 2.7ms
[2025-09-04T12:35:18.735+0000][gc,phases     ] GC(27)   Evacuate Collection Set: 31.4ms
[2025-09-04T12:35:18.735+0000][gc,phases     ] GC(27)   Post Evacuate Collection Set: 0.9ms
[2025-09-04T12:35:18.735+0000][gc,phases     ] GC(27)   Other: 1.4ms
[2025-09-04T12:35:18.735+0000][gc,heap       ] GC(27) Eden regions: 47->0(44)
[2025-09-04T12:35:18.735+0000][gc,heap       ] GC(27) Survivor regions: 4->7(7)
[2025-09-04T12:35:18.735+0000][gc,heap       ] GC(27) Old regions: 30->31
[2025-09-04T12:35:18.735+0000][gc,heap       ] GC(27) Humongous regions: 129->129
[2025-09-04T12:35:18.736+0000][gc,metaspace  ] GC(27) Metaspace: 53388K(56112K)->53388K(56112K) NonClass: 47112K(48560K)->47112K(48560K) Class: 6276K(7552K)->6276K(7552K)
[2025-09-04T12:35:18.736+0000][gc            ] GC(27) Pause Young (Normal) (G1 Evacuation Pause) 209M->166M(1024M) 36.815ms
[2025-09-04T12:35:18.736+0000][gc,cpu        ] GC(27) User=0.25s Sys=0.00s Real=0.03s
[2025-09-04T12:37:02.267+0000][gc,start      ] GC(28) Pause Young (Normal) (G1 Evacuation Pause)
[2025-09-04T12:37:02.269+0000][gc,task       ] GC(28) Using 8 workers of 8 for evacuation
[2025-09-04T12:37:02.348+0000][gc,mmu        ] GC(28) MMU target violated: 21.0ms (20.0ms/21.0ms)
[2025-09-04T12:37:02.350+0000][gc,phases     ] GC(28)   Pre Evacuate Collection Set: 14.1ms
[2025-09-04T12:37:02.350+0000][gc,phases     ] GC(28)   Evacuate Collection Set: 62.2ms
[2025-09-04T12:37:02.350+0000][gc,phases     ] GC(28)   Post Evacuate Collection Set: 1.6ms
[2025-09-04T12:37:02.350+0000][gc,phases     ] GC(28)   Other: 4.7ms
[2025-09-04T12:37:02.350+0000][gc,heap       ] GC(28) Eden regions: 44->0(47)
[2025-09-04T12:37:02.350+0000][gc,heap       ] GC(28) Survivor regions: 7->4(7)
[2025-09-04T12:37:02.350+0000][gc,heap       ] GC(28) Old regions: 31->35
[2025-09-04T12:37:02.350+0000][gc,heap       ] GC(28) Humongous regions: 129->129
[2025-09-04T12:37:02.350+0000][gc,metaspace  ] GC(28) Metaspace: 54089K(57136K)->54089K(57136K) NonClass: 47687K(49328K)->47687K(49328K) Class: 6401K(7808K)->6401K(7808K)
[2025-09-04T12:37:02.350+0000][gc            ] GC(28) Pause Young (Normal) (G1 Evacuation Pause) 210M->167M(1024M) 82.884ms
[2025-09-04T12:37:02.350+0000][gc,cpu        ] GC(28) User=0.39s Sys=0.04s Real=0.09s
[2025-09-04T12:39:49.323+0000][gc,start      ] GC(29) Pause Young (Normal) (G1 Evacuation Pause)
[2025-09-04T12:39:49.325+0000][gc,task       ] GC(29) Using 8 workers of 8 for evacuation
[2025-09-04T12:39:49.397+0000][gc,mmu        ] GC(29) MMU target violated: 21.0ms (20.0ms/21.0ms)
[2025-09-04T12:39:49.398+0000][gc,phases     ] GC(29)   Pre Evacuate Collection Set: 24.8ms
[2025-09-04T12:39:49.398+0000][gc,phases     ] GC(29)   Evacuate Collection Set: 44.4ms
[2025-09-04T12:39:49.398+0000][gc,phases     ] GC(29)   Post Evacuate Collection Set: 1.7ms
[2025-09-04T12:39:49.398+0000][gc,phases     ] GC(29)   Other: 4.5ms
[2025-09-04T12:39:49.398+0000][gc,heap       ] GC(29) Eden regions: 47->0(46)
[2025-09-04T12:39:49.398+0000][gc,heap       ] GC(29) Survivor regions: 4->5(7)
[2025-09-04T12:39:49.398+0000][gc,heap       ] GC(29) Old regions: 35->35
[2025-09-04T12:39:49.398+0000][gc,heap       ] GC(29) Humongous regions: 129->129
[2025-09-04T12:39:49.398+0000][gc,metaspace  ] GC(29) Metaspace: 54121K(57136K)->54121K(57136K) NonClass: 47719K(49328K)->47719K(49328K) Class: 6401K(7808K)->6401K(7808K)
[2025-09-04T12:39:49.398+0000][gc            ] GC(29) Pause Young (Normal) (G1 Evacuation Pause) 214M->168M(1024M) 75.483ms
[2025-09-04T12:39:49.398+0000][gc,cpu        ] GC(29) User=0.38s Sys=0.00s Real=0.08s
[2025-09-04T12:57:35.154+0000][gc,start      ] GC(30) Pause Young (Normal) (G1 Evacuation Pause)
[2025-09-04T12:57:35.157+0000][gc,task       ] GC(30) Using 8 workers of 8 for evacuation
[2025-09-04T12:57:35.235+0000][gc,mmu        ] GC(30) MMU target violated: 21.0ms (20.0ms/21.0ms)
[2025-09-04T12:57:35.235+0000][gc,phases     ] GC(30)   Pre Evacuate Collection Set: 10.9ms
[2025-09-04T12:57:35.235+0000][gc,phases     ] GC(30)   Evacuate Collection Set: 62.9ms
[2025-09-04T12:57:35.235+0000][gc,phases     ] GC(30)   Post Evacuate Collection Set: 1.6ms
[2025-09-04T12:57:35.235+0000][gc,phases     ] GC(30)   Other: 6.3ms
[2025-09-04T12:57:35.235+0000][gc,heap       ] GC(30) Eden regions: 46->0(46)
[2025-09-04T12:57:35.235+0000][gc,heap       ] GC(30) Survivor regions: 5->5(7)
[2025-09-04T12:57:35.235+0000][gc,heap       ] GC(30) Old regions: 35->37
[2025-09-04T12:57:35.235+0000][gc,heap       ] GC(30) Humongous regions: 129->129
[2025-09-04T12:57:35.236+0000][gc,metaspace  ] GC(30) Metaspace: 54136K(57136K)->54136K(57136K) NonClass: 47735K(49328K)->47735K(49328K) Class: 6401K(7808K)->6401K(7808K)
[2025-09-04T12:57:35.236+0000][gc            ] GC(30) Pause Young (Normal) (G1 Evacuation Pause) 214M->170M(1024M) 81.717ms
[2025-09-04T12:57:35.236+0000][gc,cpu        ] GC(30) User=0.45s Sys=0.01s Real=0.08s
[2025-09-04T13:15:34.840+0000][gc,start      ] GC(31) Pause Young (Normal) (G1 Evacuation Pause)
[2025-09-04T13:15:34.842+0000][gc,task       ] GC(31) Using 8 workers of 8 for evacuation
[2025-09-04T13:15:34.908+0000][gc,mmu        ] GC(31) MMU target violated: 21.0ms (20.0ms/21.0ms)
[2025-09-04T13:15:34.908+0000][gc,phases     ] GC(31)   Pre Evacuate Collection Set: 10.9ms
[2025-09-04T13:15:34.908+0000][gc,phases     ] GC(31)   Evacuate Collection Set: 50.7ms
[2025-09-04T13:15:34.908+0000][gc,phases     ] GC(31)   Post Evacuate Collection Set: 1.8ms
[2025-09-04T13:15:34.908+0000][gc,phases     ] GC(31)   Other: 5.0ms
[2025-09-04T13:15:34.908+0000][gc,heap       ] GC(31) Eden regions: 46->0(45)
[2025-09-04T13:15:34.908+0000][gc,heap       ] GC(31) Survivor regions: 5->6(7)
[2025-09-04T13:15:34.908+0000][gc,heap       ] GC(31) Old regions: 37->38
[2025-09-04T13:15:34.908+0000][gc,heap       ] GC(31) Humongous regions: 129->129
[2025-09-04T13:15:34.908+0000][gc,metaspace  ] GC(31) Metaspace: 54197K(57136K)->54197K(57136K) NonClass: 47775K(49328K)->47775K(49328K) Class: 6422K(7808K)->6422K(7808K)
[2025-09-04T13:15:34.908+0000][gc            ] GC(31) Pause Young (Normal) (G1 Evacuation Pause) 216M->172M(1024M) 68.310ms
[2025-09-04T13:15:34.909+0000][gc,cpu        ] GC(31) User=0.37s Sys=0.02s Real=0.06s
[2025-09-04T13:18:12.783+0000][gc,start      ] GC(32) Pause Young (Normal) (G1 Evacuation Pause)
[2025-09-04T13:18:12.785+0000][gc,task       ] GC(32) Using 8 workers of 8 for evacuation
[2025-09-04T13:18:12.861+0000][gc,mmu        ] GC(32) MMU target violated: 21.0ms (20.0ms/21.0ms)
[2025-09-04T13:18:12.861+0000][gc,phases     ] GC(32)   Pre Evacuate Collection Set: 8.0ms
[2025-09-04T13:18:12.861+0000][gc,phases     ] GC(32)   Evacuate Collection Set: 63.6ms
[2025-09-04T13:18:12.861+0000][gc,phases     ] GC(32)   Post Evacuate Collection Set: 1.9ms
[2025-09-04T13:18:12.861+0000][gc,phases     ] GC(32)   Other: 5.3ms
[2025-09-04T13:18:12.861+0000][gc,heap       ] GC(32) Eden regions: 45->0(47)
[2025-09-04T13:18:12.861+0000][gc,heap       ] GC(32) Survivor regions: 6->4(7)
[2025-09-04T13:18:12.861+0000][gc,heap       ] GC(32) Old regions: 38->42
[2025-09-04T13:18:12.862+0000][gc,heap       ] GC(32) Humongous regions: 129->129
[2025-09-04T13:18:12.862+0000][gc,metaspace  ] GC(32) Metaspace: 54202K(57136K)->54202K(57136K) NonClass: 47780K(49328K)->47780K(49328K) Class: 6422K(7808K)->6422K(7808K)
[2025-09-04T13:18:12.862+0000][gc            ] GC(32) Pause Young (Normal) (G1 Evacuation Pause) 217M->173M(1024M) 79.054ms
[2025-09-04T13:18:12.862+0000][gc,cpu        ] GC(32) User=0.47s Sys=0.02s Real=0.08s
[2025-09-04T13:21:02.003+0000][gc,start      ] GC(33) Pause Young (Normal) (G1 Evacuation Pause)
[2025-09-04T13:21:02.010+0000][gc,task       ] GC(33) Using 8 workers of 8 for evacuation
[2025-09-04T13:21:02.064+0000][gc,mmu        ] GC(33) MMU target violated: 21.0ms (20.0ms/21.0ms)
[2025-09-04T13:21:02.064+0000][gc,phases     ] GC(33)   Pre Evacuate Collection Set: 8.5ms
[2025-09-04T13:21:02.064+0000][gc,phases     ] GC(33)   Evacuate Collection Set: 39.4ms
[2025-09-04T13:21:02.064+0000][gc,phases     ] GC(33)   Post Evacuate Collection Set: 1.2ms
[2025-09-04T13:21:02.064+0000][gc,phases     ] GC(33)   Other: 12.2ms
[2025-09-04T13:21:02.064+0000][gc,heap       ] GC(33) Eden regions: 47->0(46)
[2025-09-04T13:21:02.064+0000][gc,heap       ] GC(33) Survivor regions: 4->5(7)
[2025-09-04T13:21:02.064+0000][gc,heap       ] GC(33) Old regions: 42->42
[2025-09-04T13:21:02.064+0000][gc,heap       ] GC(33) Humongous regions: 129->129
[2025-09-04T13:21:02.064+0000][gc,metaspace  ] GC(33) Metaspace: 54209K(57136K)->54209K(57136K) NonClass: 47787K(49328K)->47787K(49328K) Class: 6422K(7808K)->6422K(7808K)
[2025-09-04T13:21:02.064+0000][gc            ] GC(33) Pause Young (Normal) (G1 Evacuation Pause) 220M->175M(1024M) 61.212ms
[2025-09-04T13:21:02.064+0000][gc,cpu        ] GC(33) User=0.30s Sys=0.01s Real=0.06s
[2025-09-04T13:23:44.203+0000][gc,start      ] GC(34) Pause Young (Normal) (G1 Evacuation Pause)
[2025-09-04T13:23:44.206+0000][gc,task       ] GC(34) Using 8 workers of 8 for evacuation
[2025-09-04T13:23:44.272+0000][gc,mmu        ] GC(34) MMU target violated: 21.0ms (20.0ms/21.0ms)
[2025-09-04T13:23:44.273+0000][gc,phases     ] GC(34)   Pre Evacuate Collection Set: 8.0ms
[2025-09-04T13:23:44.273+0000][gc,phases     ] GC(34)   Evacuate Collection Set: 55.3ms
[2025-09-04T13:23:44.273+0000][gc,phases     ] GC(34)   Post Evacuate Collection Set: 1.3ms
[2025-09-04T13:23:44.273+0000][gc,phases     ] GC(34)   Other: 5.0ms
[2025-09-04T13:23:44.273+0000][gc,heap       ] GC(34) Eden regions: 46->0(46)
[2025-09-04T13:23:44.273+0000][gc,heap       ] GC(34) Survivor regions: 5->5(7)
[2025-09-04T13:23:44.273+0000][gc,heap       ] GC(34) Old regions: 42->44
[2025-09-04T13:23:44.273+0000][gc,heap       ] GC(34) Humongous regions: 129->129
[2025-09-04T13:23:44.273+0000][gc,metaspace  ] GC(34) Metaspace: 54232K(57392K)->54232K(57392K) NonClass: 47810K(49584K)->47810K(49584K) Class: 6422K(7808K)->6422K(7808K)
[2025-09-04T13:23:44.273+0000][gc            ] GC(34) Pause Young (Normal) (G1 Evacuation Pause) 221M->177M(1024M) 70.044ms
[2025-09-04T13:23:44.274+0000][gc,cpu        ] GC(34) User=0.38s Sys=0.04s Real=0.07s
[2025-09-04T13:26:29.605+0000][gc,start      ] GC(35) Pause Young (Normal) (G1 Evacuation Pause)
[2025-09-04T13:26:29.608+0000][gc,task       ] GC(35) Using 8 workers of 8 for evacuation
[2025-09-04T13:26:29.657+0000][gc,mmu        ] GC(35) MMU target violated: 21.0ms (20.0ms/21.0ms)
[2025-09-04T13:26:29.657+0000][gc,phases     ] GC(35)   Pre Evacuate Collection Set: 9.3ms
[2025-09-04T13:26:29.658+0000][gc,phases     ] GC(35)   Evacuate Collection Set: 37.6ms
[2025-09-04T13:26:29.658+0000][gc,phases     ] GC(35)   Post Evacuate Collection Set: 1.2ms
[2025-09-04T13:26:29.658+0000][gc,phases     ] GC(35)   Other: 5.0ms
[2025-09-04T13:26:29.658+0000][gc,heap       ] GC(35) Eden regions: 46->0(46)
[2025-09-04T13:26:29.658+0000][gc,heap       ] GC(35) Survivor regions: 5->5(7)
[2025-09-04T13:26:29.658+0000][gc,heap       ] GC(35) Old regions: 44->45
[2025-09-04T13:26:29.658+0000][gc,heap       ] GC(35) Humongous regions: 129->129
[2025-09-04T13:26:29.658+0000][gc,metaspace  ] GC(35) Metaspace: 54244K(57392K)->54244K(57392K) NonClass: 47822K(49584K)->47822K(49584K) Class: 6422K(7808K)->6422K(7808K)
[2025-09-04T13:26:29.658+0000][gc            ] GC(35) Pause Young (Normal) (G1 Evacuation Pause) 223M->178M(1024M) 53.043ms
[2025-09-04T13:26:29.658+0000][gc,cpu        ] GC(35) User=0.22s Sys=0.07s Real=0.05s
[2025-09-04T13:29:16.691+0000][gc,start      ] GC(36) Pause Young (Normal) (G1 Evacuation Pause)
[2025-09-04T13:29:16.697+0000][gc,task       ] GC(36) Using 8 workers of 8 for evacuation
[2025-09-04T13:29:16.762+0000][gc,mmu        ] GC(36) MMU target violated: 21.0ms (20.0ms/21.0ms)
[2025-09-04T13:29:16.762+0000][gc,phases     ] GC(36)   Pre Evacuate Collection Set: 6.1ms
[2025-09-04T13:29:16.762+0000][gc,phases     ] GC(36)   Evacuate Collection Set: 54.9ms
[2025-09-04T13:29:16.762+0000][gc,phases     ] GC(36)   Post Evacuate Collection Set: 2.0ms
[2025-09-04T13:29:16.763+0000][gc,phases     ] GC(36)   Other: 8.1ms
[2025-09-04T13:29:16.763+0000][gc,heap       ] GC(36) Eden regions: 46->0(46)
[2025-09-04T13:29:16.763+0000][gc,heap       ] GC(36) Survivor regions: 5->5(7)
[2025-09-04T13:29:16.763+0000][gc,heap       ] GC(36) Old regions: 45->47
[2025-09-04T13:29:16.763+0000][gc,heap       ] GC(36) Humongous regions: 129->129
[2025-09-04T13:29:16.763+0000][gc,metaspace  ] GC(36) Metaspace: 54251K(57392K)->54251K(57392K) NonClass: 47829K(49584K)->47829K(49584K) Class: 6422K(7808K)->6422K(7808K)
[2025-09-04T13:29:16.763+0000][gc            ] GC(36) Pause Young (Normal) (G1 Evacuation Pause) 224M->179M(1024M) 71.708ms
[2025-09-04T13:29:16.763+0000][gc,cpu        ] GC(36) User=0.36s Sys=0.07s Real=0.07s
[2025-09-04T13:32:01.365+0000][gc,start      ] GC(37) Pause Young (Normal) (G1 Evacuation Pause)
[2025-09-04T13:32:01.366+0000][gc,task       ] GC(37) Using 8 workers of 8 for evacuation
[2025-09-04T13:32:01.411+0000][gc,mmu        ] GC(37) MMU target violated: 21.0ms (20.0ms/21.0ms)
[2025-09-04T13:32:01.411+0000][gc,phases     ] GC(37)   Pre Evacuate Collection Set: 4.5ms
[2025-09-04T13:32:01.411+0000][gc,phases     ] GC(37)   Evacuate Collection Set: 37.7ms
[2025-09-04T13:32:01.411+0000][gc,phases     ] GC(37)   Post Evacuate Collection Set: 1.7ms
[2025-09-04T13:32:01.412+0000][gc,phases     ] GC(37)   Other: 3.0ms
[2025-09-04T13:32:01.412+0000][gc,heap       ] GC(37) Eden regions: 46->0(46)
[2025-09-04T13:32:01.412+0000][gc,heap       ] GC(37) Survivor regions: 5->5(7)
[2025-09-04T13:32:01.412+0000][gc,heap       ] GC(37) Old regions: 47->49
[2025-09-04T13:32:01.412+0000][gc,heap       ] GC(37) Humongous regions: 129->129
[2025-09-04T13:32:01.412+0000][gc,metaspace  ] GC(37) Metaspace: 54265K(57392K)->54265K(57392K) NonClass: 47843K(49584K)->47843K(49584K) Class: 6422K(7808K)->6422K(7808K)
[2025-09-04T13:32:01.412+0000][gc            ] GC(37) Pause Young (Normal) (G1 Evacuation Pause) 225M->181M(1024M) 47.407ms
[2025-09-04T13:32:01.412+0000][gc,cpu        ] GC(37) User=0.29s Sys=0.01s Real=0.04s
[2025-09-04T13:34:47.978+0000][gc,start      ] GC(38) Pause Young (Normal) (G1 Evacuation Pause)
[2025-09-04T13:34:47.980+0000][gc,task       ] GC(38) Using 8 workers of 8 for evacuation
[2025-09-04T13:34:48.031+0000][gc,mmu        ] GC(38) MMU target violated: 21.0ms (20.0ms/21.0ms)
[2025-09-04T13:34:48.031+0000][gc,phases     ] GC(38)   Pre Evacuate Collection Set: 8.0ms
[2025-09-04T13:34:48.031+0000][gc,phases     ] GC(38)   Evacuate Collection Set: 38.2ms
[2025-09-04T13:34:48.031+0000][gc,phases     ] GC(38)   Post Evacuate Collection Set: 2.7ms
[2025-09-04T13:34:48.031+0000][gc,phases     ] GC(38)   Other: 4.5ms
[2025-09-04T13:34:48.031+0000][gc,heap       ] GC(38) Eden regions: 46->0(46)
[2025-09-04T13:34:48.032+0000][gc,heap       ] GC(38) Survivor regions: 5->5(7)
[2025-09-04T13:34:48.032+0000][gc,heap       ] GC(38) Old regions: 49->51
[2025-09-04T13:34:48.032+0000][gc,heap       ] GC(38) Humongous regions: 129->129
[2025-09-04T13:34:48.032+0000][gc,metaspace  ] GC(38) Metaspace: 54267K(57392K)->54267K(57392K) NonClass: 47845K(49584K)->47845K(49584K) Class: 6422K(7808K)->6422K(7808K)
[2025-09-04T13:34:48.032+0000][gc            ] GC(38) Pause Young (Normal) (G1 Evacuation Pause) 227M->183M(1024M) 54.185ms
[2025-09-04T13:34:48.032+0000][gc,cpu        ] GC(38) User=0.25s Sys=0.03s Real=0.06s
[2025-09-04T13:37:32.945+0000][gc,start      ] GC(39) Pause Young (Normal) (G1 Evacuation Pause)
[2025-09-04T13:37:32.947+0000][gc,task       ] GC(39) Using 8 workers of 8 for evacuation
[2025-09-04T13:37:33.004+0000][gc,mmu        ] GC(39) MMU target violated: 21.0ms (20.0ms/21.0ms)
[2025-09-04T13:37:33.005+0000][gc,phases     ] GC(39)   Pre Evacuate Collection Set: 8.3ms
[2025-09-04T13:37:33.005+0000][gc,phases     ] GC(39)   Evacuate Collection Set: 45.8ms
[2025-09-04T13:37:33.005+0000][gc,phases     ] GC(39)   Post Evacuate Collection Set: 1.5ms
[2025-09-04T13:37:33.005+0000][gc,phases     ] GC(39)   Other: 5.3ms
[2025-09-04T13:37:33.005+0000][gc,heap       ] GC(39) Eden regions: 46->0(46)
[2025-09-04T13:37:33.005+0000][gc,heap       ] GC(39) Survivor regions: 5->5(7)
[2025-09-04T13:37:33.005+0000][gc,heap       ] GC(39) Old regions: 51->52
[2025-09-04T13:37:33.005+0000][gc,heap       ] GC(39) Humongous regions: 129->129
[2025-09-04T13:37:33.005+0000][gc,metaspace  ] GC(39) Metaspace: 54276K(57392K)->54276K(57392K) NonClass: 47854K(49584K)->47854K(49584K) Class: 6422K(7808K)->6422K(7808K)
[2025-09-04T13:37:33.005+0000][gc            ] GC(39) Pause Young (Normal) (G1 Evacuation Pause) 229M->185M(1024M) 60.634ms
[2025-09-04T13:37:33.006+0000][gc,cpu        ] GC(39) User=0.32s Sys=0.02s Real=0.06s
[2025-09-04T13:40:19.527+0000][gc,start      ] GC(40) Pause Young (Normal) (G1 Evacuation Pause)
[2025-09-04T13:40:19.531+0000][gc,task       ] GC(40) Using 8 workers of 8 for evacuation
[2025-09-04T13:40:19.584+0000][gc,mmu        ] GC(40) MMU target violated: 21.0ms (20.0ms/21.0ms)
[2025-09-04T13:40:19.584+0000][gc,phases     ] GC(40)   Pre Evacuate Collection Set: 7.8ms
[2025-09-04T13:40:19.584+0000][gc,phases     ] GC(40)   Evacuate Collection Set: 42.3ms
[2025-09-04T13:40:19.584+0000][gc,phases     ] GC(40)   Post Evacuate Collection Set: 1.6ms
[2025-09-04T13:40:19.584+0000][gc,phases     ] GC(40)   Other: 5.5ms
[2025-09-04T13:40:19.585+0000][gc,heap       ] GC(40) Eden regions: 46->0(46)
[2025-09-04T13:40:19.585+0000][gc,heap       ] GC(40) Survivor regions: 5->5(7)
[2025-09-04T13:40:19.585+0000][gc,heap       ] GC(40) Old regions: 52->54
[2025-09-04T13:40:19.585+0000][gc,heap       ] GC(40) Humongous regions: 129->129
[2025-09-04T13:40:19.585+0000][gc,metaspace  ] GC(40) Metaspace: 54280K(57392K)->54280K(57392K) NonClass: 47858K(49584K)->47858K(49584K) Class: 6422K(7808K)->6422K(7808K)
[2025-09-04T13:40:19.585+0000][gc            ] GC(40) Pause Young (Normal) (G1 Evacuation Pause) 231M->186M(1024M) 57.853ms
[2025-09-04T13:40:19.585+0000][gc,cpu        ] GC(40) User=0.29s Sys=0.04s Real=0.06s
[2025-09-04T13:43:05.768+0000][gc,start      ] GC(41) Pause Young (Normal) (G1 Evacuation Pause)
[2025-09-04T13:43:05.771+0000][gc,task       ] GC(41) Using 8 workers of 8 for evacuation
[2025-09-04T13:43:05.829+0000][gc,mmu        ] GC(41) MMU target violated: 21.0ms (20.0ms/21.0ms)
[2025-09-04T13:43:05.830+0000][gc,phases     ] GC(41)   Pre Evacuate Collection Set: 8.4ms
[2025-09-04T13:43:05.830+0000][gc,phases     ] GC(41)   Evacuate Collection Set: 46.4ms
[2025-09-04T13:43:05.830+0000][gc,phases     ] GC(41)   Post Evacuate Collection Set: 1.8ms
[2025-09-04T13:43:05.830+0000][gc,phases     ] GC(41)   Other: 5.9ms
[2025-09-04T13:43:05.830+0000][gc,heap       ] GC(41) Eden regions: 46->0(46)
[2025-09-04T13:43:05.830+0000][gc,heap       ] GC(41) Survivor regions: 5->5(7)
[2025-09-04T13:43:05.830+0000][gc,heap       ] GC(41) Old regions: 54->56
[2025-09-04T13:43:05.830+0000][gc,heap       ] GC(41) Humongous regions: 129->129
[2025-09-04T13:43:05.830+0000][gc,metaspace  ] GC(41) Metaspace: 54283K(57392K)->54283K(57392K) NonClass: 47861K(49584K)->47861K(49584K) Class: 6422K(7808K)->6422K(7808K)
[2025-09-04T13:43:05.830+0000][gc            ] GC(41) Pause Young (Normal) (G1 Evacuation Pause) 232M->188M(1024M) 62.384ms
[2025-09-04T13:43:05.830+0000][gc,cpu        ] GC(41) User=0.34s Sys=0.01s Real=0.06s
[2025-09-04T13:45:51.949+0000][gc,start      ] GC(42) Pause Young (Normal) (G1 Evacuation Pause)
[2025-09-04T13:45:51.951+0000][gc,task       ] GC(42) Using 8 workers of 8 for evacuation
[2025-09-04T13:45:52.009+0000][gc,mmu        ] GC(42) MMU target violated: 21.0ms (20.0ms/21.0ms)
[2025-09-04T13:45:52.009+0000][gc,phases     ] GC(42)   Pre Evacuate Collection Set: 13.2ms
[2025-09-04T13:45:52.010+0000][gc,phases     ] GC(42)   Evacuate Collection Set: 42.7ms
[2025-09-04T13:45:52.010+0000][gc,phases     ] GC(42)   Post Evacuate Collection Set: 1.3ms
[2025-09-04T13:45:52.010+0000][gc,phases     ] GC(42)   Other: 3.5ms
[2025-09-04T13:45:52.010+0000][gc,heap       ] GC(42) Eden regions: 46->0(46)
[2025-09-04T13:45:52.010+0000][gc,heap       ] GC(42) Survivor regions: 5->5(7)
[2025-09-04T13:45:52.010+0000][gc,heap       ] GC(42) Old regions: 56->57
[2025-09-04T13:45:52.010+0000][gc,heap       ] GC(42) Humongous regions: 129->129
[2025-09-04T13:45:52.010+0000][gc,metaspace  ] GC(42) Metaspace: 54283K(57392K)->54283K(57392K) NonClass: 47861K(49584K)->47861K(49584K) Class: 6422K(7808K)->6422K(7808K)
[2025-09-04T13:45:52.011+0000][gc            ] GC(42) Pause Young (Normal) (G1 Evacuation Pause) 234M->190M(1024M) 61.577ms
[2025-09-04T13:45:52.011+0000][gc,cpu        ] GC(42) User=0.30s Sys=0.00s Real=0.06s
[2025-09-04T13:48:38.634+0000][gc,start      ] GC(43) Pause Young (Normal) (G1 Evacuation Pause)
[2025-09-04T13:48:38.637+0000][gc,task       ] GC(43) Using 8 workers of 8 for evacuation
[2025-09-04T13:48:38.694+0000][gc,mmu        ] GC(43) MMU target violated: 21.0ms (20.0ms/21.0ms)
[2025-09-04T13:48:38.695+0000][gc,phases     ] GC(43)   Pre Evacuate Collection Set: 10.7ms
[2025-09-04T13:48:38.695+0000][gc,phases     ] GC(43)   Evacuate Collection Set: 43.1ms
[2025-09-04T13:48:38.695+0000][gc,phases     ] GC(43)   Post Evacuate Collection Set: 1.9ms
[2025-09-04T13:48:38.695+0000][gc,phases     ] GC(43)   Other: 6.2ms
[2025-09-04T13:48:38.695+0000][gc,heap       ] GC(43) Eden regions: 46->0(47)
[2025-09-04T13:48:38.695+0000][gc,heap       ] GC(43) Survivor regions: 5->4(7)
[2025-09-04T13:48:38.696+0000][gc,heap       ] GC(43) Old regions: 57->59
[2025-09-04T13:48:38.696+0000][gc,heap       ] GC(43) Humongous regions: 129->129
[2025-09-04T13:48:38.696+0000][gc,metaspace  ] GC(43) Metaspace: 54284K(57392K)->54284K(57392K) NonClass: 47862K(49584K)->47862K(49584K) Class: 6422K(7808K)->6422K(7808K)
[2025-09-04T13:48:38.696+0000][gc            ] GC(43) Pause Young (Normal) (G1 Evacuation Pause) 236M->191M(1024M) 62.298ms
[2025-09-04T13:48:38.696+0000][gc,cpu        ] GC(43) User=0.34s Sys=0.00s Real=0.06s
[2025-09-04T13:54:48.582+0000][gc,start      ] GC(44) Pause Young (Normal) (G1 Evacuation Pause)
[2025-09-04T13:54:48.586+0000][gc,task       ] GC(44) Using 8 workers of 8 for evacuation
[2025-09-04T13:54:48.669+0000][gc,mmu        ] GC(44) MMU target violated: 21.0ms (20.0ms/21.0ms)
[2025-09-04T13:54:48.670+0000][gc,phases     ] GC(44)   Pre Evacuate Collection Set: 11.5ms
[2025-09-04T13:54:48.670+0000][gc,phases     ] GC(44)   Evacuate Collection Set: 67.1ms
[2025-09-04T13:54:48.670+0000][gc,phases     ] GC(44)   Post Evacuate Collection Set: 2.1ms
[2025-09-04T13:54:48.670+0000][gc,phases     ] GC(44)   Other: 7.5ms
[2025-09-04T13:54:48.670+0000][gc,heap       ] GC(44) Eden regions: 47->0(46)
[2025-09-04T13:54:48.670+0000][gc,heap       ] GC(44) Survivor regions: 4->5(7)
[2025-09-04T13:54:48.670+0000][gc,heap       ] GC(44) Old regions: 59->61
[2025-09-04T13:54:48.670+0000][gc,heap       ] GC(44) Humongous regions: 129->129
[2025-09-04T13:54:48.671+0000][gc,metaspace  ] GC(44) Metaspace: 54284K(57392K)->54284K(57392K) NonClass: 47862K(49584K)->47862K(49584K) Class: 6422K(7808K)->6422K(7808K)
[2025-09-04T13:54:48.671+0000][gc            ] GC(44) Pause Young (Normal) (G1 Evacuation Pause) 238M->193M(1024M) 88.554ms
[2025-09-04T13:54:48.671+0000][gc,cpu        ] GC(44) User=0.50s Sys=0.02s Real=0.09s
[2025-09-04T13:57:33.319+0000][gc,start      ] GC(45) Pause Young (Normal) (G1 Evacuation Pause)
[2025-09-04T13:57:33.324+0000][gc,task       ] GC(45) Using 8 workers of 8 for evacuation
[2025-09-04T13:57:33.373+0000][gc,mmu        ] GC(45) MMU target violated: 21.0ms (20.0ms/21.0ms)
[2025-09-04T13:57:33.373+0000][gc,phases     ] GC(45)   Pre Evacuate Collection Set: 10.9ms
[2025-09-04T13:57:33.373+0000][gc,phases     ] GC(45)   Evacuate Collection Set: 34.7ms
[2025-09-04T13:57:33.373+0000][gc,phases     ] GC(45)   Post Evacuate Collection Set: 1.5ms
[2025-09-04T13:57:33.373+0000][gc,phases     ] GC(45)   Other: 9.0ms
[2025-09-04T13:57:33.374+0000][gc,heap       ] GC(45) Eden regions: 46->0(47)
[2025-09-04T13:57:33.374+0000][gc,heap       ] GC(45) Survivor regions: 5->4(7)
[2025-09-04T13:57:33.374+0000][gc,heap       ] GC(45) Old regions: 61->63
[2025-09-04T13:57:33.374+0000][gc,heap       ] GC(45) Humongous regions: 129->129
[2025-09-04T13:57:33.375+0000][gc,metaspace  ] GC(45) Metaspace: 54284K(57392K)->54284K(57392K) NonClass: 47862K(49584K)->47862K(49584K) Class: 6422K(7808K)->6422K(7808K)
[2025-09-04T13:57:33.375+0000][gc            ] GC(45) Pause Young (Normal) (G1 Evacuation Pause) 239M->195M(1024M) 55.931ms
[2025-09-04T13:57:33.375+0000][gc,cpu        ] GC(45) User=0.27s Sys=0.01s Real=0.06s
[2025-09-04T14:00:23.298+0000][gc,start      ] GC(46) Pause Young (Normal) (G1 Evacuation Pause)
[2025-09-04T14:00:23.301+0000][gc,task       ] GC(46) Using 8 workers of 8 for evacuation
[2025-09-04T14:00:23.363+0000][gc,mmu        ] GC(46) MMU target violated: 21.0ms (20.0ms/21.0ms)
[2025-09-04T14:00:23.363+0000][gc,phases     ] GC(46)   Pre Evacuate Collection Set: 13.0ms
[2025-09-04T14:00:23.363+0000][gc,phases     ] GC(46)   Evacuate Collection Set: 45.8ms
[2025-09-04T14:00:23.364+0000][gc,phases     ] GC(46)   Post Evacuate Collection Set: 1.4ms
[2025-09-04T14:00:23.364+0000][gc,phases     ] GC(46)   Other: 5.7ms
[2025-09-04T14:00:23.364+0000][gc,heap       ] GC(46) Eden regions: 47->0(46)
[2025-09-04T14:00:23.364+0000][gc,heap       ] GC(46) Survivor regions: 4->5(7)
[2025-09-04T14:00:23.364+0000][gc,heap       ] GC(46) Old regions: 63->64
[2025-09-04T14:00:23.364+0000][gc,heap       ] GC(46) Humongous regions: 129->129
[2025-09-04T14:00:23.364+0000][gc,metaspace  ] GC(46) Metaspace: 54285K(57392K)->54285K(57392K) NonClass: 47863K(49584K)->47863K(49584K) Class: 6422K(7808K)->6422K(7808K)
[2025-09-04T14:00:23.364+0000][gc            ] GC(46) Pause Young (Normal) (G1 Evacuation Pause) 242M->197M(1024M) 65.891ms
[2025-09-04T14:00:23.364+0000][gc,cpu        ] GC(46) User=0.35s Sys=0.03s Real=0.06s
[2025-09-04T14:03:08.821+0000][gc,start      ] GC(47) Pause Young (Normal) (G1 Evacuation Pause)
[2025-09-04T14:03:08.824+0000][gc,task       ] GC(47) Using 8 workers of 8 for evacuation
[2025-09-04T14:03:08.877+0000][gc,mmu        ] GC(47) MMU target violated: 21.0ms (20.0ms/21.0ms)
[2025-09-04T14:03:08.877+0000][gc,phases     ] GC(47)   Pre Evacuate Collection Set: 5.3ms
[2025-09-04T14:03:08.878+0000][gc,phases     ] GC(47)   Evacuate Collection Set: 43.8ms
[2025-09-04T14:03:08.879+0000][gc,phases     ] GC(47)   Post Evacuate Collection Set: 2.7ms
[2025-09-04T14:03:08.879+0000][gc,phases     ] GC(47)   Other: 4.9ms
[2025-09-04T14:03:08.880+0000][gc,heap       ] GC(47) Eden regions: 46->0(47)
[2025-09-04T14:03:08.881+0000][gc,heap       ] GC(47) Survivor regions: 5->4(7)
[2025-09-04T14:03:08.881+0000][gc,heap       ] GC(47) Old regions: 64->66
[2025-09-04T14:03:08.882+0000][gc,heap       ] GC(47) Humongous regions: 129->129
[2025-09-04T14:03:08.882+0000][gc,metaspace  ] GC(47) Metaspace: 54285K(57392K)->54285K(57392K) NonClass: 47863K(49584K)->47863K(49584K) Class: 6422K(7808K)->6422K(7808K)
[2025-09-04T14:03:08.882+0000][gc            ] GC(47) Pause Young (Normal) (G1 Evacuation Pause) 243M->198M(1024M) 60.819ms
[2025-09-04T14:03:08.882+0000][gc,cpu        ] GC(47) User=0.31s Sys=0.04s Real=0.06s
[2025-09-04T14:05:55.853+0000][gc,start      ] GC(48) Pause Young (Normal) (G1 Evacuation Pause)
[2025-09-04T14:05:55.856+0000][gc,task       ] GC(48) Using 8 workers of 8 for evacuation
[2025-09-04T14:05:55.932+0000][gc,mmu        ] GC(48) MMU target violated: 21.0ms (20.0ms/21.0ms)
[2025-09-04T14:05:55.932+0000][gc,phases     ] GC(48)   Pre Evacuate Collection Set: 22.6ms
[2025-09-04T14:05:55.932+0000][gc,phases     ] GC(48)   Evacuate Collection Set: 50.1ms
[2025-09-04T14:05:55.932+0000][gc,phases     ] GC(48)   Post Evacuate Collection Set: 1.5ms
[2025-09-04T14:05:55.932+0000][gc,phases     ] GC(48)   Other: 5.7ms
[2025-09-04T14:05:55.932+0000][gc,heap       ] GC(48) Eden regions: 47->0(46)
[2025-09-04T14:05:55.933+0000][gc,heap       ] GC(48) Survivor regions: 4->5(7)
[2025-09-04T14:05:55.933+0000][gc,heap       ] GC(48) Old regions: 66->68
[2025-09-04T14:05:55.933+0000][gc,heap       ] GC(48) Humongous regions: 129->129
[2025-09-04T14:05:55.933+0000][gc,metaspace  ] GC(48) Metaspace: 54290K(57392K)->54290K(57392K) NonClass: 47868K(49584K)->47868K(49584K) Class: 6422K(7808K)->6422K(7808K)
[2025-09-04T14:05:55.933+0000][gc            ] GC(48) Pause Young (Normal) (G1 Evacuation Pause) 245M->200M(1024M) 79.888ms
[2025-09-04T14:05:55.933+0000][gc,cpu        ] GC(48) User=0.31s Sys=0.00s Real=0.08s
[2025-09-04T14:08:41.944+0000][gc,start      ] GC(49) Pause Young (Normal) (G1 Evacuation Pause)
[2025-09-04T14:08:41.949+0000][gc,task       ] GC(49) Using 8 workers of 8 for evacuation
[2025-09-04T14:08:42.001+0000][gc,mmu        ] GC(49) MMU target violated: 21.0ms (20.0ms/21.0ms)
[2025-09-04T14:08:42.001+0000][gc,phases     ] GC(49)   Pre Evacuate Collection Set: 5.4ms
[2025-09-04T14:08:42.001+0000][gc,phases     ] GC(49)   Evacuate Collection Set: 42.3ms
[2025-09-04T14:08:42.001+0000][gc,phases     ] GC(49)   Post Evacuate Collection Set: 1.6ms
[2025-09-04T14:08:42.001+0000][gc,phases     ] GC(49)   Other: 7.7ms
[2025-09-04T14:08:42.001+0000][gc,heap       ] GC(49) Eden regions: 46->0(46)
[2025-09-04T14:08:42.001+0000][gc,heap       ] GC(49) Survivor regions: 5->5(7)
[2025-09-04T14:08:42.002+0000][gc,heap       ] GC(49) Old regions: 68->69
[2025-09-04T14:08:42.002+0000][gc,heap       ] GC(49) Humongous regions: 129->129
[2025-09-04T14:08:42.002+0000][gc,metaspace  ] GC(49) Metaspace: 54292K(57392K)->54292K(57392K) NonClass: 47869K(49584K)->47869K(49584K) Class: 6422K(7808K)->6422K(7808K)
[2025-09-04T14:08:42.002+0000][gc            ] GC(49) Pause Young (Normal) (G1 Evacuation Pause) 246M->202M(1024M) 57.717ms
[2025-09-04T14:08:42.002+0000][gc,cpu        ] GC(49) User=0.34s Sys=0.00s Real=0.06s
[2025-09-04T14:11:27.793+0000][gc,start      ] GC(50) Pause Young (Normal) (G1 Evacuation Pause)
[2025-09-04T14:11:27.797+0000][gc,task       ] GC(50) Using 8 workers of 8 for evacuation
[2025-09-04T14:11:27.849+0000][gc,mmu        ] GC(50) MMU target violated: 21.0ms (20.0ms/21.0ms)
[2025-09-04T14:11:27.850+0000][gc,phases     ] GC(50)   Pre Evacuate Collection Set: 7.1ms
[2025-09-04T14:11:27.850+0000][gc,phases     ] GC(50)   Evacuate Collection Set: 41.2ms
[2025-09-04T14:11:27.850+0000][gc,phases     ] GC(50)   Post Evacuate Collection Set: 2.2ms
[2025-09-04T14:11:27.850+0000][gc,phases     ] GC(50)   Other: 6.4ms
[2025-09-04T14:11:27.850+0000][gc,heap       ] GC(50) Eden regions: 46->0(47)
[2025-09-04T14:11:27.850+0000][gc,heap       ] GC(50) Survivor regions: 5->4(7)
[2025-09-04T14:11:27.850+0000][gc,heap       ] GC(50) Old regions: 69->72
[2025-09-04T14:11:27.850+0000][gc,heap       ] GC(50) Humongous regions: 129->129
[2025-09-04T14:11:27.851+0000][gc,metaspace  ] GC(50) Metaspace: 54292K(57392K)->54292K(57392K) NonClass: 47870K(49584K)->47870K(49584K) Class: 6422K(7808K)->6422K(7808K)
[2025-09-04T14:11:27.851+0000][gc            ] GC(50) Pause Young (Normal) (G1 Evacuation Pause) 248M->204M(1024M) 57.191ms
[2025-09-04T14:11:27.851+0000][gc,cpu        ] GC(50) User=0.29s Sys=0.03s Real=0.06s
[2025-09-04T14:14:18.600+0000][gc,start      ] GC(51) Pause Young (Normal) (G1 Evacuation Pause)
[2025-09-04T14:14:18.605+0000][gc,task       ] GC(51) Using 8 workers of 8 for evacuation
[2025-09-04T14:14:18.651+0000][gc,mmu        ] GC(51) MMU target violated: 21.0ms (20.0ms/21.0ms)
[2025-09-04T14:14:18.651+0000][gc,phases     ] GC(51)   Pre Evacuate Collection Set: 4.3ms
[2025-09-04T14:14:18.651+0000][gc,phases     ] GC(51)   Evacuate Collection Set: 27.4ms
[2025-09-04T14:14:18.651+0000][gc,phases     ] GC(51)   Post Evacuate Collection Set: 2.9ms
[2025-09-04T14:14:18.651+0000][gc,phases     ] GC(51)   Other: 17.5ms
[2025-09-04T14:14:18.652+0000][gc,heap       ] GC(51) Eden regions: 47->0(45)
[2025-09-04T14:14:18.652+0000][gc,heap       ] GC(51) Survivor regions: 4->6(7)
[2025-09-04T14:14:18.652+0000][gc,heap       ] GC(51) Old regions: 72->72
[2025-09-04T14:14:18.652+0000][gc,heap       ] GC(51) Humongous regions: 129->129
[2025-09-04T14:14:18.652+0000][gc,metaspace  ] GC(51) Metaspace: 54293K(57392K)->54293K(57392K) NonClass: 47871K(49584K)->47871K(49584K) Class: 6422K(7808K)->6422K(7808K)
[2025-09-04T14:14:18.652+0000][gc            ] GC(51) Pause Young (Normal) (G1 Evacuation Pause) 251M->205M(1024M) 52.021ms
[2025-09-04T14:14:18.652+0000][gc,cpu        ] GC(51) User=0.20s Sys=0.00s Real=0.05s
[2025-09-04T14:17:01.616+0000][gc,start      ] GC(52) Pause Young (Normal) (G1 Evacuation Pause)
[2025-09-04T14:17:01.619+0000][gc,task       ] GC(52) Using 8 workers of 8 for evacuation
[2025-09-04T14:17:01.678+0000][gc,mmu        ] GC(52) MMU target violated: 21.0ms (20.0ms/21.0ms)
[2025-09-04T14:17:01.678+0000][gc,phases     ] GC(52)   Pre Evacuate Collection Set: 8.1ms
[2025-09-04T14:17:01.678+0000][gc,phases     ] GC(52)   Evacuate Collection Set: 47.6ms
[2025-09-04T14:17:01.678+0000][gc,phases     ] GC(52)   Post Evacuate Collection Set: 1.5ms
[2025-09-04T14:17:01.678+0000][gc,phases     ] GC(52)   Other: 4.9ms
[2025-09-04T14:17:01.678+0000][gc,heap       ] GC(52) Eden regions: 45->0(47)
[2025-09-04T14:17:01.678+0000][gc,heap       ] GC(52) Survivor regions: 6->4(7)
[2025-09-04T14:17:01.678+0000][gc,heap       ] GC(52) Old regions: 72->75
[2025-09-04T14:17:01.678+0000][gc,heap       ] GC(52) Humongous regions: 129->129
[2025-09-04T14:17:01.679+0000][gc,metaspace  ] GC(52) Metaspace: 54294K(57392K)->54294K(57392K) NonClass: 47872K(49584K)->47872K(49584K) Class: 6422K(7808K)->6422K(7808K)
[2025-09-04T14:17:01.679+0000][gc            ] GC(52) Pause Young (Normal) (G1 Evacuation Pause) 250M->207M(1024M) 62.409ms
[2025-09-04T14:17:01.679+0000][gc,cpu        ] GC(52) User=0.31s Sys=0.05s Real=0.07s
[2025-09-04T14:19:41.083+0000][gc,start      ] GC(53) Pause Young (Normal) (G1 Evacuation Pause)
[2025-09-04T14:19:41.091+0000][gc,task       ] GC(53) Using 8 workers of 8 for evacuation
[2025-09-04T14:19:41.163+0000][gc,mmu        ] GC(53) MMU target violated: 21.0ms (20.0ms/21.0ms)
[2025-09-04T14:19:41.163+0000][gc,phases     ] GC(53)   Pre Evacuate Collection Set: 6.4ms
[2025-09-04T14:19:41.163+0000][gc,phases     ] GC(53)   Evacuate Collection Set: 62.0ms
[2025-09-04T14:19:41.163+0000][gc,phases     ] GC(53)   Post Evacuate Collection Set: 2.4ms
[2025-09-04T14:19:41.163+0000][gc,phases     ] GC(53)   Other: 9.5ms
[2025-09-04T14:19:41.163+0000][gc,heap       ] GC(53) Eden regions: 47->0(46)
[2025-09-04T14:19:41.163+0000][gc,heap       ] GC(53) Survivor regions: 4->5(7)
[2025-09-04T14:19:41.163+0000][gc,heap       ] GC(53) Old regions: 75->77
[2025-09-04T14:19:41.163+0000][gc,heap       ] GC(53) Humongous regions: 129->129
[2025-09-04T14:19:41.163+0000][gc,metaspace  ] GC(53) Metaspace: 54301K(57392K)->54301K(57392K) NonClass: 47879K(49584K)->47879K(49584K) Class: 6422K(7808K)->6422K(7808K)
[2025-09-04T14:19:41.163+0000][gc            ] GC(53) Pause Young (Normal) (G1 Evacuation Pause) 254M->210M(1024M) 80.380ms
[2025-09-04T14:19:41.163+0000][gc,cpu        ] GC(53) User=0.30s Sys=0.19s Real=0.08s
[2025-09-04T14:22:57.999+0000][gc,start      ] GC(54) Pause Young (Normal) (G1 Evacuation Pause)
[2025-09-04T14:22:58.004+0000][gc,task       ] GC(54) Using 8 workers of 8 for evacuation
[2025-09-04T14:22:58.046+0000][gc,mmu        ] GC(54) MMU target violated: 21.0ms (20.0ms/21.0ms)
[2025-09-04T14:22:58.046+0000][gc,phases     ] GC(54)   Pre Evacuate Collection Set: 6.1ms
[2025-09-04T14:22:58.046+0000][gc,phases     ] GC(54)   Evacuate Collection Set: 32.6ms
[2025-09-04T14:22:58.047+0000][gc,phases     ] GC(54)   Post Evacuate Collection Set: 1.7ms
[2025-09-04T14:22:58.047+0000][gc,phases     ] GC(54)   Other: 7.1ms
[2025-09-04T14:22:58.047+0000][gc,heap       ] GC(54) Eden regions: 46->0(47)
[2025-09-04T14:22:58.047+0000][gc,heap       ] GC(54) Survivor regions: 5->4(7)
[2025-09-04T14:22:58.047+0000][gc,heap       ] GC(54) Old regions: 77->78
[2025-09-04T14:22:58.047+0000][gc,heap       ] GC(54) Humongous regions: 129->129
[2025-09-04T14:22:58.047+0000][gc,metaspace  ] GC(54) Metaspace: 54302K(57392K)->54302K(57392K) NonClass: 47880K(49584K)->47880K(49584K) Class: 6422K(7808K)->6422K(7808K)
[2025-09-04T14:22:58.047+0000][gc            ] GC(54) Pause Young (Normal) (G1 Evacuation Pause) 256M->210M(1024M) 48.253ms
[2025-09-04T14:22:58.048+0000][gc,cpu        ] GC(54) User=0.25s Sys=0.01s Real=0.05s
[2025-09-04T14:55:03.158+0000][gc,start      ] GC(55) Pause Young (Normal) (G1 Evacuation Pause)
[2025-09-04T14:55:03.165+0000][gc,task       ] GC(55) Using 8 workers of 8 for evacuation
[2025-09-04T14:55:03.216+0000][gc,mmu        ] GC(55) MMU target violated: 21.0ms (20.0ms/21.0ms)
[2025-09-04T14:55:03.217+0000][gc,phases     ] GC(55)   Pre Evacuate Collection Set: 10.0ms
[2025-09-04T14:55:03.217+0000][gc,phases     ] GC(55)   Evacuate Collection Set: 37.9ms
[2025-09-04T14:55:03.217+0000][gc,phases     ] GC(55)   Post Evacuate Collection Set: 2.5ms
[2025-09-04T14:55:03.217+0000][gc,phases     ] GC(55)   Other: 9.8ms
[2025-09-04T14:55:03.217+0000][gc,heap       ] GC(55) Eden regions: 47->0(48)
[2025-09-04T14:55:03.217+0000][gc,heap       ] GC(55) Survivor regions: 4->3(7)
[2025-09-04T14:55:03.217+0000][gc,heap       ] GC(55) Old regions: 78->80
[2025-09-04T14:55:03.218+0000][gc,heap       ] GC(55) Humongous regions: 129->129
[2025-09-04T14:55:03.218+0000][gc,metaspace  ] GC(55) Metaspace: 54302K(57392K)->54302K(57392K) NonClass: 47880K(49584K)->47880K(49584K) Class: 6422K(7808K)->6422K(7808K)
[2025-09-04T14:55:03.218+0000][gc            ] GC(55) Pause Young (Normal) (G1 Evacuation Pause) 257M->211M(1024M) 59.700ms
[2025-09-04T14:55:03.218+0000][gc,cpu        ] GC(55) User=0.31s Sys=0.00s Real=0.06s
[2025-09-04T15:18:17.376+0000][gc,start      ] GC(56) Pause Young (Normal) (G1 Evacuation Pause)
[2025-09-04T15:18:17.382+0000][gc,task       ] GC(56) Using 8 workers of 8 for evacuation
[2025-09-04T15:18:17.442+0000][gc,mmu        ] GC(56) MMU target violated: 21.0ms (20.0ms/21.0ms)
[2025-09-04T15:18:17.443+0000][gc,phases     ] GC(56)   Pre Evacuate Collection Set: 9.1ms
[2025-09-04T15:18:17.443+0000][gc,phases     ] GC(56)   Evacuate Collection Set: 43.2ms
[2025-09-04T15:18:17.443+0000][gc,phases     ] GC(56)   Post Evacuate Collection Set: 3.4ms
[2025-09-04T15:18:17.443+0000][gc,phases     ] GC(56)   Other: 11.0ms
[2025-09-04T15:18:17.443+0000][gc,heap       ] GC(56) Eden regions: 48->0(46)
[2025-09-04T15:18:17.443+0000][gc,heap       ] GC(56) Survivor regions: 3->5(7)
[2025-09-04T15:18:17.443+0000][gc,heap       ] GC(56) Old regions: 80->80
[2025-09-04T15:18:17.443+0000][gc,heap       ] GC(56) Humongous regions: 129->129
[2025-09-04T15:18:17.443+0000][gc,metaspace  ] GC(56) Metaspace: 54303K(57392K)->54303K(57392K) NonClass: 47881K(49584K)->47881K(49584K) Class: 6422K(7808K)->6422K(7808K)
[2025-09-04T15:18:17.443+0000][gc            ] GC(56) Pause Young (Normal) (G1 Evacuation Pause) 259M->213M(1024M) 67.168ms
[2025-09-04T15:18:17.444+0000][gc,cpu        ] GC(56) User=0.35s Sys=0.00s Real=0.07s
[2025-09-04T15:21:03.934+0000][gc,start      ] GC(57) Pause Young (Normal) (G1 Evacuation Pause)
[2025-09-04T15:21:03.940+0000][gc,task       ] GC(57) Using 8 workers of 8 for evacuation
[2025-09-04T15:21:03.986+0000][gc,mmu        ] GC(57) MMU target violated: 21.0ms (20.0ms/21.0ms)
[2025-09-04T15:21:03.987+0000][gc,phases     ] GC(57)   Pre Evacuate Collection Set: 18.1ms
[2025-09-04T15:21:03.987+0000][gc,phases     ] GC(57)   Evacuate Collection Set: 25.2ms
[2025-09-04T15:21:03.987+0000][gc,phases     ] GC(57)   Post Evacuate Collection Set: 1.7ms
[2025-09-04T15:21:03.987+0000][gc,phases     ] GC(57)   Other: 8.4ms
[2025-09-04T15:21:03.987+0000][gc,heap       ] GC(57) Eden regions: 46->0(46)
[2025-09-04T15:21:03.987+0000][gc,heap       ] GC(57) Survivor regions: 5->5(7)
[2025-09-04T15:21:03.987+0000][gc,heap       ] GC(57) Old regions: 80->81
[2025-09-04T15:21:03.988+0000][gc,heap       ] GC(57) Humongous regions: 129->129
[2025-09-04T15:21:03.988+0000][gc,metaspace  ] GC(57) Metaspace: 54312K(57392K)->54312K(57392K) NonClass: 47889K(49584K)->47889K(49584K) Class: 6422K(7808K)->6422K(7808K)
[2025-09-04T15:21:03.988+0000][gc            ] GC(57) Pause Young (Normal) (G1 Evacuation Pause) 259M->214M(1024M) 53.801ms
[2025-09-04T15:21:03.988+0000][gc,cpu        ] GC(57) User=0.21s Sys=0.00s Real=0.05s
[2025-09-04T15:23:48.846+0000][gc,start      ] GC(58) Pause Young (Normal) (G1 Evacuation Pause)
[2025-09-04T15:23:48.848+0000][gc,task       ] GC(58) Using 8 workers of 8 for evacuation
[2025-09-04T15:23:48.895+0000][gc,mmu        ] GC(58) MMU target violated: 21.0ms (20.0ms/21.0ms)
[2025-09-04T15:23:48.895+0000][gc,phases     ] GC(58)   Pre Evacuate Collection Set: 8.3ms
[2025-09-04T15:23:48.896+0000][gc,phases     ] GC(58)   Evacuate Collection Set: 33.1ms
[2025-09-04T15:23:48.896+0000][gc,phases     ] GC(58)   Post Evacuate Collection Set: 1.8ms
[2025-09-04T15:23:48.896+0000][gc,phases     ] GC(58)   Other: 6.4ms
[2025-09-04T15:23:48.896+0000][gc,heap       ] GC(58) Eden regions: 46->0(45)
[2025-09-04T15:23:48.896+0000][gc,heap       ] GC(58) Survivor regions: 5->6(7)
[2025-09-04T15:23:48.896+0000][gc,heap       ] GC(58) Old regions: 81->82
[2025-09-04T15:23:48.896+0000][gc,heap       ] GC(58) Humongous regions: 129->129
[2025-09-04T15:23:48.896+0000][gc,metaspace  ] GC(58) Metaspace: 54312K(57392K)->54312K(57392K) NonClass: 47890K(49584K)->47890K(49584K) Class: 6422K(7808K)->6422K(7808K)
[2025-09-04T15:23:48.897+0000][gc            ] GC(58) Pause Young (Normal) (G1 Evacuation Pause) 260M->215M(1024M) 50.350ms
[2025-09-04T15:23:48.897+0000][gc,cpu        ] GC(58) User=0.25s Sys=0.02s Real=0.05s
[2025-09-04T15:41:34.042+0000][gc,start      ] GC(59) Pause Young (Normal) (G1 Evacuation Pause)
[2025-09-04T15:41:34.044+0000][gc,task       ] GC(59) Using 8 workers of 8 for evacuation
[2025-09-04T15:41:34.133+0000][gc,mmu        ] GC(59) MMU target violated: 21.0ms (20.0ms/21.0ms)
[2025-09-04T15:41:34.133+0000][gc,phases     ] GC(59)   Pre Evacuate Collection Set: 8.2ms
[2025-09-04T15:41:34.133+0000][gc,phases     ] GC(59)   Evacuate Collection Set: 77.2ms
[2025-09-04T15:41:34.133+0000][gc,phases     ] GC(59)   Post Evacuate Collection Set: 1.3ms
[2025-09-04T15:41:34.133+0000][gc,phases     ] GC(59)   Other: 6.2ms
[2025-09-04T15:41:34.133+0000][gc,heap       ] GC(59) Eden regions: 45->0(44)
[2025-09-04T15:41:34.133+0000][gc,heap       ] GC(59) Survivor regions: 6->7(7)
[2025-09-04T15:41:34.133+0000][gc,heap       ] GC(59) Old regions: 82->85
[2025-09-04T15:41:34.133+0000][gc,heap       ] GC(59) Humongous regions: 129->129
[2025-09-04T15:41:34.133+0000][gc,metaspace  ] GC(59) Metaspace: 54315K(57392K)->54315K(57392K) NonClass: 47893K(49584K)->47893K(49584K) Class: 6422K(7808K)->6422K(7808K)
[2025-09-04T15:41:34.133+0000][gc            ] GC(59) Pause Young (Normal) (G1 Evacuation Pause) 260M->220M(1024M) 91.587ms
[2025-09-04T15:41:34.133+0000][gc,cpu        ] GC(59) User=0.57s Sys=0.01s Real=0.09s
[2025-09-04T16:19:04.632+0000][gc,start      ] GC(60) Pause Young (Normal) (G1 Evacuation Pause)
[2025-09-04T16:19:04.637+0000][gc,task       ] GC(60) Using 8 workers of 8 for evacuation
[2025-09-04T16:19:04.698+0000][gc,mmu        ] GC(60) MMU target violated: 21.0ms (20.0ms/21.0ms)
[2025-09-04T16:19:04.698+0000][gc,phases     ] GC(60)   Pre Evacuate Collection Set: 7.4ms
[2025-09-04T16:19:04.699+0000][gc,phases     ] GC(60)   Evacuate Collection Set: 41.9ms
[2025-09-04T16:19:04.699+0000][gc,phases     ] GC(60)   Post Evacuate Collection Set: 2.6ms
[2025-09-04T16:19:04.700+0000][gc,phases     ] GC(60)   Other: 15.2ms
[2025-09-04T16:19:04.700+0000][gc,heap       ] GC(60) Eden regions: 44->0(46)
[2025-09-04T16:19:04.700+0000][gc,heap       ] GC(60) Survivor regions: 7->5(7)
[2025-09-04T16:19:04.700+0000][gc,heap       ] GC(60) Old regions: 85->89
[2025-09-04T16:19:04.700+0000][gc,heap       ] GC(60) Humongous regions: 129->129
[2025-09-04T16:19:04.700+0000][gc,metaspace  ] GC(60) Metaspace: 54319K(57392K)->54319K(57392K) NonClass: 47897K(49584K)->47897K(49584K) Class: 6422K(7808K)->6422K(7808K)
[2025-09-04T16:19:04.700+0000][gc            ] GC(60) Pause Young (Normal) (G1 Evacuation Pause) 264M->222M(1024M) 68.289ms
[2025-09-04T16:19:04.700+0000][gc,cpu        ] GC(60) User=0.35s Sys=0.00s Real=0.07s
[2025-09-04T16:21:52.349+0000][gc,start      ] GC(61) Pause Young (Normal) (G1 Evacuation Pause)
[2025-09-04T16:21:52.352+0000][gc,task       ] GC(61) Using 8 workers of 8 for evacuation
[2025-09-04T16:21:52.427+0000][gc,mmu        ] GC(61) MMU target violated: 21.0ms (20.0ms/21.0ms)
[2025-09-04T16:21:52.427+0000][gc,phases     ] GC(61)   Pre Evacuate Collection Set: 7.3ms
[2025-09-04T16:21:52.427+0000][gc,phases     ] GC(61)   Evacuate Collection Set: 63.5ms
[2025-09-04T16:21:52.427+0000][gc,phases     ] GC(61)   Post Evacuate Collection Set: 1.8ms
[2025-09-04T16:21:52.427+0000][gc,phases     ] GC(61)   Other: 5.9ms
[2025-09-04T16:21:52.427+0000][gc,heap       ] GC(61) Eden regions: 46->0(46)
[2025-09-04T16:21:52.427+0000][gc,heap       ] GC(61) Survivor regions: 5->5(7)
[2025-09-04T16:21:52.428+0000][gc,heap       ] GC(61) Old regions: 89->91
[2025-09-04T16:21:52.428+0000][gc,heap       ] GC(61) Humongous regions: 129->129
[2025-09-04T16:21:52.428+0000][gc,metaspace  ] GC(61) Metaspace: 54320K(57392K)->54320K(57392K) NonClass: 47898K(49584K)->47898K(49584K) Class: 6422K(7808K)->6422K(7808K)
[2025-09-04T16:21:52.428+0000][gc            ] GC(61) Pause Young (Normal) (G1 Evacuation Pause) 268M->224M(1024M) 78.642ms
[2025-09-04T16:21:52.428+0000][gc,cpu        ] GC(61) User=0.47s Sys=0.01s Real=0.08s
[2025-09-04T16:24:37.609+0000][gc,start      ] GC(62) Pause Young (Normal) (G1 Evacuation Pause)
[2025-09-04T16:24:37.611+0000][gc,task       ] GC(62) Using 8 workers of 8 for evacuation
[2025-09-04T16:24:37.661+0000][gc,mmu        ] GC(62) MMU target violated: 21.0ms (20.0ms/21.0ms)
[2025-09-04T16:24:37.661+0000][gc,phases     ] GC(62)   Pre Evacuate Collection Set: 6.2ms
[2025-09-04T16:24:37.661+0000][gc,phases     ] GC(62)   Evacuate Collection Set: 41.6ms
[2025-09-04T16:24:37.661+0000][gc,phases     ] GC(62)   Post Evacuate Collection Set: 0.8ms
[2025-09-04T16:24:37.661+0000][gc,phases     ] GC(62)   Other: 3.6ms
[2025-09-04T16:24:37.661+0000][gc,heap       ] GC(62) Eden regions: 46->0(46)
[2025-09-04T16:24:37.661+0000][gc,heap       ] GC(62) Survivor regions: 5->5(7)
[2025-09-04T16:24:37.661+0000][gc,heap       ] GC(62) Old regions: 91->92
[2025-09-04T16:24:37.661+0000][gc,heap       ] GC(62) Humongous regions: 129->129
[2025-09-04T16:24:37.661+0000][gc,metaspace  ] GC(62) Metaspace: 54348K(57392K)->54348K(57392K) NonClass: 47926K(49584K)->47926K(49584K) Class: 6422K(7808K)->6422K(7808K)
[2025-09-04T16:24:37.662+0000][gc            ] GC(62) Pause Young (Normal) (G1 Evacuation Pause) 270M->225M(1024M) 52.307ms
[2025-09-04T16:24:37.662+0000][gc,cpu        ] GC(62) User=0.29s Sys=0.02s Real=0.06s
[2025-09-04T16:27:23.455+0000][gc,start      ] GC(63) Pause Young (Normal) (G1 Evacuation Pause)
[2025-09-04T16:27:23.461+0000][gc,task       ] GC(63) Using 8 workers of 8 for evacuation
[2025-09-04T16:27:23.532+0000][gc,mmu        ] GC(63) MMU target violated: 21.0ms (20.0ms/21.0ms)
[2025-09-04T16:27:23.532+0000][gc,phases     ] GC(63)   Pre Evacuate Collection Set: 16.7ms
[2025-09-04T16:27:23.532+0000][gc,phases     ] GC(63)   Evacuate Collection Set: 51.2ms
[2025-09-04T16:27:23.532+0000][gc,phases     ] GC(63)   Post Evacuate Collection Set: 1.6ms
[2025-09-04T16:27:23.533+0000][gc,phases     ] GC(63)   Other: 8.6ms
[2025-09-04T16:27:23.533+0000][gc,heap       ] GC(63) Eden regions: 46->0(46)
[2025-09-04T16:27:23.533+0000][gc,heap       ] GC(63) Survivor regions: 5->5(7)
[2025-09-04T16:27:23.533+0000][gc,heap       ] GC(63) Old regions: 92->94
[2025-09-04T16:27:23.533+0000][gc,heap       ] GC(63) Humongous regions: 129->129
[2025-09-04T16:27:23.533+0000][gc,metaspace  ] GC(63) Metaspace: 54348K(57392K)->54348K(57392K) NonClass: 47926K(49584K)->47926K(49584K) Class: 6422K(7808K)->6422K(7808K)
[2025-09-04T16:27:23.533+0000][gc            ] GC(63) Pause Young (Normal) (G1 Evacuation Pause) 271M->227M(1024M) 78.046ms
[2025-09-04T16:27:23.533+0000][gc,cpu        ] GC(63) User=0.39s Sys=0.01s Real=0.08s
[2025-09-04T16:30:07.677+0000][gc,start      ] GC(64) Pause Young (Normal) (G1 Evacuation Pause)
[2025-09-04T16:30:07.680+0000][gc,task       ] GC(64) Using 8 workers of 8 for evacuation
[2025-09-04T16:30:07.748+0000][gc,mmu        ] GC(64) MMU target violated: 21.0ms (20.0ms/21.0ms)
[2025-09-04T16:30:07.749+0000][gc,phases     ] GC(64)   Pre Evacuate Collection Set: 7.5ms
[2025-09-04T16:30:07.749+0000][gc,phases     ] GC(64)   Evacuate Collection Set: 57.0ms
[2025-09-04T16:30:07.749+0000][gc,phases     ] GC(64)   Post Evacuate Collection Set: 2.6ms
[2025-09-04T16:30:07.749+0000][gc,phases     ] GC(64)   Other: 5.2ms
[2025-09-04T16:30:07.749+0000][gc,heap       ] GC(64) Eden regions: 46->0(46)
[2025-09-04T16:30:07.750+0000][gc,heap       ] GC(64) Survivor regions: 5->5(7)
[2025-09-04T16:30:07.750+0000][gc,heap       ] GC(64) Old regions: 94->96
[2025-09-04T16:30:07.750+0000][gc,heap       ] GC(64) Humongous regions: 129->129
[2025-09-04T16:30:07.750+0000][gc,metaspace  ] GC(64) Metaspace: 54348K(57392K)->54348K(57392K) NonClass: 47926K(49584K)->47926K(49584K) Class: 6422K(7808K)->6422K(7808K)
[2025-09-04T16:30:07.750+0000][gc            ] GC(64) Pause Young (Normal) (G1 Evacuation Pause) 273M->229M(1024M) 73.621ms
[2025-09-04T16:30:07.750+0000][gc,cpu        ] GC(64) User=0.44s Sys=0.01s Real=0.07s
[2025-09-04T16:32:56.240+0000][gc,start      ] GC(65) Pause Young (Normal) (G1 Evacuation Pause)
[2025-09-04T16:32:56.242+0000][gc,task       ] GC(65) Using 8 workers of 8 for evacuation
[2025-09-04T16:32:56.307+0000][gc,mmu        ] GC(65) MMU target violated: 21.0ms (20.0ms/21.0ms)
[2025-09-04T16:32:56.307+0000][gc,phases     ] GC(65)   Pre Evacuate Collection Set: 6.2ms
[2025-09-04T16:32:56.307+0000][gc,phases     ] GC(65)   Evacuate Collection Set: 55.7ms
[2025-09-04T16:32:56.307+0000][gc,phases     ] GC(65)   Post Evacuate Collection Set: 1.4ms
[2025-09-04T16:32:56.308+0000][gc,phases     ] GC(65)   Other: 4.5ms
[2025-09-04T16:32:56.308+0000][gc,heap       ] GC(65) Eden regions: 46->0(46)
[2025-09-04T16:32:56.308+0000][gc,heap       ] GC(65) Survivor regions: 5->5(7)
[2025-09-04T16:32:56.308+0000][gc,heap       ] GC(65) Old regions: 96->98
[2025-09-04T16:32:56.308+0000][gc,heap       ] GC(65) Humongous regions: 129->129
[2025-09-04T16:32:56.308+0000][gc,metaspace  ] GC(65) Metaspace: 54348K(57392K)->54348K(57392K) NonClass: 47926K(49584K)->47926K(49584K) Class: 6422K(7808K)->6422K(7808K)
[2025-09-04T16:32:56.308+0000][gc            ] GC(65) Pause Young (Normal) (G1 Evacuation Pause) 275M->230M(1024M) 68.339ms
[2025-09-04T16:32:56.309+0000][gc,cpu        ] GC(65) User=0.44s Sys=0.01s Real=0.07s
[2025-09-04T16:35:42.362+0000][gc,start      ] GC(66) Pause Young (Normal) (G1 Evacuation Pause)
[2025-09-04T16:35:42.366+0000][gc,task       ] GC(66) Using 8 workers of 8 for evacuation
[2025-09-04T16:35:42.429+0000][gc,mmu        ] GC(66) MMU target violated: 21.0ms (20.0ms/21.0ms)
[2025-09-04T16:35:42.429+0000][gc,phases     ] GC(66)   Pre Evacuate Collection Set: 4.1ms
[2025-09-04T16:35:42.429+0000][gc,phases     ] GC(66)   Evacuate Collection Set: 56.3ms
[2025-09-04T16:35:42.429+0000][gc,phases     ] GC(66)   Post Evacuate Collection Set: 1.6ms
[2025-09-04T16:35:42.430+0000][gc,phases     ] GC(66)   Other: 5.6ms
[2025-09-04T16:35:42.430+0000][gc,heap       ] GC(66) Eden regions: 46->0(46)
[2025-09-04T16:35:42.430+0000][gc,heap       ] GC(66) Survivor regions: 5->5(7)
[2025-09-04T16:35:42.430+0000][gc,heap       ] GC(66) Old regions: 98->99
[2025-09-04T16:35:42.430+0000][gc,heap       ] GC(66) Humongous regions: 129->129
[2025-09-04T16:35:42.430+0000][gc,metaspace  ] GC(66) Metaspace: 54349K(57392K)->54349K(57392K) NonClass: 47927K(49584K)->47927K(49584K) Class: 6422K(7808K)->6422K(7808K)
[2025-09-04T16:35:42.430+0000][gc            ] GC(66) Pause Young (Normal) (G1 Evacuation Pause) 276M->232M(1024M) 68.108ms
[2025-09-04T16:35:42.430+0000][gc,cpu        ] GC(66) User=0.45s Sys=0.01s Real=0.07s
[2025-09-04T16:38:28.974+0000][gc,start      ] GC(67) Pause Young (Normal) (G1 Evacuation Pause)
[2025-09-04T16:38:28.977+0000][gc,task       ] GC(67) Using 8 workers of 8 for evacuation
[2025-09-04T16:38:29.020+0000][gc,mmu        ] GC(67) MMU target violated: 21.0ms (20.0ms/21.0ms)
[2025-09-04T16:38:29.020+0000][gc,phases     ] GC(67)   Pre Evacuate Collection Set: 5.3ms
[2025-09-04T16:38:29.021+0000][gc,phases     ] GC(67)   Evacuate Collection Set: 34.9ms
[2025-09-04T16:38:29.021+0000][gc,phases     ] GC(67)   Post Evacuate Collection Set: 1.9ms
[2025-09-04T16:38:29.021+0000][gc,phases     ] GC(67)   Other: 4.5ms
[2025-09-04T16:38:29.021+0000][gc,heap       ] GC(67) Eden regions: 46->0(46)
[2025-09-04T16:38:29.021+0000][gc,heap       ] GC(67) Survivor regions: 5->5(7)
[2025-09-04T16:38:29.021+0000][gc,heap       ] GC(67) Old regions: 99->101
[2025-09-04T16:38:29.021+0000][gc,heap       ] GC(67) Humongous regions: 129->129
[2025-09-04T16:38:29.021+0000][gc,metaspace  ] GC(67) Metaspace: 54354K(57392K)->54354K(57392K) NonClass: 47932K(49584K)->47932K(49584K) Class: 6422K(7808K)->6422K(7808K)
[2025-09-04T16:38:29.021+0000][gc            ] GC(67) Pause Young (Normal) (G1 Evacuation Pause) 278M->234M(1024M) 47.235ms
[2025-09-04T16:38:29.022+0000][gc,cpu        ] GC(67) User=0.25s Sys=0.02s Real=0.05s
[2025-09-04T16:41:16.088+0000][gc,start      ] GC(68) Pause Young (Normal) (G1 Evacuation Pause)
[2025-09-04T16:41:16.091+0000][gc,task       ] GC(68) Using 8 workers of 8 for evacuation
[2025-09-04T16:41:16.164+0000][gc,mmu        ] GC(68) MMU target violated: 21.0ms (20.0ms/21.0ms)
[2025-09-04T16:41:16.164+0000][gc,phases     ] GC(68)   Pre Evacuate Collection Set: 8.8ms
[2025-09-04T16:41:16.164+0000][gc,phases     ] GC(68)   Evacuate Collection Set: 60.7ms
[2025-09-04T16:41:16.164+0000][gc,phases     ] GC(68)   Post Evacuate Collection Set: 1.3ms
[2025-09-04T16:41:16.164+0000][gc,phases     ] GC(68)   Other: 6.4ms
[2025-09-04T16:41:16.164+0000][gc,heap       ] GC(68) Eden regions: 46->0(46)
[2025-09-04T16:41:16.164+0000][gc,heap       ] GC(68) Survivor regions: 5->5(7)
[2025-09-04T16:41:16.165+0000][gc,heap       ] GC(68) Old regions: 101->103
[2025-09-04T16:41:16.165+0000][gc,heap       ] GC(68) Humongous regions: 129->129
[2025-09-04T16:41:16.165+0000][gc,metaspace  ] GC(68) Metaspace: 54385K(57392K)->54385K(57392K) NonClass: 47963K(49584K)->47963K(49584K) Class: 6422K(7808K)->6422K(7808K)
[2025-09-04T16:41:16.165+0000][gc            ] GC(68) Pause Young (Normal) (G1 Evacuation Pause) 280M->236M(1024M) 77.105ms
[2025-09-04T16:41:16.165+0000][gc,cpu        ] GC(68) User=0.38s Sys=0.11s Real=0.07s
[2025-09-04T16:43:59.772+0000][gc,start      ] GC(69) Pause Young (Normal) (G1 Evacuation Pause)
[2025-09-04T16:43:59.785+0000][gc,task       ] GC(69) Using 8 workers of 8 for evacuation
[2025-09-04T16:43:59.852+0000][gc,mmu        ] GC(69) MMU target violated: 21.0ms (20.0ms/21.0ms)
[2025-09-04T16:43:59.853+0000][gc,phases     ] GC(69)   Pre Evacuate Collection Set: 4.4ms
[2025-09-04T16:43:59.853+0000][gc,phases     ] GC(69)   Evacuate Collection Set: 60.7ms
[2025-09-04T16:43:59.853+0000][gc,phases     ] GC(69)   Post Evacuate Collection Set: 1.2ms
[2025-09-04T16:43:59.853+0000][gc,phases     ] GC(69)   Other: 14.8ms
[2025-09-04T16:43:59.853+0000][gc,heap       ] GC(69) Eden regions: 46->0(45)
[2025-09-04T16:43:59.853+0000][gc,heap       ] GC(69) Survivor regions: 5->6(7)
[2025-09-04T16:43:59.853+0000][gc,heap       ] GC(69) Old regions: 103->105
[2025-09-04T16:43:59.853+0000][gc,heap       ] GC(69) Humongous regions: 129->129
[2025-09-04T16:43:59.853+0000][gc,metaspace  ] GC(69) Metaspace: 54385K(57392K)->54385K(57392K) NonClass: 47963K(49584K)->47963K(49584K) Class: 6422K(7808K)->6422K(7808K)
[2025-09-04T16:43:59.853+0000][gc            ] GC(69) Pause Young (Normal) (G1 Evacuation Pause) 282M->238M(1024M) 81.309ms
[2025-09-04T16:43:59.853+0000][gc,cpu        ] GC(69) User=0.49s Sys=0.00s Real=0.08s
[2025-09-04T16:46:43.676+0000][gc,start      ] GC(70) Pause Young (Normal) (G1 Evacuation Pause)
[2025-09-04T16:46:43.680+0000][gc,task       ] GC(70) Using 8 workers of 8 for evacuation
[2025-09-04T16:46:43.750+0000][gc,mmu        ] GC(70) MMU target violated: 21.0ms (20.0ms/21.0ms)
[2025-09-04T16:46:43.750+0000][gc,phases     ] GC(70)   Pre Evacuate Collection Set: 7.4ms
[2025-09-04T16:46:43.750+0000][gc,phases     ] GC(70)   Evacuate Collection Set: 56.9ms
[2025-09-04T16:46:43.750+0000][gc,phases     ] GC(70)   Post Evacuate Collection Set: 2.4ms
[2025-09-04T16:46:43.750+0000][gc,phases     ] GC(70)   Other: 7.9ms
[2025-09-04T16:46:43.750+0000][gc,heap       ] GC(70) Eden regions: 45->0(46)
[2025-09-04T16:46:43.750+0000][gc,heap       ] GC(70) Survivor regions: 6->5(7)
[2025-09-04T16:46:43.751+0000][gc,heap       ] GC(70) Old regions: 105->107
[2025-09-04T16:46:43.751+0000][gc,heap       ] GC(70) Humongous regions: 129->129
[2025-09-04T16:46:43.751+0000][gc,metaspace  ] GC(70) Metaspace: 54385K(57392K)->54385K(57392K) NonClass: 47963K(49584K)->47963K(49584K) Class: 6422K(7808K)->6422K(7808K)
[2025-09-04T16:46:43.751+0000][gc            ] GC(70) Pause Young (Normal) (G1 Evacuation Pause) 283M->239M(1024M) 74.516ms
[2025-09-04T16:46:43.751+0000][gc,cpu        ] GC(70) User=0.42s Sys=0.03s Real=0.08s
[2025-09-04T16:53:11.284+0000][gc,start      ] GC(71) Pause Young (Normal) (G1 Evacuation Pause)
[2025-09-04T16:53:11.287+0000][gc,task       ] GC(71) Using 8 workers of 8 for evacuation
[2025-09-04T16:53:11.340+0000][gc,mmu        ] GC(71) MMU target violated: 21.0ms (20.0ms/21.0ms)
[2025-09-04T16:53:11.340+0000][gc,phases     ] GC(71)   Pre Evacuate Collection Set: 6.7ms
[2025-09-04T16:53:11.340+0000][gc,phases     ] GC(71)   Evacuate Collection Set: 43.6ms
[2025-09-04T16:53:11.340+0000][gc,phases     ] GC(71)   Post Evacuate Collection Set: 1.6ms
[2025-09-04T16:53:11.340+0000][gc,phases     ] GC(71)   Other: 4.6ms
[2025-09-04T16:53:11.341+0000][gc,heap       ] GC(71) Eden regions: 46->0(46)
[2025-09-04T16:53:11.341+0000][gc,heap       ] GC(71) Survivor regions: 5->5(7)
[2025-09-04T16:53:11.341+0000][gc,heap       ] GC(71) Old regions: 107->109
[2025-09-04T16:53:11.341+0000][gc,heap       ] GC(71) Humongous regions: 129->129
[2025-09-04T16:53:11.341+0000][gc,metaspace  ] GC(71) Metaspace: 54385K(57392K)->54385K(57392K) NonClass: 47963K(49584K)->47963K(49584K) Class: 6422K(7808K)->6422K(7808K)
[2025-09-04T16:53:11.341+0000][gc            ] GC(71) Pause Young (Normal) (G1 Evacuation Pause) 285M->241M(1024M) 56.465ms
[2025-09-04T16:53:11.341+0000][gc,cpu        ] GC(71) User=0.32s Sys=0.02s Real=0.06s
[2025-09-04T16:55:57.025+0000][gc,start      ] GC(72) Pause Young (Normal) (G1 Evacuation Pause)
[2025-09-04T16:55:57.028+0000][gc,task       ] GC(72) Using 8 workers of 8 for evacuation
[2025-09-04T16:55:57.078+0000][gc,mmu        ] GC(72) MMU target violated: 21.0ms (20.0ms/21.0ms)
[2025-09-04T16:55:57.078+0000][gc,phases     ] GC(72)   Pre Evacuate Collection Set: 9.7ms
[2025-09-04T16:55:57.078+0000][gc,phases     ] GC(72)   Evacuate Collection Set: 34.8ms
[2025-09-04T16:55:57.078+0000][gc,phases     ] GC(72)   Post Evacuate Collection Set: 1.4ms
[2025-09-04T16:55:57.078+0000][gc,phases     ] GC(72)   Other: 7.4ms
[2025-09-04T16:55:57.078+0000][gc,heap       ] GC(72) Eden regions: 46->0(46)
[2025-09-04T16:55:57.078+0000][gc,heap       ] GC(72) Survivor regions: 5->5(7)
[2025-09-04T16:55:57.079+0000][gc,heap       ] GC(72) Old regions: 109->110
[2025-09-04T16:55:57.079+0000][gc,heap       ] GC(72) Humongous regions: 129->129
[2025-09-04T16:55:57.079+0000][gc,metaspace  ] GC(72) Metaspace: 54386K(57392K)->54386K(57392K) NonClass: 47964K(49584K)->47964K(49584K) Class: 6422K(7808K)->6422K(7808K)
[2025-09-04T16:55:57.079+0000][gc            ] GC(72) Pause Young (Normal) (G1 Evacuation Pause) 287M->243M(1024M) 53.684ms
[2025-09-04T16:55:57.079+0000][gc,cpu        ] GC(72) User=0.25s Sys=0.00s Real=0.05s
[2025-09-04T17:13:45.957+0000][gc,start      ] GC(73) Pause Young (Normal) (G1 Evacuation Pause)
[2025-09-04T17:13:45.960+0000][gc,task       ] GC(73) Using 8 workers of 8 for evacuation
[2025-09-04T17:13:46.022+0000][gc,mmu        ] GC(73) MMU target violated: 21.0ms (20.0ms/21.0ms)
[2025-09-04T17:13:46.023+0000][gc,phases     ] GC(73)   Pre Evacuate Collection Set: 9.7ms
[2025-09-04T17:13:46.023+0000][gc,phases     ] GC(73)   Evacuate Collection Set: 48.2ms
[2025-09-04T17:13:46.023+0000][gc,phases     ] GC(73)   Post Evacuate Collection Set: 2.6ms
[2025-09-04T17:13:46.023+0000][gc,phases     ] GC(73)   Other: 5.9ms
[2025-09-04T17:13:46.023+0000][gc,heap       ] GC(73) Eden regions: 46->0(46)
[2025-09-04T17:13:46.024+0000][gc,heap       ] GC(73) Survivor regions: 5->5(7)
[2025-09-04T17:13:46.024+0000][gc,heap       ] GC(73) Old regions: 110->112
[2025-09-04T17:13:46.024+0000][gc,heap       ] GC(73) Humongous regions: 129->129
[2025-09-04T17:13:46.024+0000][gc,metaspace  ] GC(73) Metaspace: 54396K(57392K)->54396K(57392K) NonClass: 47974K(49584K)->47974K(49584K) Class: 6422K(7808K)->6422K(7808K)
[2025-09-04T17:13:46.024+0000][gc            ] GC(73) Pause Young (Normal) (G1 Evacuation Pause) 289M->244M(1024M) 66.935ms
[2025-09-04T17:13:46.024+0000][gc,cpu        ] GC(73) User=0.38s Sys=0.00s Real=0.07s
[2025-09-04T18:17:28.454+0000][gc,start      ] GC(74) Pause Young (Normal) (G1 Evacuation Pause)
[2025-09-04T18:17:28.461+0000][gc,task       ] GC(74) Using 8 workers of 8 for evacuation
[2025-09-04T18:17:28.515+0000][gc,mmu        ] GC(74) MMU target violated: 21.0ms (20.0ms/21.0ms)
[2025-09-04T18:17:28.516+0000][gc,phases     ] GC(74)   Pre Evacuate Collection Set: 7.5ms
[2025-09-04T18:17:28.516+0000][gc,phases     ] GC(74)   Evacuate Collection Set: 43.6ms
[2025-09-04T18:17:28.516+0000][gc,phases     ] GC(74)   Post Evacuate Collection Set: 1.4ms
[2025-09-04T18:17:28.516+0000][gc,phases     ] GC(74)   Other: 9.9ms
[2025-09-04T18:17:28.516+0000][gc,heap       ] GC(74) Eden regions: 46->0(45)
[2025-09-04T18:17:28.516+0000][gc,heap       ] GC(74) Survivor regions: 5->6(7)
[2025-09-04T18:17:28.516+0000][gc,heap       ] GC(74) Old regions: 112->114
[2025-09-04T18:17:28.516+0000][gc,heap       ] GC(74) Humongous regions: 129->129
[2025-09-04T18:17:28.516+0000][gc,metaspace  ] GC(74) Metaspace: 54396K(57392K)->54396K(57392K) NonClass: 47974K(49584K)->47974K(49584K) Class: 6422K(7808K)->6422K(7808K)
[2025-09-04T18:17:28.516+0000][gc            ] GC(74) Pause Young (Normal) (G1 Evacuation Pause) 290M->247M(1024M) 62.151ms
[2025-09-04T18:17:28.516+0000][gc,cpu        ] GC(74) User=0.34s Sys=0.01s Real=0.06s
[2025-09-04T18:44:18.853+0000][gc,start      ] GC(75) Pause Young (Normal) (G1 Evacuation Pause)
[2025-09-04T18:44:18.862+0000][gc,task       ] GC(75) Using 8 workers of 8 for evacuation
[2025-09-04T18:44:18.932+0000][gc,mmu        ] GC(75) MMU target violated: 21.0ms (20.0ms/21.0ms)
[2025-09-04T18:44:18.932+0000][gc,phases     ] GC(75)   Pre Evacuate Collection Set: 7.3ms
[2025-09-04T18:44:18.932+0000][gc,phases     ] GC(75)   Evacuate Collection Set: 59.2ms
[2025-09-04T18:44:18.932+0000][gc,phases     ] GC(75)   Post Evacuate Collection Set: 1.8ms
[2025-09-04T18:44:18.932+0000][gc,phases     ] GC(75)   Other: 10.7ms
[2025-09-04T18:44:18.932+0000][gc,heap       ] GC(75) Eden regions: 45->0(46)
[2025-09-04T18:44:18.932+0000][gc,heap       ] GC(75) Survivor regions: 6->5(7)
[2025-09-04T18:44:18.932+0000][gc,heap       ] GC(75) Old regions: 114->116
[2025-09-04T18:44:18.933+0000][gc,heap       ] GC(75) Humongous regions: 129->129
[2025-09-04T18:44:18.933+0000][gc,metaspace  ] GC(75) Metaspace: 54404K(57392K)->54404K(57392K) NonClass: 47981K(49584K)->47981K(49584K) Class: 6422K(7808K)->6422K(7808K)
[2025-09-04T18:44:18.933+0000][gc            ] GC(75) Pause Young (Normal) (G1 Evacuation Pause) 292M->249M(1024M) 79.569ms
[2025-09-04T18:44:18.933+0000][gc,cpu        ] GC(75) User=0.43s Sys=0.02s Real=0.08s
[2025-09-04T18:47:04.321+0000][gc,start      ] GC(76) Pause Young (Normal) (G1 Evacuation Pause)
[2025-09-04T18:47:04.323+0000][gc,task       ] GC(76) Using 8 workers of 8 for evacuation
[2025-09-04T18:47:04.384+0000][gc,mmu        ] GC(76) MMU target violated: 21.0ms (20.0ms/21.0ms)
[2025-09-04T18:47:04.384+0000][gc,phases     ] GC(76)   Pre Evacuate Collection Set: 6.7ms
[2025-09-04T18:47:04.384+0000][gc,phases     ] GC(76)   Evacuate Collection Set: 51.7ms
[2025-09-04T18:47:04.385+0000][gc,phases     ] GC(76)   Post Evacuate Collection Set: 1.6ms
[2025-09-04T18:47:04.385+0000][gc,phases     ] GC(76)   Other: 3.8ms
[2025-09-04T18:47:04.385+0000][gc,heap       ] GC(76) Eden regions: 46->0(46)
[2025-09-04T18:47:04.385+0000][gc,heap       ] GC(76) Survivor regions: 5->5(7)
[2025-09-04T18:47:04.385+0000][gc,heap       ] GC(76) Old regions: 116->118
[2025-09-04T18:47:04.385+0000][gc,heap       ] GC(76) Humongous regions: 129->129
[2025-09-04T18:47:04.385+0000][gc,metaspace  ] GC(76) Metaspace: 54413K(57392K)->54413K(57392K) NonClass: 47991K(49584K)->47991K(49584K) Class: 6422K(7808K)->6422K(7808K)
[2025-09-04T18:47:04.385+0000][gc            ] GC(76) Pause Young (Normal) (G1 Evacuation Pause) 295M->250M(1024M) 64.116ms
[2025-09-04T18:47:04.385+0000][gc,cpu        ] GC(76) User=0.40s Sys=0.02s Real=0.07s
[2025-09-04T21:34:27.686+0000][gc,start      ] GC(77) Pause Young (Normal) (G1 Evacuation Pause)
[2025-09-04T21:34:27.689+0000][gc,task       ] GC(77) Using 8 workers of 8 for evacuation
[2025-09-04T21:34:27.751+0000][gc,mmu        ] GC(77) MMU target violated: 21.0ms (20.0ms/21.0ms)
[2025-09-04T21:34:27.752+0000][gc,phases     ] GC(77)   Pre Evacuate Collection Set: 7.0ms
[2025-09-04T21:34:27.752+0000][gc,phases     ] GC(77)   Evacuate Collection Set: 51.8ms
[2025-09-04T21:34:27.752+0000][gc,phases     ] GC(77)   Post Evacuate Collection Set: 2.1ms
[2025-09-04T21:34:27.752+0000][gc,phases     ] GC(77)   Other: 5.9ms
[2025-09-04T21:34:27.752+0000][gc,heap       ] GC(77) Eden regions: 46->0(46)
[2025-09-04T21:34:27.752+0000][gc,heap       ] GC(77) Survivor regions: 5->5(7)
[2025-09-04T21:34:27.752+0000][gc,heap       ] GC(77) Old regions: 118->120
[2025-09-04T21:34:27.752+0000][gc,heap       ] GC(77) Humongous regions: 129->129
[2025-09-04T21:34:27.753+0000][gc,metaspace  ] GC(77) Metaspace: 54413K(57392K)->54413K(57392K) NonClass: 47991K(49584K)->47991K(49584K) Class: 6422K(7808K)->6422K(7808K)
[2025-09-04T21:34:27.753+0000][gc            ] GC(77) Pause Young (Normal) (G1 Evacuation Pause) 296M->253M(1024M) 67.161ms
[2025-09-04T21:34:27.753+0000][gc,cpu        ] GC(77) User=0.41s Sys=0.01s Real=0.07s
[2025-09-04T23:32:23.913+0000][gc,start      ] GC(78) Pause Young (Normal) (G1 Evacuation Pause)
[2025-09-04T23:32:23.920+0000][gc,task       ] GC(78) Using 8 workers of 8 for evacuation
[2025-09-04T23:32:23.989+0000][gc,mmu        ] GC(78) MMU target violated: 21.0ms (20.0ms/21.0ms)
[2025-09-04T23:32:23.989+0000][gc,phases     ] GC(78)   Pre Evacuate Collection Set: 10.3ms
[2025-09-04T23:32:23.989+0000][gc,phases     ] GC(78)   Evacuate Collection Set: 55.5ms
[2025-09-04T23:32:23.990+0000][gc,phases     ] GC(78)   Post Evacuate Collection Set: 1.5ms
[2025-09-04T23:32:23.990+0000][gc,phases     ] GC(78)   Other: 9.6ms
[2025-09-04T23:32:23.990+0000][gc,heap       ] GC(78) Eden regions: 46->0(47)
[2025-09-04T23:32:23.990+0000][gc,heap       ] GC(78) Survivor regions: 5->4(7)
[2025-09-04T23:32:23.990+0000][gc,heap       ] GC(78) Old regions: 120->122
[2025-09-04T23:32:23.990+0000][gc,heap       ] GC(78) Humongous regions: 129->129
[2025-09-04T23:32:23.990+0000][gc,metaspace  ] GC(78) Metaspace: 54413K(57392K)->54413K(57392K) NonClass: 47991K(49584K)->47991K(49584K) Class: 6422K(7808K)->6422K(7808K)
[2025-09-04T23:32:23.990+0000][gc            ] GC(78) Pause Young (Normal) (G1 Evacuation Pause) 299M->254M(1024M) 77.092ms
[2025-09-04T23:32:23.990+0000][gc,cpu        ] GC(78) User=0.39s Sys=0.04s Real=0.08s
[2025-09-05T01:29:15.200+0000][gc,start      ] GC(79) Pause Young (Normal) (G1 Evacuation Pause)
[2025-09-05T01:29:15.203+0000][gc,task       ] GC(79) Using 8 workers of 8 for evacuation
[2025-09-05T01:29:15.268+0000][gc,mmu        ] GC(79) MMU target violated: 21.0ms (20.0ms/21.0ms)
[2025-09-05T01:29:15.269+0000][gc,phases     ] GC(79)   Pre Evacuate Collection Set: 6.9ms
[2025-09-05T01:29:15.269+0000][gc,phases     ] GC(79)   Evacuate Collection Set: 55.3ms
[2025-09-05T01:29:15.269+0000][gc,phases     ] GC(79)   Post Evacuate Collection Set: 1.5ms
[2025-09-05T01:29:15.269+0000][gc,phases     ] GC(79)   Other: 5.4ms
[2025-09-05T01:29:15.269+0000][gc,heap       ] GC(79) Eden regions: 47->0(47)
[2025-09-05T01:29:15.269+0000][gc,heap       ] GC(79) Survivor regions: 4->4(7)
[2025-09-05T01:29:15.270+0000][gc,heap       ] GC(79) Old regions: 122->124
[2025-09-05T01:29:15.270+0000][gc,heap       ] GC(79) Humongous regions: 129->129
[2025-09-05T01:29:15.270+0000][gc,metaspace  ] GC(79) Metaspace: 54427K(57392K)->54427K(57392K) NonClass: 48004K(49584K)->48004K(49584K) Class: 6422K(7808K)->6422K(7808K)
[2025-09-05T01:29:15.270+0000][gc            ] GC(79) Pause Young (Normal) (G1 Evacuation Pause) 301M->256M(1024M) 69.682ms
[2025-09-05T01:29:15.270+0000][gc,cpu        ] GC(79) User=0.41s Sys=0.02s Real=0.07s
[2025-09-05T02:39:06.091+0000][gc,start      ] GC(80) Pause Young (Normal) (G1 Evacuation Pause)
[2025-09-05T02:39:06.093+0000][gc,task       ] GC(80) Using 8 workers of 8 for evacuation
[2025-09-05T02:39:06.157+0000][gc,mmu        ] GC(80) MMU target violated: 21.0ms (20.0ms/21.0ms)
[2025-09-05T02:39:06.158+0000][gc,phases     ] GC(80)   Pre Evacuate Collection Set: 10.1ms
[2025-09-05T02:39:06.158+0000][gc,phases     ] GC(80)   Evacuate Collection Set: 51.3ms
[2025-09-05T02:39:06.158+0000][gc,phases     ] GC(80)   Post Evacuate Collection Set: 2.1ms
[2025-09-05T02:39:06.158+0000][gc,phases     ] GC(80)   Other: 3.6ms
[2025-09-05T02:39:06.158+0000][gc,heap       ] GC(80) Eden regions: 47->0(46)
[2025-09-05T02:39:06.158+0000][gc,heap       ] GC(80) Survivor regions: 4->5(7)
[2025-09-05T02:39:06.158+0000][gc,heap       ] GC(80) Old regions: 124->126
[2025-09-05T02:39:06.158+0000][gc,heap       ] GC(80) Humongous regions: 129->129
[2025-09-05T02:39:06.159+0000][gc,metaspace  ] GC(80) Metaspace: 54460K(57392K)->54460K(57392K) NonClass: 48037K(49584K)->48037K(49584K) Class: 6422K(7808K)->6422K(7808K)
[2025-09-05T02:39:06.159+0000][gc            ] GC(80) Pause Young (Normal) (G1 Evacuation Pause) 303M->258M(1024M) 67.643ms
[2025-09-05T02:39:06.159+0000][gc,cpu        ] GC(80) User=0.41s Sys=0.00s Real=0.07s
[2025-09-05T03:27:13.480+0000][gc,start      ] GC(81) Pause Young (Normal) (G1 Evacuation Pause)
[2025-09-05T03:27:13.482+0000][gc,task       ] GC(81) Using 8 workers of 8 for evacuation
[2025-09-05T03:27:13.555+0000][gc,mmu        ] GC(81) MMU target violated: 21.0ms (20.0ms/21.0ms)
[2025-09-05T03:27:13.556+0000][gc,phases     ] GC(81)   Pre Evacuate Collection Set: 27.6ms
[2025-09-05T03:27:13.556+0000][gc,phases     ] GC(81)   Evacuate Collection Set: 42.5ms
[2025-09-05T03:27:13.556+0000][gc,phases     ] GC(81)   Post Evacuate Collection Set: 1.4ms
[2025-09-05T03:27:13.556+0000][gc,phases     ] GC(81)   Other: 4.6ms
[2025-09-05T03:27:13.556+0000][gc,heap       ] GC(81) Eden regions: 46->0(47)
[2025-09-05T03:27:13.556+0000][gc,heap       ] GC(81) Survivor regions: 5->4(7)
[2025-09-05T03:27:13.556+0000][gc,heap       ] GC(81) Old regions: 126->128
[2025-09-05T03:27:13.556+0000][gc,heap       ] GC(81) Humongous regions: 129->129
[2025-09-05T03:27:13.556+0000][gc,metaspace  ] GC(81) Metaspace: 54460K(57392K)->54460K(57392K) NonClass: 48037K(49584K)->48037K(49584K) Class: 6422K(7808K)->6422K(7808K)
[2025-09-05T03:27:13.556+0000][gc            ] GC(81) Pause Young (Normal) (G1 Evacuation Pause) 304M->260M(1024M) 76.473ms
[2025-09-05T03:27:13.557+0000][gc,cpu        ] GC(81) User=0.34s Sys=0.01s Real=0.08s
[2025-09-05T05:18:19.149+0000][gc,start      ] GC(82) Pause Young (Normal) (G1 Evacuation Pause)
[2025-09-05T05:18:19.152+0000][gc,task       ] GC(82) Using 8 workers of 8 for evacuation
[2025-09-05T05:18:19.221+0000][gc,mmu        ] GC(82) MMU target violated: 21.0ms (20.0ms/21.0ms)
[2025-09-05T05:18:19.221+0000][gc,phases     ] GC(82)   Pre Evacuate Collection Set: 7.3ms
[2025-09-05T05:18:19.221+0000][gc,phases     ] GC(82)   Evacuate Collection Set: 58.1ms
[2025-09-05T05:18:19.221+0000][gc,phases     ] GC(82)   Post Evacuate Collection Set: 2.0ms
[2025-09-05T05:18:19.221+0000][gc,phases     ] GC(82)   Other: 5.3ms
[2025-09-05T05:18:19.222+0000][gc,heap       ] GC(82) Eden regions: 47->0(47)
[2025-09-05T05:18:19.222+0000][gc,heap       ] GC(82) Survivor regions: 4->4(7)
[2025-09-05T05:18:19.222+0000][gc,heap       ] GC(82) Old regions: 128->130
[2025-09-05T05:18:19.222+0000][gc,heap       ] GC(82) Humongous regions: 129->129
[2025-09-05T05:18:19.222+0000][gc,metaspace  ] GC(82) Metaspace: 54460K(57392K)->54460K(57392K) NonClass: 48037K(49584K)->48037K(49584K) Class: 6422K(7808K)->6422K(7808K)
[2025-09-05T05:18:19.222+0000][gc            ] GC(82) Pause Young (Normal) (G1 Evacuation Pause) 307M->262M(1024M) 73.275ms
[2025-09-05T05:18:19.222+0000][gc,cpu        ] GC(82) User=0.42s Sys=0.00s Real=0.08s
[2025-09-05T05:33:35.193+0000][gc,start      ] GC(83) Pause Young (Normal) (G1 Evacuation Pause)
[2025-09-05T05:33:35.212+0000][gc,task       ] GC(83) Using 8 workers of 8 for evacuation
[2025-09-05T05:33:35.303+0000][gc,mmu        ] GC(83) MMU target violated: 21.0ms (20.0ms/21.0ms)
[2025-09-05T05:33:35.304+0000][gc,phases     ] GC(83)   Pre Evacuate Collection Set: 8.8ms
[2025-09-05T05:33:35.304+0000][gc,phases     ] GC(83)   Evacuate Collection Set: 80.0ms
[2025-09-05T05:33:35.304+0000][gc,phases     ] GC(83)   Post Evacuate Collection Set: 1.2ms
[2025-09-05T05:33:35.304+0000][gc,phases     ] GC(83)   Other: 20.6ms
[2025-09-05T05:33:35.304+0000][gc,heap       ] GC(83) Eden regions: 47->0(47)
[2025-09-05T05:33:35.304+0000][gc,heap       ] GC(83) Survivor regions: 4->4(7)
[2025-09-05T05:33:35.304+0000][gc,heap       ] GC(83) Old regions: 130->132
[2025-09-05T05:33:35.304+0000][gc,heap       ] GC(83) Humongous regions: 129->129
[2025-09-05T05:33:35.304+0000][gc,metaspace  ] GC(83) Metaspace: 54460K(57392K)->54460K(57392K) NonClass: 48037K(49584K)->48037K(49584K) Class: 6422K(7808K)->6422K(7808K)
[2025-09-05T05:33:35.304+0000][gc            ] GC(83) Pause Young (Normal) (G1 Evacuation Pause) 309M->264M(1024M) 110.672ms
[2025-09-05T05:33:35.304+0000][gc,cpu        ] GC(83) User=0.58s Sys=0.04s Real=0.11s
[2025-09-05T05:37:23.288+0000][gc,start      ] GC(84) Pause Young (Normal) (G1 Evacuation Pause)
[2025-09-05T05:37:23.289+0000][gc,task       ] GC(84) Using 8 workers of 8 for evacuation
[2025-09-05T05:37:23.365+0000][gc,mmu        ] GC(84) MMU target violated: 21.0ms (20.0ms/21.0ms)
[2025-09-05T05:37:23.365+0000][gc,phases     ] GC(84)   Pre Evacuate Collection Set: 9.1ms
[2025-09-05T05:37:23.366+0000][gc,phases     ] GC(84)   Evacuate Collection Set: 62.7ms
[2025-09-05T05:37:23.366+0000][gc,phases     ] GC(84)   Post Evacuate Collection Set: 1.6ms
[2025-09-05T05:37:23.366+0000][gc,phases     ] GC(84)   Other: 5.4ms
[2025-09-05T05:37:23.366+0000][gc,heap       ] GC(84) Eden regions: 47->0(46)
[2025-09-05T05:37:23.366+0000][gc,heap       ] GC(84) Survivor regions: 4->5(7)
[2025-09-05T05:37:23.366+0000][gc,heap       ] GC(84) Old regions: 132->133
[2025-09-05T05:37:23.366+0000][gc,heap       ] GC(84) Humongous regions: 129->129
[2025-09-05T05:37:23.366+0000][gc,metaspace  ] GC(84) Metaspace: 54460K(57392K)->54460K(57392K) NonClass: 48038K(49584K)->48038K(49584K) Class: 6422K(7808K)->6422K(7808K)
[2025-09-05T05:37:23.366+0000][gc            ] GC(84) Pause Young (Normal) (G1 Evacuation Pause) 311M->265M(1024M) 78.854ms
[2025-09-05T05:37:23.367+0000][gc,cpu        ] GC(84) User=0.38s Sys=0.06s Real=0.08s
[2025-09-05T05:40:10.069+0000][gc,start      ] GC(85) Pause Young (Normal) (G1 Evacuation Pause)
[2025-09-05T05:40:10.071+0000][gc,task       ] GC(85) Using 8 workers of 8 for evacuation
[2025-09-05T05:40:10.121+0000][gc,mmu        ] GC(85) MMU target violated: 21.0ms (20.0ms/21.0ms)
[2025-09-05T05:40:10.121+0000][gc,phases     ] GC(85)   Pre Evacuate Collection Set: 7.4ms
[2025-09-05T05:40:10.121+0000][gc,phases     ] GC(85)   Evacuate Collection Set: 39.0ms
[2025-09-05T05:40:10.121+0000][gc,phases     ] GC(85)   Post Evacuate Collection Set: 1.5ms
[2025-09-05T05:40:10.122+0000][gc,phases     ] GC(85)   Other: 5.6ms
[2025-09-05T05:40:10.122+0000][gc,heap       ] GC(85) Eden regions: 46->0(47)
[2025-09-05T05:40:10.122+0000][gc,heap       ] GC(85) Survivor regions: 5->4(7)
[2025-09-05T05:40:10.122+0000][gc,heap       ] GC(85) Old regions: 133->135
[2025-09-05T05:40:10.122+0000][gc,heap       ] GC(85) Humongous regions: 129->129
[2025-09-05T05:40:10.122+0000][gc,metaspace  ] GC(85) Metaspace: 54460K(57392K)->54460K(57392K) NonClass: 48038K(49584K)->48038K(49584K) Class: 6422K(7808K)->6422K(7808K)
[2025-09-05T05:40:10.122+0000][gc            ] GC(85) Pause Young (Normal) (G1 Evacuation Pause) 311M->267M(1024M) 53.765ms
[2025-09-05T05:40:10.122+0000][gc,cpu        ] GC(85) User=0.28s Sys=0.01s Real=0.05s
[2025-09-05T05:42:59.570+0000][gc,start      ] GC(86) Pause Young (Normal) (G1 Evacuation Pause)
[2025-09-05T05:42:59.573+0000][gc,task       ] GC(86) Using 8 workers of 8 for evacuation
[2025-09-05T05:42:59.640+0000][gc,mmu        ] GC(86) MMU target violated: 21.0ms (20.0ms/21.0ms)
[2025-09-05T05:42:59.641+0000][gc,phases     ] GC(86)   Pre Evacuate Collection Set: 7.3ms
[2025-09-05T05:42:59.641+0000][gc,phases     ] GC(86)   Evacuate Collection Set: 57.5ms
[2025-09-05T05:42:59.641+0000][gc,phases     ] GC(86)   Post Evacuate Collection Set: 1.4ms
[2025-09-05T05:42:59.641+0000][gc,phases     ] GC(86)   Other: 4.8ms
[2025-09-05T05:42:59.641+0000][gc,heap       ] GC(86) Eden regions: 47->0(47)
[2025-09-05T05:42:59.641+0000][gc,heap       ] GC(86) Survivor regions: 4->4(7)
[2025-09-05T05:42:59.641+0000][gc,heap       ] GC(86) Old regions: 135->137
[2025-09-05T05:42:59.641+0000][gc,heap       ] GC(86) Humongous regions: 129->129
[2025-09-05T05:42:59.641+0000][gc,metaspace  ] GC(86) Metaspace: 54460K(57392K)->54460K(57392K) NonClass: 48038K(49584K)->48038K(49584K) Class: 6422K(7808K)->6422K(7808K)
[2025-09-05T05:42:59.642+0000][gc            ] GC(86) Pause Young (Normal) (G1 Evacuation Pause) 314M->269M(1024M) 71.594ms
[2025-09-05T05:42:59.642+0000][gc,cpu        ] GC(86) User=0.45s Sys=0.01s Real=0.07s
[2025-09-05T05:45:55.163+0000][gc,start      ] GC(87) Pause Young (Normal) (G1 Evacuation Pause)
[2025-09-05T05:45:55.166+0000][gc,task       ] GC(87) Using 8 workers of 8 for evacuation
[2025-09-05T05:45:55.213+0000][gc,mmu        ] GC(87) MMU target violated: 21.0ms (20.0ms/21.0ms)
[2025-09-05T05:45:55.213+0000][gc,phases     ] GC(87)   Pre Evacuate Collection Set: 6.6ms
[2025-09-05T05:45:55.213+0000][gc,phases     ] GC(87)   Evacuate Collection Set: 37.9ms
[2025-09-05T05:45:55.213+0000][gc,phases     ] GC(87)   Post Evacuate Collection Set: 1.4ms
[2025-09-05T05:45:55.213+0000][gc,phases     ] GC(87)   Other: 4.5ms
[2025-09-05T05:45:55.213+0000][gc,heap       ] GC(87) Eden regions: 47->0(47)
[2025-09-05T05:45:55.214+0000][gc,heap       ] GC(87) Survivor regions: 4->4(7)
[2025-09-05T05:45:55.214+0000][gc,heap       ] GC(87) Old regions: 137->139
[2025-09-05T05:45:55.214+0000][gc,heap       ] GC(87) Humongous regions: 129->129
[2025-09-05T05:45:55.214+0000][gc,metaspace  ] GC(87) Metaspace: 54460K(57392K)->54460K(57392K) NonClass: 48038K(49584K)->48038K(49584K) Class: 6422K(7808K)->6422K(7808K)
[2025-09-05T05:45:55.214+0000][gc            ] GC(87) Pause Young (Normal) (G1 Evacuation Pause) 316M->271M(1024M) 50.672ms
[2025-09-05T05:45:55.214+0000][gc,cpu        ] GC(87) User=0.25s Sys=0.02s Real=0.05s
[2025-09-05T05:48:46.650+0000][gc,start      ] GC(88) Pause Young (Normal) (G1 Evacuation Pause)
[2025-09-05T05:48:46.653+0000][gc,task       ] GC(88) Using 8 workers of 8 for evacuation
[2025-09-05T05:48:46.714+0000][gc,mmu        ] GC(88) MMU target violated: 21.0ms (20.0ms/21.0ms)
[2025-09-05T05:48:46.714+0000][gc,phases     ] GC(88)   Pre Evacuate Collection Set: 17.1ms
[2025-09-05T05:48:46.714+0000][gc,phases     ] GC(88)   Evacuate Collection Set: 41.2ms
[2025-09-05T05:48:46.714+0000][gc,phases     ] GC(88)   Post Evacuate Collection Set: 1.5ms
[2025-09-05T05:48:46.714+0000][gc,phases     ] GC(88)   Other: 4.6ms
[2025-09-05T05:48:46.715+0000][gc,heap       ] GC(88) Eden regions: 47->0(46)
[2025-09-05T05:48:46.715+0000][gc,heap       ] GC(88) Survivor regions: 4->5(7)
[2025-09-05T05:48:46.715+0000][gc,heap       ] GC(88) Old regions: 139->141
[2025-09-05T05:48:46.715+0000][gc,heap       ] GC(88) Humongous regions: 129->129
[2025-09-05T05:48:46.715+0000][gc,metaspace  ] GC(88) Metaspace: 54460K(57392K)->54460K(57392K) NonClass: 48038K(49584K)->48038K(49584K) Class: 6422K(7808K)->6422K(7808K)
[2025-09-05T05:48:46.715+0000][gc            ] GC(88) Pause Young (Normal) (G1 Evacuation Pause) 318M->273M(1024M) 65.122ms
[2025-09-05T05:48:46.715+0000][gc,cpu        ] GC(88) User=0.33s Sys=0.00s Real=0.06s
[2025-09-05T05:51:32.398+0000][gc,start      ] GC(89) Pause Young (Normal) (G1 Evacuation Pause)
[2025-09-05T05:51:32.401+0000][gc,task       ] GC(89) Using 8 workers of 8 for evacuation
[2025-09-05T05:51:32.469+0000][gc,mmu        ] GC(89) MMU target violated: 21.0ms (20.0ms/21.0ms)
[2025-09-05T05:51:32.470+0000][gc,phases     ] GC(89)   Pre Evacuate Collection Set: 18.9ms
[2025-09-05T05:51:32.470+0000][gc,phases     ] GC(89)   Evacuate Collection Set: 46.4ms
[2025-09-05T05:51:32.470+0000][gc,phases     ] GC(89)   Post Evacuate Collection Set: 1.4ms
[2025-09-05T05:51:32.470+0000][gc,phases     ] GC(89)   Other: 5.6ms
[2025-09-05T05:51:32.470+0000][gc,heap       ] GC(89) Eden regions: 46->0(46)
[2025-09-05T05:51:32.470+0000][gc,heap       ] GC(89) Survivor regions: 5->5(7)
[2025-09-05T05:51:32.470+0000][gc,heap       ] GC(89) Old regions: 141->142
[2025-09-05T05:51:32.470+0000][gc,heap       ] GC(89) Humongous regions: 129->129
[2025-09-05T05:51:32.470+0000][gc,metaspace  ] GC(89) Metaspace: 54460K(57392K)->54460K(57392K) NonClass: 48038K(49584K)->48038K(49584K) Class: 6422K(7808K)->6422K(7808K)
[2025-09-05T05:51:32.470+0000][gc            ] GC(89) Pause Young (Normal) (G1 Evacuation Pause) 319M->274M(1024M) 72.632ms
[2025-09-05T05:51:32.471+0000][gc,cpu        ] GC(89) User=0.36s Sys=0.00s Real=0.08s
[2025-09-05T05:54:18.008+0000][gc,start      ] GC(90) Pause Young (Normal) (G1 Evacuation Pause)
[2025-09-05T05:54:18.010+0000][gc,task       ] GC(90) Using 8 workers of 8 for evacuation
[2025-09-05T05:54:18.064+0000][gc,mmu        ] GC(90) MMU target violated: 21.0ms (20.0ms/21.0ms)
[2025-09-05T05:54:18.065+0000][gc,phases     ] GC(90)   Pre Evacuate Collection Set: 7.9ms
[2025-09-05T05:54:18.065+0000][gc,phases     ] GC(90)   Evacuate Collection Set: 41.4ms
[2025-09-05T05:54:18.065+0000][gc,phases     ] GC(90)   Post Evacuate Collection Set: 3.2ms
[2025-09-05T05:54:18.065+0000][gc,phases     ] GC(90)   Other: 5.0ms
[2025-09-05T05:54:18.065+0000][gc,heap       ] GC(90) Eden regions: 46->0(47)
[2025-09-05T05:54:18.065+0000][gc,heap       ] GC(90) Survivor regions: 5->4(7)
[2025-09-05T05:54:18.066+0000][gc,heap       ] GC(90) Old regions: 142->144
[2025-09-05T05:54:18.066+0000][gc,heap       ] GC(90) Humongous regions: 129->129
[2025-09-05T05:54:18.066+0000][gc,metaspace  ] GC(90) Metaspace: 54460K(57392K)->54460K(57392K) NonClass: 48038K(49584K)->48038K(49584K) Class: 6422K(7808K)->6422K(7808K)
[2025-09-05T05:54:18.066+0000][gc            ] GC(90) Pause Young (Normal) (G1 Evacuation Pause) 320M->276M(1024M) 57.920ms
[2025-09-05T05:54:18.066+0000][gc,cpu        ] GC(90) User=0.31s Sys=0.00s Real=0.06s
[2025-09-05T05:57:03.904+0000][gc,start      ] GC(91) Pause Young (Normal) (G1 Evacuation Pause)
[2025-09-05T05:57:03.907+0000][gc,task       ] GC(91) Using 8 workers of 8 for evacuation
[2025-09-05T05:57:03.965+0000][gc,mmu        ] GC(91) MMU target violated: 21.0ms (20.0ms/21.0ms)
[2025-09-05T05:57:03.965+0000][gc,phases     ] GC(91)   Pre Evacuate Collection Set: 7.1ms
[2025-09-05T05:57:03.966+0000][gc,phases     ] GC(91)   Evacuate Collection Set: 49.0ms
[2025-09-05T05:57:03.966+0000][gc,phases     ] GC(91)   Post Evacuate Collection Set: 1.1ms
[2025-09-05T05:57:03.966+0000][gc,phases     ] GC(91)   Other: 5.0ms
[2025-09-05T05:57:03.966+0000][gc,heap       ] GC(91) Eden regions: 47->0(46)
[2025-09-05T05:57:03.966+0000][gc,heap       ] GC(91) Survivor regions: 4->5(7)
[2025-09-05T05:57:03.966+0000][gc,heap       ] GC(91) Old regions: 144->146
[2025-09-05T05:57:03.966+0000][gc,heap       ] GC(91) Humongous regions: 129->129
[2025-09-05T05:57:03.966+0000][gc,metaspace  ] GC(91) Metaspace: 54467K(57392K)->54467K(57392K) NonClass: 48045K(49584K)->48045K(49584K) Class: 6422K(7808K)->6422K(7808K)
[2025-09-05T05:57:03.966+0000][gc            ] GC(91) Pause Young (Normal) (G1 Evacuation Pause) 323M->278M(1024M) 62.522ms
[2025-09-05T05:57:03.966+0000][gc,cpu        ] GC(91) User=0.37s Sys=0.00s Real=0.07s
[2025-09-05T06:00:01.451+0000][gc,start      ] GC(92) Pause Young (Normal) (G1 Evacuation Pause)
[2025-09-05T06:00:01.454+0000][gc,task       ] GC(92) Using 8 workers of 8 for evacuation
[2025-09-05T06:00:01.518+0000][gc,mmu        ] GC(92) MMU target violated: 21.0ms (20.0ms/21.0ms)
[2025-09-05T06:00:01.518+0000][gc,phases     ] GC(92)   Pre Evacuate Collection Set: 10.8ms
[2025-09-05T06:00:01.518+0000][gc,phases     ] GC(92)   Evacuate Collection Set: 50.2ms
[2025-09-05T06:00:01.518+0000][gc,phases     ] GC(92)   Post Evacuate Collection Set: 1.2ms
[2025-09-05T06:00:01.518+0000][gc,phases     ] GC(92)   Other: 5.4ms
[2025-09-05T06:00:01.518+0000][gc,heap       ] GC(92) Eden regions: 46->0(46)
[2025-09-05T06:00:01.519+0000][gc,heap       ] GC(92) Survivor regions: 5->5(7)
[2025-09-05T06:00:01.519+0000][gc,heap       ] GC(92) Old regions: 146->148
[2025-09-05T06:00:01.519+0000][gc,heap       ] GC(92) Humongous regions: 129->129
[2025-09-05T06:00:01.519+0000][gc,metaspace  ] GC(92) Metaspace: 54467K(57392K)->54467K(57392K) NonClass: 48045K(49584K)->48045K(49584K) Class: 6422K(7808K)->6422K(7808K)
[2025-09-05T06:00:01.519+0000][gc            ] GC(92) Pause Young (Normal) (G1 Evacuation Pause) 324M->280M(1024M) 67.903ms
[2025-09-05T06:00:01.519+0000][gc,cpu        ] GC(92) User=0.40s Sys=0.01s Real=0.07s
[2025-09-05T06:05:25.288+0000][gc,start      ] GC(93) Pause Young (Normal) (G1 Evacuation Pause)
[2025-09-05T06:05:25.292+0000][gc,task       ] GC(93) Using 8 workers of 8 for evacuation
[2025-09-05T06:05:25.350+0000][gc,mmu        ] GC(93) MMU target violated: 21.0ms (20.0ms/21.0ms)
[2025-09-05T06:05:25.351+0000][gc,phases     ] GC(93)   Pre Evacuate Collection Set: 17.2ms
[2025-09-05T06:05:25.351+0000][gc,phases     ] GC(93)   Evacuate Collection Set: 38.9ms
[2025-09-05T06:05:25.351+0000][gc,phases     ] GC(93)   Post Evacuate Collection Set: 1.4ms
[2025-09-05T06:05:25.351+0000][gc,phases     ] GC(93)   Other: 5.4ms
[2025-09-05T06:05:25.351+0000][gc,heap       ] GC(93) Eden regions: 46->0(47)
[2025-09-05T06:05:25.351+0000][gc,heap       ] GC(93) Survivor regions: 5->4(7)
[2025-09-05T06:05:25.351+0000][gc,heap       ] GC(93) Old regions: 148->150
[2025-09-05T06:05:25.351+0000][gc,heap       ] GC(93) Humongous regions: 129->129
[2025-09-05T06:05:25.352+0000][gc,metaspace  ] GC(93) Metaspace: 54467K(57392K)->54467K(57392K) NonClass: 48045K(49584K)->48045K(49584K) Class: 6422K(7808K)->6422K(7808K)
[2025-09-05T06:05:25.352+0000][gc            ] GC(93) Pause Young (Normal) (G1 Evacuation Pause) 326M->282M(1024M) 63.393ms
[2025-09-05T06:05:25.352+0000][gc,cpu        ] GC(93) User=0.30s Sys=0.01s Real=0.06s
[2025-09-05T06:08:16.123+0000][gc,start      ] GC(94) Pause Young (Normal) (G1 Evacuation Pause)
[2025-09-05T06:08:16.126+0000][gc,task       ] GC(94) Using 8 workers of 8 for evacuation
[2025-09-05T06:08:16.188+0000][gc,mmu        ] GC(94) MMU target violated: 21.0ms (20.0ms/21.0ms)
[2025-09-05T06:08:16.188+0000][gc,phases     ] GC(94)   Pre Evacuate Collection Set: 8.9ms
[2025-09-05T06:08:16.188+0000][gc,phases     ] GC(94)   Evacuate Collection Set: 50.4ms
[2025-09-05T06:08:16.189+0000][gc,phases     ] GC(94)   Post Evacuate Collection Set: 1.3ms
[2025-09-05T06:08:16.189+0000][gc,phases     ] GC(94)   Other: 5.2ms
[2025-09-05T06:08:16.189+0000][gc,heap       ] GC(94) Eden regions: 47->0(46)
[2025-09-05T06:08:16.189+0000][gc,heap       ] GC(94) Survivor regions: 4->5(7)
[2025-09-05T06:08:16.189+0000][gc,heap       ] GC(94) Old regions: 150->151
[2025-09-05T06:08:16.189+0000][gc,heap       ] GC(94) Humongous regions: 129->129
[2025-09-05T06:08:16.189+0000][gc,metaspace  ] GC(94) Metaspace: 54467K(57392K)->54467K(57392K) NonClass: 48045K(49584K)->48045K(49584K) Class: 6422K(7808K)->6422K(7808K)
[2025-09-05T06:08:16.190+0000][gc            ] GC(94) Pause Young (Normal) (G1 Evacuation Pause) 329M->283M(1024M) 66.454ms
[2025-09-05T06:08:16.190+0000][gc,cpu        ] GC(94) User=0.38s Sys=0.03s Real=0.06s
[2025-09-05T06:11:02.458+0000][gc,start      ] GC(95) Pause Young (Normal) (G1 Evacuation Pause)
[2025-09-05T06:11:02.461+0000][gc,task       ] GC(95) Using 8 workers of 8 for evacuation
[2025-09-05T06:11:02.509+0000][gc,mmu        ] GC(95) MMU target violated: 21.0ms (20.0ms/21.0ms)
[2025-09-05T06:11:02.509+0000][gc,phases     ] GC(95)   Pre Evacuate Collection Set: 7.3ms
[2025-09-05T06:11:02.509+0000][gc,phases     ] GC(95)   Evacuate Collection Set: 37.5ms
[2025-09-05T06:11:02.510+0000][gc,phases     ] GC(95)   Post Evacuate Collection Set: 1.5ms
[2025-09-05T06:11:02.510+0000][gc,phases     ] GC(95)   Other: 6.0ms
[2025-09-05T06:11:02.510+0000][gc,heap       ] GC(95) Eden regions: 46->0(46)
[2025-09-05T06:11:02.510+0000][gc,heap       ] GC(95) Survivor regions: 5->5(7)
[2025-09-05T06:11:02.510+0000][gc,heap       ] GC(95) Old regions: 151->153
[2025-09-05T06:11:02.510+0000][gc,heap       ] GC(95) Humongous regions: 129->129
[2025-09-05T06:11:02.510+0000][gc,metaspace  ] GC(95) Metaspace: 54484K(57392K)->54484K(57392K) NonClass: 48062K(49584K)->48062K(49584K) Class: 6422K(7808K)->6422K(7808K)
[2025-09-05T06:11:02.511+0000][gc            ] GC(95) Pause Young (Normal) (G1 Evacuation Pause) 329M->285M(1024M) 53.080ms
[2025-09-05T06:11:02.511+0000][gc,cpu        ] GC(95) User=0.29s Sys=0.00s Real=0.05s
[2025-09-05T06:13:38.926+0000][gc,start      ] GC(96) Pause Young (Normal) (G1 Evacuation Pause)
[2025-09-05T06:13:38.928+0000][gc,task       ] GC(96) Using 8 workers of 8 for evacuation
[2025-09-05T06:13:38.949+0000][gc,mmu        ] GC(96) MMU target violated: 21.0ms (20.0ms/21.0ms)
[2025-09-05T06:13:38.949+0000][gc,phases     ] GC(96)   Pre Evacuate Collection Set: 2.2ms
[2025-09-05T06:13:38.949+0000][gc,phases     ] GC(96)   Evacuate Collection Set: 17.9ms
[2025-09-05T06:13:38.949+0000][gc,phases     ] GC(96)   Post Evacuate Collection Set: 0.8ms
[2025-09-05T06:13:38.949+0000][gc,phases     ] GC(96)   Other: 2.5ms
[2025-09-05T06:13:38.949+0000][gc,heap       ] GC(96) Eden regions: 46->0(46)
[2025-09-05T06:13:38.949+0000][gc,heap       ] GC(96) Survivor regions: 5->5(7)
[2025-09-05T06:13:38.949+0000][gc,heap       ] GC(96) Old regions: 153->155
[2025-09-05T06:13:38.949+0000][gc,heap       ] GC(96) Humongous regions: 129->129
[2025-09-05T06:13:38.949+0000][gc,metaspace  ] GC(96) Metaspace: 54484K(57392K)->54484K(57392K) NonClass: 48062K(49584K)->48062K(49584K) Class: 6422K(7808K)->6422K(7808K)
[2025-09-05T06:13:38.950+0000][gc            ] GC(96) Pause Young (Normal) (G1 Evacuation Pause) 331M->288M(1024M) 23.715ms
[2025-09-05T06:13:38.950+0000][gc,cpu        ] GC(96) User=0.14s Sys=0.00s Real=0.02s
[2025-09-05T06:16:22.975+0000][gc,start      ] GC(97) Pause Young (Normal) (G1 Evacuation Pause)
[2025-09-05T06:16:22.978+0000][gc,task       ] GC(97) Using 8 workers of 8 for evacuation
[2025-09-05T06:16:23.022+0000][gc,mmu        ] GC(97) MMU target violated: 21.0ms (20.0ms/21.0ms)
[2025-09-05T06:16:23.022+0000][gc,phases     ] GC(97)   Pre Evacuate Collection Set: 7.6ms
[2025-09-05T06:16:23.022+0000][gc,phases     ] GC(97)   Evacuate Collection Set: 31.9ms
[2025-09-05T06:16:23.022+0000][gc,phases     ] GC(97)   Post Evacuate Collection Set: 1.7ms
[2025-09-05T06:16:23.023+0000][gc,phases     ] GC(97)   Other: 6.8ms
[2025-09-05T06:16:23.023+0000][gc,heap       ] GC(97) Eden regions: 46->0(47)
[2025-09-05T06:16:23.023+0000][gc,heap       ] GC(97) Survivor regions: 5->4(7)
[2025-09-05T06:16:23.023+0000][gc,heap       ] GC(97) Old regions: 155->157
[2025-09-05T06:16:23.023+0000][gc,heap       ] GC(97) Humongous regions: 129->129
[2025-09-05T06:16:23.023+0000][gc,metaspace  ] GC(97) Metaspace: 54484K(57392K)->54484K(57392K) NonClass: 48062K(49584K)->48062K(49584K) Class: 6422K(7808K)->6422K(7808K)
[2025-09-05T06:16:23.023+0000][gc            ] GC(97) Pause Young (Normal) (G1 Evacuation Pause) 334M->288M(1024M) 48.062ms
[2025-09-05T06:16:23.023+0000][gc,cpu        ] GC(97) User=0.25s Sys=0.01s Real=0.05s
[2025-09-05T06:19:13.538+0000][gc,start      ] GC(98) Pause Young (Normal) (G1 Evacuation Pause)
[2025-09-05T06:19:13.542+0000][gc,task       ] GC(98) Using 8 workers of 8 for evacuation
[2025-09-05T06:19:13.602+0000][gc,mmu        ] GC(98) MMU target violated: 21.0ms (20.0ms/21.0ms)
[2025-09-05T06:19:13.602+0000][gc,phases     ] GC(98)   Pre Evacuate Collection Set: 7.6ms
[2025-09-05T06:19:13.603+0000][gc,phases     ] GC(98)   Evacuate Collection Set: 49.6ms
[2025-09-05T06:19:13.603+0000][gc,phases     ] GC(98)   Post Evacuate Collection Set: 1.7ms
[2025-09-05T06:19:13.603+0000][gc,phases     ] GC(98)   Other: 5.8ms
[2025-09-05T06:19:13.603+0000][gc,heap       ] GC(98) Eden regions: 47->0(45)
[2025-09-05T06:19:13.603+0000][gc,heap       ] GC(98) Survivor regions: 4->6(7)
[2025-09-05T06:19:13.603+0000][gc,heap       ] GC(98) Old regions: 157->157
[2025-09-05T06:19:13.603+0000][gc,heap       ] GC(98) Humongous regions: 129->129
[2025-09-05T06:19:13.603+0000][gc,metaspace  ] GC(98) Metaspace: 54484K(57392K)->54484K(57392K) NonClass: 48062K(49584K)->48062K(49584K) Class: 6422K(7808K)->6422K(7808K)
[2025-09-05T06:19:13.603+0000][gc            ] GC(98) Pause Young (Normal) (G1 Evacuation Pause) 335M->290M(1024M) 65.068ms
[2025-09-05T06:19:13.604+0000][gc,cpu        ] GC(98) User=0.31s Sys=0.00s Real=0.06s
[2025-09-05T06:21:52.377+0000][gc,start      ] GC(99) Pause Young (Normal) (G1 Evacuation Pause)
[2025-09-05T06:21:52.382+0000][gc,task       ] GC(99) Using 8 workers of 8 for evacuation
[2025-09-05T06:21:52.455+0000][gc,mmu        ] GC(99) MMU target violated: 21.0ms (20.0ms/21.0ms)
[2025-09-05T06:21:52.455+0000][gc,phases     ] GC(99)   Pre Evacuate Collection Set: 12.3ms
[2025-09-05T06:21:52.455+0000][gc,phases     ] GC(99)   Evacuate Collection Set: 58.1ms
[2025-09-05T06:21:52.456+0000][gc,phases     ] GC(99)   Post Evacuate Collection Set: 1.2ms
[2025-09-05T06:21:52.456+0000][gc,phases     ] GC(99)   Other: 8.3ms
[2025-09-05T06:21:52.456+0000][gc,heap       ] GC(99) Eden regions: 45->0(45)
[2025-09-05T06:21:52.456+0000][gc,heap       ] GC(99) Survivor regions: 6->6(7)
[2025-09-05T06:21:52.456+0000][gc,heap       ] GC(99) Old regions: 157->158
[2025-09-05T06:21:52.456+0000][gc,heap       ] GC(99) Humongous regions: 129->129
[2025-09-05T06:21:52.456+0000][gc,metaspace  ] GC(99) Metaspace: 54492K(57648K)->54492K(57648K) NonClass: 48070K(49840K)->48070K(49840K) Class: 6422K(7808K)->6422K(7808K)
[2025-09-05T06:21:52.456+0000][gc            ] GC(99) Pause Young (Normal) (G1 Evacuation Pause) 335M->292M(1024M) 78.894ms
[2025-09-05T06:21:52.456+0000][gc,cpu        ] GC(99) User=0.45s Sys=0.00s Real=0.08s
[2025-09-05T06:24:34.347+0000][gc,start      ] GC(100) Pause Young (Normal) (G1 Evacuation Pause)
[2025-09-05T06:24:34.348+0000][gc,task       ] GC(100) Using 8 workers of 8 for evacuation
[2025-09-05T06:24:34.403+0000][gc,mmu        ] GC(100) MMU target violated: 21.0ms (20.0ms/21.0ms)
[2025-09-05T06:24:34.403+0000][gc,phases     ] GC(100)   Pre Evacuate Collection Set: 9.4ms
[2025-09-05T06:24:34.403+0000][gc,phases     ] GC(100)   Evacuate Collection Set: 42.0ms
[2025-09-05T06:24:34.403+0000][gc,phases     ] GC(100)   Post Evacuate Collection Set: 1.7ms
[2025-09-05T06:24:34.403+0000][gc,phases     ] GC(100)   Other: 3.6ms
[2025-09-05T06:24:34.404+0000][gc,heap       ] GC(100) Eden regions: 45->0(47)
[2025-09-05T06:24:34.404+0000][gc,heap       ] GC(100) Survivor regions: 6->4(7)
[2025-09-05T06:24:34.404+0000][gc,heap       ] GC(100) Old regions: 158->162
[2025-09-05T06:24:34.404+0000][gc,heap       ] GC(100) Humongous regions: 129->129
[2025-09-05T06:24:34.404+0000][gc,metaspace  ] GC(100) Metaspace: 54492K(57648K)->54492K(57648K) NonClass: 48070K(49840K)->48070K(49840K) Class: 6422K(7808K)->6422K(7808K)
[2025-09-05T06:24:34.404+0000][gc            ] GC(100) Pause Young (Normal) (G1 Evacuation Pause) 337M->293M(1024M) 57.651ms
[2025-09-05T06:24:34.405+0000][gc,cpu        ] GC(100) User=0.31s Sys=0.02s Real=0.06s
[2025-09-05T06:27:23.900+0000][gc,start      ] GC(101) Pause Young (Normal) (G1 Evacuation Pause)
[2025-09-05T06:27:23.902+0000][gc,task       ] GC(101) Using 8 workers of 8 for evacuation
[2025-09-05T06:27:23.967+0000][gc,mmu        ] GC(101) MMU target violated: 21.0ms (20.0ms/21.0ms)
[2025-09-05T06:27:23.967+0000][gc,phases     ] GC(101)   Pre Evacuate Collection Set: 11.8ms
[2025-09-05T06:27:23.967+0000][gc,phases     ] GC(101)   Evacuate Collection Set: 49.8ms
[2025-09-05T06:27:23.967+0000][gc,phases     ] GC(101)   Post Evacuate Collection Set: 1.2ms
[2025-09-05T06:27:23.967+0000][gc,phases     ] GC(101)   Other: 4.7ms
[2025-09-05T06:27:23.967+0000][gc,heap       ] GC(101) Eden regions: 47->0(45)
[2025-09-05T06:27:23.968+0000][gc,heap       ] GC(101) Survivor regions: 4->6(7)
[2025-09-05T06:27:23.968+0000][gc,heap       ] GC(101) Old regions: 162->162
[2025-09-05T06:27:23.968+0000][gc,heap       ] GC(101) Humongous regions: 129->129
[2025-09-05T06:27:23.968+0000][gc,metaspace  ] GC(101) Metaspace: 54492K(57648K)->54492K(57648K) NonClass: 48070K(49840K)->48070K(49840K) Class: 6422K(7808K)->6422K(7808K)
[2025-09-05T06:27:23.968+0000][gc            ] GC(101) Pause Young (Normal) (G1 Evacuation Pause) 340M->295M(1024M) 68.005ms
[2025-09-05T06:27:23.968+0000][gc,cpu        ] GC(101) User=0.38s Sys=0.00s Real=0.07s
[2025-09-05T06:30:05.199+0000][gc,start      ] GC(102) Pause Young (Normal) (G1 Evacuation Pause)
[2025-09-05T06:30:05.202+0000][gc,task       ] GC(102) Using 8 workers of 8 for evacuation
[2025-09-05T06:30:05.247+0000][gc,mmu        ] GC(102) MMU target violated: 21.0ms (20.0ms/21.0ms)
[2025-09-05T06:30:05.248+0000][gc,phases     ] GC(102)   Pre Evacuate Collection Set: 7.7ms
[2025-09-05T06:30:05.248+0000][gc,phases     ] GC(102)   Evacuate Collection Set: 34.6ms
[2025-09-05T06:30:05.248+0000][gc,phases     ] GC(102)   Post Evacuate Collection Set: 1.5ms
[2025-09-05T06:30:05.248+0000][gc,phases     ] GC(102)   Other: 5.6ms
[2025-09-05T06:30:05.248+0000][gc,heap       ] GC(102) Eden regions: 45->0(46)
[2025-09-05T06:30:05.248+0000][gc,heap       ] GC(102) Survivor regions: 6->5(7)
[2025-09-05T06:30:05.248+0000][gc,heap       ] GC(102) Old regions: 162->163
[2025-09-05T06:30:05.248+0000][gc,heap       ] GC(102) Humongous regions: 129->129
[2025-09-05T06:30:05.249+0000][gc,metaspace  ] GC(102) Metaspace: 54492K(57648K)->54492K(57648K) NonClass: 48070K(49840K)->48070K(49840K) Class: 6422K(7808K)->6422K(7808K)
[2025-09-05T06:30:05.249+0000][gc            ] GC(102) Pause Young (Normal) (G1 Evacuation Pause) 340M->296M(1024M) 50.037ms
[2025-09-05T06:30:05.249+0000][gc,cpu        ] GC(102) User=0.27s Sys=0.00s Real=0.05s
[2025-09-05T06:32:50.196+0000][gc,start      ] GC(103) Pause Young (Normal) (G1 Evacuation Pause)
[2025-09-05T06:32:50.199+0000][gc,task       ] GC(103) Using 8 workers of 8 for evacuation
[2025-09-05T06:32:50.265+0000][gc,mmu        ] GC(103) MMU target violated: 21.0ms (20.0ms/21.0ms)
[2025-09-05T06:32:50.265+0000][gc,phases     ] GC(103)   Pre Evacuate Collection Set: 28.1ms
[2025-09-05T06:32:50.265+0000][gc,phases     ] GC(103)   Evacuate Collection Set: 35.5ms
[2025-09-05T06:32:50.265+0000][gc,phases     ] GC(103)   Post Evacuate Collection Set: 1.4ms
[2025-09-05T06:32:50.265+0000][gc,phases     ] GC(103)   Other: 4.9ms
[2025-09-05T06:32:50.265+0000][gc,heap       ] GC(103) Eden regions: 46->0(46)
[2025-09-05T06:32:50.266+0000][gc,heap       ] GC(103) Survivor regions: 5->5(7)
[2025-09-05T06:32:50.266+0000][gc,heap       ] GC(103) Old regions: 163->165
[2025-09-05T06:32:50.266+0000][gc,heap       ] GC(103) Humongous regions: 129->129
[2025-09-05T06:32:50.266+0000][gc,metaspace  ] GC(103) Metaspace: 54523K(57648K)->54523K(57648K) NonClass: 48101K(49840K)->48101K(49840K) Class: 6422K(7808K)->6422K(7808K)
[2025-09-05T06:32:50.266+0000][gc            ] GC(103) Pause Young (Normal) (G1 Evacuation Pause) 342M->298M(1024M) 70.189ms
[2025-09-05T06:32:50.266+0000][gc,cpu        ] GC(103) User=0.28s Sys=0.02s Real=0.07s
[2025-09-05T06:35:37.195+0000][gc,start      ] GC(104) Pause Young (Normal) (G1 Evacuation Pause)
[2025-09-05T06:35:37.198+0000][gc,task       ] GC(104) Using 8 workers of 8 for evacuation
[2025-09-05T06:35:37.258+0000][gc,mmu        ] GC(104) MMU target violated: 21.0ms (20.0ms/21.0ms)
[2025-09-05T06:35:37.259+0000][gc,phases     ] GC(104)   Pre Evacuate Collection Set: 13.6ms
[2025-09-05T06:35:37.259+0000][gc,phases     ] GC(104)   Evacuate Collection Set: 42.6ms
[2025-09-05T06:35:37.259+0000][gc,phases     ] GC(104)   Post Evacuate Collection Set: 1.9ms
[2025-09-05T06:35:37.259+0000][gc,phases     ] GC(104)   Other: 6.1ms
[2025-09-05T06:35:37.259+0000][gc,heap       ] GC(104) Eden regions: 46->0(46)
[2025-09-05T06:35:37.259+0000][gc,heap       ] GC(104) Survivor regions: 5->5(7)
[2025-09-05T06:35:37.260+0000][gc,heap       ] GC(104) Old regions: 165->167
[2025-09-05T06:35:37.260+0000][gc,heap       ] GC(104) Humongous regions: 129->129
[2025-09-05T06:35:37.260+0000][gc,metaspace  ] GC(104) Metaspace: 54523K(57648K)->54523K(57648K) NonClass: 48101K(49840K)->48101K(49840K) Class: 6422K(7808K)->6422K(7808K)
[2025-09-05T06:35:37.260+0000][gc            ] GC(104) Pause Young (Normal) (G1 Evacuation Pause) 344M->300M(1024M) 65.093ms
[2025-09-05T06:35:37.260+0000][gc,cpu        ] GC(104) User=0.35s Sys=0.00s Real=0.06s
[2025-09-05T06:38:22.881+0000][gc,start      ] GC(105) Pause Young (Normal) (G1 Evacuation Pause)
[2025-09-05T06:38:22.882+0000][gc,task       ] GC(105) Using 8 workers of 8 for evacuation
[2025-09-05T06:38:22.909+0000][gc,mmu        ] GC(105) MMU target violated: 21.0ms (20.0ms/21.0ms)
[2025-09-05T06:38:22.910+0000][gc,phases     ] GC(105)   Pre Evacuate Collection Set: 2.4ms
[2025-09-05T06:38:22.910+0000][gc,phases     ] GC(105)   Evacuate Collection Set: 23.4ms
[2025-09-05T06:38:22.910+0000][gc,phases     ] GC(105)   Post Evacuate Collection Set: 0.8ms
[2025-09-05T06:38:22.910+0000][gc,phases     ] GC(105)   Other: 1.7ms
[2025-09-05T06:38:22.910+0000][gc,heap       ] GC(105) Eden regions: 46->0(46)
[2025-09-05T06:38:22.910+0000][gc,heap       ] GC(105) Survivor regions: 5->5(7)
[2025-09-05T06:38:22.910+0000][gc,heap       ] GC(105) Old regions: 167->169
[2025-09-05T06:38:22.910+0000][gc,heap       ] GC(105) Humongous regions: 129->129
[2025-09-05T06:38:22.910+0000][gc,metaspace  ] GC(105) Metaspace: 54524K(57648K)->54524K(57648K) NonClass: 48101K(49840K)->48101K(49840K) Class: 6422K(7808K)->6422K(7808K)
[2025-09-05T06:38:22.910+0000][gc            ] GC(105) Pause Young (Normal) (G1 Evacuation Pause) 346M->301M(1024M) 28.535ms
[2025-09-05T06:38:22.910+0000][gc,cpu        ] GC(105) User=0.18s Sys=0.01s Real=0.03s
[2025-09-05T06:41:08.521+0000][gc,start      ] GC(106) Pause Young (Normal) (G1 Evacuation Pause)
[2025-09-05T06:41:08.524+0000][gc,task       ] GC(106) Using 8 workers of 8 for evacuation
[2025-09-05T06:41:08.587+0000][gc,mmu        ] GC(106) MMU target violated: 21.0ms (20.0ms/21.0ms)
[2025-09-05T06:41:08.587+0000][gc,phases     ] GC(106)   Pre Evacuate Collection Set: 14.6ms
[2025-09-05T06:41:08.587+0000][gc,phases     ] GC(106)   Evacuate Collection Set: 44.3ms
[2025-09-05T06:41:08.587+0000][gc,phases     ] GC(106)   Post Evacuate Collection Set: 2.2ms
[2025-09-05T06:41:08.588+0000][gc,phases     ] GC(106)   Other: 5.7ms
[2025-09-05T06:41:08.588+0000][gc,heap       ] GC(106) Eden regions: 46->0(46)
[2025-09-05T06:41:08.588+0000][gc,heap       ] GC(106) Survivor regions: 5->5(7)
[2025-09-05T06:41:08.589+0000][gc,heap       ] GC(106) Old regions: 169->170
[2025-09-05T06:41:08.589+0000][gc,heap       ] GC(106) Humongous regions: 129->129
[2025-09-05T06:41:08.589+0000][gc,metaspace  ] GC(106) Metaspace: 54524K(57648K)->54524K(57648K) NonClass: 48101K(49840K)->48101K(49840K) Class: 6422K(7808K)->6422K(7808K)
[2025-09-05T06:41:08.589+0000][gc            ] GC(106) Pause Young (Normal) (G1 Evacuation Pause) 347M->303M(1024M) 68.083ms
[2025-09-05T06:41:08.589+0000][gc,cpu        ] GC(106) User=0.31s Sys=0.02s Real=0.07s
[2025-09-05T06:43:53.526+0000][gc,start      ] GC(107) Pause Young (Normal) (G1 Evacuation Pause)
[2025-09-05T06:43:53.528+0000][gc,task       ] GC(107) Using 8 workers of 8 for evacuation
[2025-09-05T06:43:53.598+0000][gc,mmu        ] GC(107) MMU target violated: 21.0ms (20.0ms/21.0ms)
[2025-09-05T06:43:53.598+0000][gc,phases     ] GC(107)   Pre Evacuate Collection Set: 9.2ms
[2025-09-05T06:43:53.598+0000][gc,phases     ] GC(107)   Evacuate Collection Set: 56.6ms
[2025-09-05T06:43:53.598+0000][gc,phases     ] GC(107)   Post Evacuate Collection Set: 1.4ms
[2025-09-05T06:43:53.598+0000][gc,phases     ] GC(107)   Other: 5.9ms
[2025-09-05T06:43:53.598+0000][gc,heap       ] GC(107) Eden regions: 46->0(46)
[2025-09-05T06:43:53.598+0000][gc,heap       ] GC(107) Survivor regions: 5->5(7)
[2025-09-05T06:43:53.598+0000][gc,heap       ] GC(107) Old regions: 170->172
[2025-09-05T06:43:53.598+0000][gc,heap       ] GC(107) Humongous regions: 129->129
[2025-09-05T06:43:53.599+0000][gc,metaspace  ] GC(107) Metaspace: 54524K(57648K)->54524K(57648K) NonClass: 48101K(49840K)->48101K(49840K) Class: 6422K(7808K)->6422K(7808K)
[2025-09-05T06:43:53.599+0000][gc            ] GC(107) Pause Young (Normal) (G1 Evacuation Pause) 349M->305M(1024M) 73.100ms
[2025-09-05T06:43:53.599+0000][gc,cpu        ] GC(107) User=0.38s Sys=0.01s Real=0.08s
[2025-09-05T06:46:39.814+0000][gc,start      ] GC(108) Pause Young (Normal) (G1 Evacuation Pause)
[2025-09-05T06:46:39.817+0000][gc,task       ] GC(108) Using 8 workers of 8 for evacuation
[2025-09-05T06:46:39.873+0000][gc,mmu        ] GC(108) MMU target violated: 21.0ms (20.0ms/21.0ms)
[2025-09-05T06:46:39.873+0000][gc,phases     ] GC(108)   Pre Evacuate Collection Set: 11.2ms
[2025-09-05T06:46:39.874+0000][gc,phases     ] GC(108)   Evacuate Collection Set: 41.1ms
[2025-09-05T06:46:39.874+0000][gc,phases     ] GC(108)   Post Evacuate Collection Set: 2.0ms
[2025-09-05T06:46:39.874+0000][gc,phases     ] GC(108)   Other: 5.8ms
[2025-09-05T06:46:39.874+0000][gc,heap       ] GC(108) Eden regions: 46->0(46)
[2025-09-05T06:46:39.874+0000][gc,heap       ] GC(108) Survivor regions: 5->5(7)
[2025-09-05T06:46:39.874+0000][gc,heap       ] GC(108) Old regions: 172->174
[2025-09-05T06:46:39.874+0000][gc,heap       ] GC(108) Humongous regions: 129->129
[2025-09-05T06:46:39.875+0000][gc,metaspace  ] GC(108) Metaspace: 54539K(57648K)->54539K(57648K) NonClass: 48116K(49840K)->48116K(49840K) Class: 6422K(7808K)->6422K(7808K)
[2025-09-05T06:46:39.875+0000][gc            ] GC(108) Pause Young (Normal) (G1 Evacuation Pause) 351M->306M(1024M) 60.719ms
[2025-09-05T06:46:39.875+0000][gc,cpu        ] GC(108) User=0.32s Sys=0.02s Real=0.06s
[2025-09-05T06:49:26.675+0000][gc,start      ] GC(109) Pause Young (Normal) (G1 Evacuation Pause)
[2025-09-05T06:49:26.678+0000][gc,task       ] GC(109) Using 8 workers of 8 for evacuation
[2025-09-05T06:49:26.744+0000][gc,mmu        ] GC(109) MMU target violated: 21.0ms (20.0ms/21.0ms)
[2025-09-05T06:49:26.745+0000][gc,phases     ] GC(109)   Pre Evacuate Collection Set: 10.5ms
[2025-09-05T06:49:26.745+0000][gc,phases     ] GC(109)   Evacuate Collection Set: 52.2ms
[2025-09-05T06:49:26.745+0000][gc,phases     ] GC(109)   Post Evacuate Collection Set: 1.7ms
[2025-09-05T06:49:26.745+0000][gc,phases     ] GC(109)   Other: 6.1ms
[2025-09-05T06:49:26.745+0000][gc,heap       ] GC(109) Eden regions: 46->0(46)
[2025-09-05T06:49:26.745+0000][gc,heap       ] GC(109) Survivor regions: 5->5(7)
[2025-09-05T06:49:26.745+0000][gc,heap       ] GC(109) Old regions: 174->175
[2025-09-05T06:49:26.745+0000][gc,heap       ] GC(109) Humongous regions: 129->129
[2025-09-05T06:49:26.745+0000][gc,metaspace  ] GC(109) Metaspace: 54539K(57648K)->54539K(57648K) NonClass: 48116K(49840K)->48116K(49840K) Class: 6422K(7808K)->6422K(7808K)
[2025-09-05T06:49:26.746+0000][gc            ] GC(109) Pause Young (Normal) (G1 Evacuation Pause) 352M->308M(1024M) 70.698ms
[2025-09-05T06:49:26.746+0000][gc,cpu        ] GC(109) User=0.42s Sys=0.00s Real=0.07s
[2025-09-05T06:52:12.403+0000][gc,start      ] GC(110) Pause Young (Normal) (G1 Evacuation Pause)
[2025-09-05T06:52:12.406+0000][gc,task       ] GC(110) Using 8 workers of 8 for evacuation
[2025-09-05T06:52:12.450+0000][gc,mmu        ] GC(110) MMU target violated: 21.0ms (20.0ms/21.0ms)
[2025-09-05T06:52:12.451+0000][gc,phases     ] GC(110)   Pre Evacuate Collection Set: 7.1ms
[2025-09-05T06:52:12.451+0000][gc,phases     ] GC(110)   Evacuate Collection Set: 34.8ms
[2025-09-05T06:52:12.451+0000][gc,phases     ] GC(110)   Post Evacuate Collection Set: 1.4ms
[2025-09-05T06:52:12.451+0000][gc,phases     ] GC(110)   Other: 5.6ms
[2025-09-05T06:52:12.451+0000][gc,heap       ] GC(110) Eden regions: 46->0(46)
[2025-09-05T06:52:12.452+0000][gc,heap       ] GC(110) Survivor regions: 5->5(7)
[2025-09-05T06:52:12.452+0000][gc,heap       ] GC(110) Old regions: 175->177
[2025-09-05T06:52:12.452+0000][gc,heap       ] GC(110) Humongous regions: 129->129
[2025-09-05T06:52:12.452+0000][gc,metaspace  ] GC(110) Metaspace: 54540K(57648K)->54540K(57648K) NonClass: 48118K(49840K)->48118K(49840K) Class: 6422K(7808K)->6422K(7808K)
[2025-09-05T06:52:12.452+0000][gc            ] GC(110) Pause Young (Normal) (G1 Evacuation Pause) 354M->310M(1024M) 49.504ms
[2025-09-05T06:52:12.452+0000][gc,cpu        ] GC(110) User=0.27s Sys=0.01s Real=0.05s
[2025-09-05T06:54:59.045+0000][gc,start      ] GC(111) Pause Young (Normal) (G1 Evacuation Pause)
[2025-09-05T06:54:59.046+0000][gc,task       ] GC(111) Using 8 workers of 8 for evacuation
[2025-09-05T06:54:59.114+0000][gc,mmu        ] GC(111) MMU target violated: 21.0ms (20.0ms/21.0ms)
[2025-09-05T06:54:59.114+0000][gc,phases     ] GC(111)   Pre Evacuate Collection Set: 19.0ms
[2025-09-05T06:54:59.114+0000][gc,phases     ] GC(111)   Evacuate Collection Set: 46.2ms
[2025-09-05T06:54:59.115+0000][gc,phases     ] GC(111)   Post Evacuate Collection Set: 1.4ms
[2025-09-05T06:54:59.115+0000][gc,phases     ] GC(111)   Other: 3.7ms
[2025-09-05T06:54:59.115+0000][gc,heap       ] GC(111) Eden regions: 46->0(46)
[2025-09-05T06:54:59.115+0000][gc,heap       ] GC(111) Survivor regions: 5->5(7)
[2025-09-05T06:54:59.115+0000][gc,heap       ] GC(111) Old regions: 177->179
[2025-09-05T06:54:59.115+0000][gc,heap       ] GC(111) Humongous regions: 129->129
[2025-09-05T06:54:59.115+0000][gc,metaspace  ] GC(111) Metaspace: 54540K(57648K)->54540K(57648K) NonClass: 48118K(49840K)->48118K(49840K) Class: 6422K(7808K)->6422K(7808K)
[2025-09-05T06:54:59.115+0000][gc            ] GC(111) Pause Young (Normal) (G1 Evacuation Pause) 356M->311M(1024M) 70.784ms
[2025-09-05T06:54:59.115+0000][gc,cpu        ] GC(111) User=0.38s Sys=0.00s Real=0.07s
[2025-09-05T06:57:44.361+0000][gc,start      ] GC(112) Pause Young (Normal) (G1 Evacuation Pause)
[2025-09-05T06:57:44.365+0000][gc,task       ] GC(112) Using 8 workers of 8 for evacuation
[2025-09-05T06:57:44.418+0000][gc,mmu        ] GC(112) MMU target violated: 21.0ms (20.0ms/21.0ms)
[2025-09-05T06:57:44.418+0000][gc,phases     ] GC(112)   Pre Evacuate Collection Set: 7.4ms
[2025-09-05T06:57:44.418+0000][gc,phases     ] GC(112)   Evacuate Collection Set: 41.1ms
[2025-09-05T06:57:44.419+0000][gc,phases     ] GC(112)   Post Evacuate Collection Set: 2.4ms
[2025-09-05T06:57:44.419+0000][gc,phases     ] GC(112)   Other: 6.5ms
[2025-09-05T06:57:44.419+0000][gc,heap       ] GC(112) Eden regions: 46->0(46)
[2025-09-05T06:57:44.419+0000][gc,heap       ] GC(112) Survivor regions: 5->5(7)
[2025-09-05T06:57:44.419+0000][gc,heap       ] GC(112) Old regions: 179->181
[2025-09-05T06:57:44.419+0000][gc,heap       ] GC(112) Humongous regions: 129->129
[2025-09-05T06:57:44.419+0000][gc,metaspace  ] GC(112) Metaspace: 54542K(57648K)->54542K(57648K) NonClass: 48119K(49840K)->48119K(49840K) Class: 6422K(7808K)->6422K(7808K)
[2025-09-05T06:57:44.420+0000][gc            ] GC(112) Pause Young (Normal) (G1 Evacuation Pause) 357M->313M(1024M) 58.333ms
[2025-09-05T06:57:44.420+0000][gc,cpu        ] GC(112) User=0.28s Sys=0.01s Real=0.06s
[2025-09-05T07:00:28.167+0000][gc,start      ] GC(113) Pause Young (Normal) (G1 Evacuation Pause)
[2025-09-05T07:00:28.178+0000][gc,task       ] GC(113) Using 8 workers of 8 for evacuation
[2025-09-05T07:00:28.224+0000][gc,mmu        ] GC(113) MMU target violated: 21.0ms (20.0ms/21.0ms)
[2025-09-05T07:00:28.224+0000][gc,phases     ] GC(113)   Pre Evacuate Collection Set: 4.2ms
[2025-09-05T07:00:28.224+0000][gc,phases     ] GC(113)   Evacuate Collection Set: 39.8ms
[2025-09-05T07:00:28.224+0000][gc,phases     ] GC(113)   Post Evacuate Collection Set: 1.3ms
[2025-09-05T07:00:28.225+0000][gc,phases     ] GC(113)   Other: 16.9ms
[2025-09-05T07:00:28.225+0000][gc,heap       ] GC(113) Eden regions: 46->0(46)
[2025-09-05T07:00:28.225+0000][gc,heap       ] GC(113) Survivor regions: 5->5(7)
[2025-09-05T07:00:28.225+0000][gc,heap       ] GC(113) Old regions: 181->182
[2025-09-05T07:00:28.225+0000][gc,heap       ] GC(113) Humongous regions: 129->129
[2025-09-05T07:00:28.225+0000][gc,metaspace  ] GC(113) Metaspace: 54542K(57648K)->54542K(57648K) NonClass: 48119K(49840K)->48119K(49840K) Class: 6422K(7808K)->6422K(7808K)
[2025-09-05T07:00:28.225+0000][gc            ] GC(113) Pause Young (Normal) (G1 Evacuation Pause) 359M->315M(1024M) 58.815ms
[2025-09-05T07:00:28.225+0000][gc,cpu        ] GC(113) User=0.30s Sys=0.03s Real=0.06s
[2025-09-05T07:03:13.323+0000][gc,start      ] GC(114) Pause Young (Normal) (G1 Evacuation Pause)
[2025-09-05T07:03:13.326+0000][gc,task       ] GC(114) Using 8 workers of 8 for evacuation
[2025-09-05T07:03:13.378+0000][gc,mmu        ] GC(114) MMU target violated: 21.0ms (20.0ms/21.0ms)
[2025-09-05T07:03:13.379+0000][gc,phases     ] GC(114)   Pre Evacuate Collection Set: 20.1ms
[2025-09-05T07:03:13.379+0000][gc,phases     ] GC(114)   Evacuate Collection Set: 30.2ms
[2025-09-05T07:03:13.379+0000][gc,phases     ] GC(114)   Post Evacuate Collection Set: 1.1ms
[2025-09-05T07:03:13.379+0000][gc,phases     ] GC(114)   Other: 5.0ms
[2025-09-05T07:03:13.379+0000][gc,heap       ] GC(114) Eden regions: 46->0(46)
[2025-09-05T07:03:13.379+0000][gc,heap       ] GC(114) Survivor regions: 5->5(7)
[2025-09-05T07:03:13.379+0000][gc,heap       ] GC(114) Old regions: 182->184
[2025-09-05T07:03:13.379+0000][gc,heap       ] GC(114) Humongous regions: 129->129
[2025-09-05T07:03:13.379+0000][gc,metaspace  ] GC(114) Metaspace: 54545K(57648K)->54545K(57648K) NonClass: 48122K(49840K)->48122K(49840K) Class: 6422K(7808K)->6422K(7808K)
[2025-09-05T07:03:13.379+0000][gc            ] GC(114) Pause Young (Normal) (G1 Evacuation Pause) 361M->317M(1024M) 56.787ms
[2025-09-05T07:03:13.380+0000][gc,cpu        ] GC(114) User=0.23s Sys=0.00s Real=0.06s
[2025-09-05T07:06:00.735+0000][gc,start      ] GC(115) Pause Young (Normal) (G1 Evacuation Pause)
[2025-09-05T07:06:00.738+0000][gc,task       ] GC(115) Using 8 workers of 8 for evacuation
[2025-09-05T07:06:00.799+0000][gc,mmu        ] GC(115) MMU target violated: 21.0ms (20.0ms/21.0ms)
[2025-09-05T07:06:00.800+0000][gc,phases     ] GC(115)   Pre Evacuate Collection Set: 7.1ms
[2025-09-05T07:06:00.800+0000][gc,phases     ] GC(115)   Evacuate Collection Set: 48.7ms
[2025-09-05T07:06:00.800+0000][gc,phases     ] GC(115)   Post Evacuate Collection Set: 4.1ms
[2025-09-05T07:06:00.800+0000][gc,phases     ] GC(115)   Other: 5.9ms
[2025-09-05T07:06:00.800+0000][gc,heap       ] GC(115) Eden regions: 46->0(46)
[2025-09-05T07:06:00.800+0000][gc,heap       ] GC(115) Survivor regions: 5->5(7)
[2025-09-05T07:06:00.800+0000][gc,heap       ] GC(115) Old regions: 184->186
[2025-09-05T07:06:00.800+0000][gc,heap       ] GC(115) Humongous regions: 129->129
[2025-09-05T07:06:00.801+0000][gc,metaspace  ] GC(115) Metaspace: 54549K(57648K)->54549K(57648K) NonClass: 48126K(49840K)->48126K(49840K) Class: 6422K(7808K)->6422K(7808K)
[2025-09-05T07:06:00.801+0000][gc            ] GC(115) Pause Young (Normal) (G1 Evacuation Pause) 363M->318M(1024M) 65.990ms
[2025-09-05T07:06:00.801+0000][gc,cpu        ] GC(115) User=0.38s Sys=0.01s Real=0.06s
[2025-09-05T07:08:47.064+0000][gc,start      ] GC(116) Pause Young (Normal) (G1 Evacuation Pause)
[2025-09-05T07:08:47.067+0000][gc,task       ] GC(116) Using 8 workers of 8 for evacuation
[2025-09-05T07:08:47.125+0000][gc,mmu        ] GC(116) MMU target violated: 21.0ms (20.0ms/21.0ms)
[2025-09-05T07:08:47.125+0000][gc,phases     ] GC(116)   Pre Evacuate Collection Set: 6.7ms
[2025-09-05T07:08:47.125+0000][gc,phases     ] GC(116)   Evacuate Collection Set: 48.1ms
[2025-09-05T07:08:47.125+0000][gc,phases     ] GC(116)   Post Evacuate Collection Set: 2.2ms
[2025-09-05T07:08:47.126+0000][gc,phases     ] GC(116)   Other: 4.9ms
[2025-09-05T07:08:47.126+0000][gc,heap       ] GC(116) Eden regions: 46->0(46)
[2025-09-05T07:08:47.126+0000][gc,heap       ] GC(116) Survivor regions: 5->5(7)
[2025-09-05T07:08:47.126+0000][gc,heap       ] GC(116) Old regions: 186->188
[2025-09-05T07:08:47.126+0000][gc,heap       ] GC(116) Humongous regions: 129->129
[2025-09-05T07:08:47.126+0000][gc,metaspace  ] GC(116) Metaspace: 54550K(57648K)->54550K(57648K) NonClass: 48127K(49840K)->48127K(49840K) Class: 6422K(7808K)->6422K(7808K)
[2025-09-05T07:08:47.126+0000][gc            ] GC(116) Pause Young (Normal) (G1 Evacuation Pause) 364M->320M(1024M) 62.544ms
[2025-09-05T07:08:47.127+0000][gc,cpu        ] GC(116) User=0.33s Sys=0.02s Real=0.07s
[2025-09-05T07:11:33.811+0000][gc,start      ] GC(117) Pause Young (Normal) (G1 Evacuation Pause)
[2025-09-05T07:11:33.822+0000][gc,task       ] GC(117) Using 8 workers of 8 for evacuation
[2025-09-05T07:11:33.900+0000][gc,mmu        ] GC(117) MMU target violated: 21.0ms (20.0ms/21.0ms)
[2025-09-05T07:11:33.900+0000][gc,phases     ] GC(117)   Pre Evacuate Collection Set: 13.9ms
[2025-09-05T07:11:33.902+0000][gc,phases     ] GC(117)   Evacuate Collection Set: 56.1ms
[2025-09-05T07:11:33.903+0000][gc,phases     ] GC(117)   Post Evacuate Collection Set: 1.1ms
[2025-09-05T07:11:33.903+0000][gc,phases     ] GC(117)   Other: 18.5ms
[2025-09-05T07:11:33.904+0000][gc,heap       ] GC(117) Eden regions: 46->0(46)
[2025-09-05T07:11:33.904+0000][gc,heap       ] GC(117) Survivor regions: 5->5(7)
[2025-09-05T07:11:33.905+0000][gc,heap       ] GC(117) Old regions: 188->190
[2025-09-05T07:11:33.905+0000][gc,heap       ] GC(117) Humongous regions: 129->129
[2025-09-05T07:11:33.906+0000][gc,metaspace  ] GC(117) Metaspace: 54550K(57648K)->54550K(57648K) NonClass: 48127K(49840K)->48127K(49840K) Class: 6422K(7808K)->6422K(7808K)
[2025-09-05T07:11:33.906+0000][gc            ] GC(117) Pause Young (Normal) (G1 Evacuation Pause) 366M->322M(1024M) 94.990ms
[2025-09-05T07:11:33.906+0000][gc,cpu        ] GC(117) User=0.17s Sys=0.06s Real=0.10s
[2025-09-05T07:14:11.757+0000][gc,start      ] GC(118) Pause Young (Normal) (G1 Evacuation Pause)
[2025-09-05T07:14:11.819+0000][gc,task       ] GC(118) Using 8 workers of 8 for evacuation
[2025-09-05T07:14:11.979+0000][gc,mmu        ] GC(118) MMU target violated: 21.0ms (20.0ms/21.0ms)
[2025-09-05T07:14:11.979+0000][gc,phases     ] GC(118)   Pre Evacuate Collection Set: 2.4ms
[2025-09-05T07:14:11.979+0000][gc,phases     ] GC(118)   Evacuate Collection Set: 155.5ms
[2025-09-05T07:14:11.979+0000][gc,phases     ] GC(118)   Post Evacuate Collection Set: 1.2ms
[2025-09-05T07:14:11.979+0000][gc,phases     ] GC(118)   Other: 63.5ms
[2025-09-05T07:14:11.979+0000][gc,heap       ] GC(118) Eden regions: 46->0(46)
[2025-09-05T07:14:11.979+0000][gc,heap       ] GC(118) Survivor regions: 5->5(7)
[2025-09-05T07:14:11.979+0000][gc,heap       ] GC(118) Old regions: 190->191
[2025-09-05T07:14:11.979+0000][gc,heap       ] GC(118) Humongous regions: 129->129
[2025-09-05T07:14:11.979+0000][gc,metaspace  ] GC(118) Metaspace: 54550K(57648K)->54550K(57648K) NonClass: 48127K(49840K)->48127K(49840K) Class: 6422K(7808K)->6422K(7808K)
[2025-09-05T07:14:11.980+0000][gc            ] GC(118) Pause Young (Normal) (G1 Evacuation Pause) 368M->324M(1024M) 222.948ms
[2025-09-05T07:14:11.980+0000][gc,cpu        ] GC(118) User=0.95s Sys=0.17s Real=0.23s
[2025-09-05T07:16:57.637+0000][gc,start      ] GC(119) Pause Young (Normal) (G1 Evacuation Pause)
[2025-09-05T07:16:57.639+0000][gc,task       ] GC(119) Using 8 workers of 8 for evacuation
[2025-09-05T07:16:57.694+0000][gc,mmu        ] GC(119) MMU target violated: 21.0ms (20.0ms/21.0ms)
[2025-09-05T07:16:57.695+0000][gc,phases     ] GC(119)   Pre Evacuate Collection Set: 4.9ms
[2025-09-05T07:16:57.695+0000][gc,phases     ] GC(119)   Evacuate Collection Set: 47.9ms
[2025-09-05T07:16:57.695+0000][gc,phases     ] GC(119)   Post Evacuate Collection Set: 1.5ms
[2025-09-05T07:16:57.695+0000][gc,phases     ] GC(119)   Other: 13.1ms
[2025-09-05T07:16:57.695+0000][gc,heap       ] GC(119) Eden regions: 46->0(47)
[2025-09-05T07:16:57.695+0000][gc,heap       ] GC(119) Survivor regions: 5->4(7)
[2025-09-05T07:16:57.696+0000][gc,heap       ] GC(119) Old regions: 191->193
[2025-09-05T07:16:57.696+0000][gc,heap       ] GC(119) Humongous regions: 129->129
[2025-09-05T07:16:57.696+0000][gc,metaspace  ] GC(119) Metaspace: 54550K(57648K)->54550K(57648K) NonClass: 48127K(49840K)->48127K(49840K) Class: 6422K(7808K)->6422K(7808K)
[2025-09-05T07:16:57.696+0000][gc            ] GC(119) Pause Young (Normal) (G1 Evacuation Pause) 370M->325M(1024M) 59.242ms
[2025-09-05T07:16:57.696+0000][gc,cpu        ] GC(119) User=0.36s Sys=0.02s Real=0.06s
[2025-09-05T07:19:44.197+0000][gc,start      ] GC(120) Pause Young (Normal) (G1 Evacuation Pause)
[2025-09-05T07:19:44.198+0000][gc,task       ] GC(120) Using 8 workers of 8 for evacuation
[2025-09-05T07:19:44.254+0000][gc,mmu        ] GC(120) MMU target violated: 21.0ms (20.0ms/21.0ms)
[2025-09-05T07:19:44.254+0000][gc,phases     ] GC(120)   Pre Evacuate Collection Set: 8.8ms
[2025-09-05T07:19:44.254+0000][gc,phases     ] GC(120)   Evacuate Collection Set: 44.0ms
[2025-09-05T07:19:44.254+0000][gc,phases     ] GC(120)   Post Evacuate Collection Set: 1.5ms
[2025-09-05T07:19:44.254+0000][gc,phases     ] GC(120)   Other: 3.0ms
[2025-09-05T07:19:44.254+0000][gc,heap       ] GC(120) Eden regions: 47->0(46)
[2025-09-05T07:19:44.255+0000][gc,heap       ] GC(120) Survivor regions: 4->5(7)
[2025-09-05T07:19:44.255+0000][gc,heap       ] GC(120) Old regions: 193->193
[2025-09-05T07:19:44.255+0000][gc,heap       ] GC(120) Humongous regions: 129->129
[2025-09-05T07:19:44.255+0000][gc,metaspace  ] GC(120) Metaspace: 54550K(57648K)->54550K(57648K) NonClass: 48127K(49840K)->48127K(49840K) Class: 6422K(7808K)->6422K(7808K)
[2025-09-05T07:19:44.255+0000][gc            ] GC(120) Pause Young (Normal) (G1 Evacuation Pause) 372M->326M(1024M) 58.123ms
[2025-09-05T07:19:44.255+0000][gc,cpu        ] GC(120) User=0.34s Sys=0.00s Real=0.06s
[2025-09-05T07:22:30.802+0000][gc,start      ] GC(121) Pause Young (Normal) (G1 Evacuation Pause)
[2025-09-05T07:22:30.805+0000][gc,task       ] GC(121) Using 8 workers of 8 for evacuation
[2025-09-05T07:22:30.895+0000][gc,mmu        ] GC(121) MMU target violated: 21.0ms (20.0ms/21.0ms)
[2025-09-05T07:22:30.896+0000][gc,phases     ] GC(121)   Pre Evacuate Collection Set: 11.4ms
[2025-09-05T07:22:30.896+0000][gc,phases     ] GC(121)   Evacuate Collection Set: 60.3ms
[2025-09-05T07:22:30.896+0000][gc,phases     ] GC(121)   Post Evacuate Collection Set: 0.9ms
[2025-09-05T07:22:30.896+0000][gc,phases     ] GC(121)   Other: 21.4ms
[2025-09-05T07:22:30.896+0000][gc,heap       ] GC(121) Eden regions: 46->0(47)
[2025-09-05T07:22:30.896+0000][gc,heap       ] GC(121) Survivor regions: 5->4(7)
[2025-09-05T07:22:30.896+0000][gc,heap       ] GC(121) Old regions: 193->194
[2025-09-05T07:22:30.896+0000][gc,heap       ] GC(121) Humongous regions: 129->129
[2025-09-05T07:22:30.896+0000][gc,metaspace  ] GC(121) Metaspace: 54550K(57648K)->54550K(57648K) NonClass: 48127K(49840K)->48127K(49840K) Class: 6422K(7808K)->6422K(7808K)
[2025-09-05T07:22:30.896+0000][gc            ] GC(121) Pause Young (Normal) (G1 Evacuation Pause) 372M->326M(1024M) 94.274ms
[2025-09-05T07:22:30.896+0000][gc,cpu        ] GC(121) User=0.44s Sys=0.02s Real=0.09s
[2025-09-05T07:25:20.127+0000][gc,start      ] GC(122) Pause Young (Normal) (G1 Evacuation Pause)
[2025-09-05T07:25:20.131+0000][gc,task       ] GC(122) Using 8 workers of 8 for evacuation
[2025-09-05T07:25:20.173+0000][gc,mmu        ] GC(122) MMU target violated: 21.0ms (20.0ms/21.0ms)
[2025-09-05T07:25:20.173+0000][gc,phases     ] GC(122)   Pre Evacuate Collection Set: 7.5ms
[2025-09-05T07:25:20.173+0000][gc,phases     ] GC(122)   Evacuate Collection Set: 31.3ms
[2025-09-05T07:25:20.173+0000][gc,phases     ] GC(122)   Post Evacuate Collection Set: 1.5ms
[2025-09-05T07:25:20.173+0000][gc,phases     ] GC(122)   Other: 6.4ms
[2025-09-05T07:25:20.174+0000][gc,heap       ] GC(122) Eden regions: 47->0(46)
[2025-09-05T07:25:20.174+0000][gc,heap       ] GC(122) Survivor regions: 4->5(7)
[2025-09-05T07:25:20.174+0000][gc,heap       ] GC(122) Old regions: 194->194
[2025-09-05T07:25:20.174+0000][gc,heap       ] GC(122) Humongous regions: 129->129
[2025-09-05T07:25:20.174+0000][gc,metaspace  ] GC(122) Metaspace: 54550K(57648K)->54550K(57648K) NonClass: 48127K(49840K)->48127K(49840K) Class: 6422K(7808K)->6422K(7808K)
[2025-09-05T07:25:20.174+0000][gc            ] GC(122) Pause Young (Normal) (G1 Evacuation Pause) 373M->327M(1024M) 47.452ms
[2025-09-05T07:25:20.175+0000][gc,cpu        ] GC(122) User=0.25s Sys=0.00s Real=0.05s
[2025-09-05T07:28:05.785+0000][gc,start      ] GC(123) Pause Young (Normal) (G1 Evacuation Pause)
[2025-09-05T07:28:05.787+0000][gc,task       ] GC(123) Using 8 workers of 8 for evacuation
[2025-09-05T07:28:05.856+0000][gc,mmu        ] GC(123) MMU target violated: 21.0ms (20.0ms/21.0ms)
[2025-09-05T07:28:05.856+0000][gc,phases     ] GC(123)   Pre Evacuate Collection Set: 5.4ms
[2025-09-05T07:28:05.856+0000][gc,phases     ] GC(123)   Evacuate Collection Set: 52.8ms
[2025-09-05T07:28:05.856+0000][gc,phases     ] GC(123)   Post Evacuate Collection Set: 1.6ms
[2025-09-05T07:28:05.856+0000][gc,phases     ] GC(123)   Other: 12.0ms
[2025-09-05T07:28:05.856+0000][gc,heap       ] GC(123) Eden regions: 46->0(47)
[2025-09-05T07:28:05.857+0000][gc,heap       ] GC(123) Survivor regions: 5->4(7)
[2025-09-05T07:28:05.857+0000][gc,heap       ] GC(123) Old regions: 194->195
[2025-09-05T07:28:05.857+0000][gc,heap       ] GC(123) Humongous regions: 129->129
[2025-09-05T07:28:05.857+0000][gc,metaspace  ] GC(123) Metaspace: 54550K(57648K)->54550K(57648K) NonClass: 48127K(49840K)->48127K(49840K) Class: 6422K(7808K)->6422K(7808K)
[2025-09-05T07:28:05.857+0000][gc            ] GC(123) Pause Young (Normal) (G1 Evacuation Pause) 373M->327M(1024M) 72.374ms
[2025-09-05T07:28:05.857+0000][gc,cpu        ] GC(123) User=0.37s Sys=0.03s Real=0.07s
[2025-09-05T07:30:53.363+0000][gc,start      ] GC(124) Pause Young (Normal) (G1 Evacuation Pause)
[2025-09-05T07:30:53.366+0000][gc,task       ] GC(124) Using 8 workers of 8 for evacuation
[2025-09-05T07:30:53.419+0000][gc,mmu        ] GC(124) MMU target violated: 21.0ms (20.0ms/21.0ms)
[2025-09-05T07:30:53.420+0000][gc,phases     ] GC(124)   Pre Evacuate Collection Set: 22.4ms
[2025-09-05T07:30:53.420+0000][gc,phases     ] GC(124)   Evacuate Collection Set: 26.4ms
[2025-09-05T07:30:53.420+0000][gc,phases     ] GC(124)   Post Evacuate Collection Set: 3.0ms
[2025-09-05T07:30:53.420+0000][gc,phases     ] GC(124)   Other: 5.6ms
[2025-09-05T07:30:53.420+0000][gc,heap       ] GC(124) Eden regions: 47->0(46)
[2025-09-05T07:30:53.420+0000][gc,heap       ] GC(124) Survivor regions: 4->5(7)
[2025-09-05T07:30:53.420+0000][gc,heap       ] GC(124) Old regions: 195->196
[2025-09-05T07:30:53.420+0000][gc,heap       ] GC(124) Humongous regions: 129->129
[2025-09-05T07:30:53.420+0000][gc,metaspace  ] GC(124) Metaspace: 54550K(57648K)->54550K(57648K) NonClass: 48128K(49840K)->48128K(49840K) Class: 6422K(7808K)->6422K(7808K)
[2025-09-05T07:30:53.421+0000][gc            ] GC(124) Pause Young (Normal) (G1 Evacuation Pause) 374M->329M(1024M) 57.716ms
[2025-09-05T07:30:53.421+0000][gc,cpu        ] GC(124) User=0.23s Sys=0.01s Real=0.06s
[2025-09-05T07:33:39.574+0000][gc,start      ] GC(125) Pause Young (Normal) (G1 Evacuation Pause)
[2025-09-05T07:33:39.577+0000][gc,task       ] GC(125) Using 8 workers of 8 for evacuation
[2025-09-05T07:33:39.638+0000][gc,mmu        ] GC(125) MMU target violated: 21.0ms (20.0ms/21.0ms)
[2025-09-05T07:33:39.638+0000][gc,phases     ] GC(125)   Pre Evacuate Collection Set: 11.2ms
[2025-09-05T07:33:39.638+0000][gc,phases     ] GC(125)   Evacuate Collection Set: 46.4ms
[2025-09-05T07:33:39.638+0000][gc,phases     ] GC(125)   Post Evacuate Collection Set: 1.2ms
[2025-09-05T07:33:39.638+0000][gc,phases     ] GC(125)   Other: 6.1ms
[2025-09-05T07:33:39.638+0000][gc,heap       ] GC(125) Eden regions: 46->0(46)
[2025-09-05T07:33:39.638+0000][gc,heap       ] GC(125) Survivor regions: 5->5(7)
[2025-09-05T07:33:39.638+0000][gc,heap       ] GC(125) Old regions: 196->197
[2025-09-05T07:33:39.639+0000][gc,heap       ] GC(125) Humongous regions: 129->129
[2025-09-05T07:33:39.639+0000][gc,metaspace  ] GC(125) Metaspace: 54554K(57648K)->54554K(57648K) NonClass: 48131K(49840K)->48131K(49840K) Class: 6422K(7808K)->6422K(7808K)
[2025-09-05T07:33:39.639+0000][gc            ] GC(125) Pause Young (Normal) (G1 Evacuation Pause) 375M->330M(1024M) 65.194ms
[2025-09-05T07:33:39.639+0000][gc,cpu        ] GC(125) User=0.28s Sys=0.08s Real=0.07s
[2025-09-05T07:36:26.883+0000][gc,start      ] GC(126) Pause Young (Normal) (G1 Evacuation Pause)
[2025-09-05T07:36:26.887+0000][gc,task       ] GC(126) Using 8 workers of 8 for evacuation
[2025-09-05T07:36:26.940+0000][gc,mmu        ] GC(126) MMU target violated: 21.0ms (20.0ms/21.0ms)
[2025-09-05T07:36:26.940+0000][gc,phases     ] GC(126)   Pre Evacuate Collection Set: 7.2ms
[2025-09-05T07:36:26.940+0000][gc,phases     ] GC(126)   Evacuate Collection Set: 42.6ms
[2025-09-05T07:36:26.941+0000][gc,phases     ] GC(126)   Post Evacuate Collection Set: 1.7ms
[2025-09-05T07:36:26.941+0000][gc,phases     ] GC(126)   Other: 5.8ms
[2025-09-05T07:36:26.941+0000][gc,heap       ] GC(126) Eden regions: 46->0(45)
[2025-09-05T07:36:26.941+0000][gc,heap       ] GC(126) Survivor regions: 5->6(7)
[2025-09-05T07:36:26.941+0000][gc,heap       ] GC(126) Old regions: 197->199
[2025-09-05T07:36:26.941+0000][gc,heap       ] GC(126) Humongous regions: 129->129
[2025-09-05T07:36:26.941+0000][gc,metaspace  ] GC(126) Metaspace: 54557K(57648K)->54557K(57648K) NonClass: 48134K(49840K)->48134K(49840K) Class: 6422K(7808K)->6422K(7808K)
[2025-09-05T07:36:26.941+0000][gc            ] GC(126) Pause Young (Normal) (G1 Evacuation Pause) 376M->332M(1024M) 57.980ms
[2025-09-05T07:36:26.942+0000][gc,cpu        ] GC(126) User=0.33s Sys=0.00s Real=0.06s
[2025-09-05T07:42:19.384+0000][gc,start      ] GC(127) Pause Young (Normal) (G1 Evacuation Pause)
[2025-09-05T07:42:19.387+0000][gc,task       ] GC(127) Using 8 workers of 8 for evacuation
[2025-09-05T07:42:19.447+0000][gc,mmu        ] GC(127) MMU target violated: 21.0ms (20.0ms/21.0ms)
[2025-09-05T07:42:19.447+0000][gc,phases     ] GC(127)   Pre Evacuate Collection Set: 6.0ms
[2025-09-05T07:42:19.447+0000][gc,phases     ] GC(127)   Evacuate Collection Set: 51.0ms
[2025-09-05T07:42:19.447+0000][gc,phases     ] GC(127)   Post Evacuate Collection Set: 1.5ms
[2025-09-05T07:42:19.447+0000][gc,phases     ] GC(127)   Other: 5.4ms
[2025-09-05T07:42:19.447+0000][gc,heap       ] GC(127) Eden regions: 45->0(45)
[2025-09-05T07:42:19.447+0000][gc,heap       ] GC(127) Survivor regions: 6->6(7)
[2025-09-05T07:42:19.448+0000][gc,heap       ] GC(127) Old regions: 199->200
[2025-09-05T07:42:19.448+0000][gc,heap       ] GC(127) Humongous regions: 129->129
[2025-09-05T07:42:19.448+0000][gc,metaspace  ] GC(127) Metaspace: 54558K(57648K)->54558K(57648K) NonClass: 48135K(49840K)->48135K(49840K) Class: 6422K(7808K)->6422K(7808K)
[2025-09-05T07:42:19.448+0000][gc            ] GC(127) Pause Young (Normal) (G1 Evacuation Pause) 377M->333M(1024M) 64.306ms
[2025-09-05T07:42:19.448+0000][gc,cpu        ] GC(127) User=0.35s Sys=0.03s Real=0.07s
[2025-09-05T07:45:02.192+0000][gc,start      ] GC(128) Pause Young (Normal) (G1 Evacuation Pause)
[2025-09-05T07:45:02.194+0000][gc,task       ] GC(128) Using 8 workers of 8 for evacuation
[2025-09-05T07:45:02.249+0000][gc,mmu        ] GC(128) MMU target violated: 21.0ms (20.0ms/21.0ms)
[2025-09-05T07:45:02.250+0000][gc,phases     ] GC(128)   Pre Evacuate Collection Set: 6.9ms
[2025-09-05T07:45:02.250+0000][gc,phases     ] GC(128)   Evacuate Collection Set: 45.0ms
[2025-09-05T07:45:02.250+0000][gc,phases     ] GC(128)   Post Evacuate Collection Set: 1.6ms
[2025-09-05T07:45:02.250+0000][gc,phases     ] GC(128)   Other: 5.4ms
[2025-09-05T07:45:02.250+0000][gc,heap       ] GC(128) Eden regions: 45->0(45)
[2025-09-05T07:45:02.250+0000][gc,heap       ] GC(128) Survivor regions: 6->6(7)
[2025-09-05T07:45:02.251+0000][gc,heap       ] GC(128) Old regions: 200->202
[2025-09-05T07:45:02.251+0000][gc,heap       ] GC(128) Humongous regions: 129->129
[2025-09-05T07:45:02.251+0000][gc,metaspace  ] GC(128) Metaspace: 54558K(57648K)->54558K(57648K) NonClass: 48135K(49840K)->48135K(49840K) Class: 6422K(7808K)->6422K(7808K)
[2025-09-05T07:45:02.251+0000][gc            ] GC(128) Pause Young (Normal) (G1 Evacuation Pause) 378M->335M(1024M) 59.703ms
[2025-09-05T07:45:02.251+0000][gc,cpu        ] GC(128) User=0.35s Sys=0.01s Real=0.06s
[2025-09-05T07:47:46.158+0000][gc,start      ] GC(129) Pause Young (Normal) (G1 Evacuation Pause)
[2025-09-05T07:47:46.176+0000][gc,task       ] GC(129) Using 8 workers of 8 for evacuation
[2025-09-05T07:47:46.229+0000][gc,mmu        ] GC(129) MMU target violated: 21.0ms (20.0ms/21.0ms)
[2025-09-05T07:47:46.229+0000][gc,phases     ] GC(129)   Pre Evacuate Collection Set: 5.7ms
[2025-09-05T07:47:46.229+0000][gc,phases     ] GC(129)   Evacuate Collection Set: 44.7ms
[2025-09-05T07:47:46.229+0000][gc,phases     ] GC(129)   Post Evacuate Collection Set: 2.1ms
[2025-09-05T07:47:46.230+0000][gc,phases     ] GC(129)   Other: 19.1ms
[2025-09-05T07:47:46.230+0000][gc,heap       ] GC(129) Eden regions: 45->0(45)
[2025-09-05T07:47:46.230+0000][gc,heap       ] GC(129) Survivor regions: 6->6(7)
[2025-09-05T07:47:46.230+0000][gc,heap       ] GC(129) Old regions: 202->203
[2025-09-05T07:47:46.230+0000][gc,heap       ] GC(129) Humongous regions: 129->129
[2025-09-05T07:47:46.230+0000][gc,metaspace  ] GC(129) Metaspace: 54559K(57648K)->54559K(57648K) NonClass: 48137K(49840K)->48137K(49840K) Class: 6422K(7808K)->6422K(7808K)
[2025-09-05T07:47:46.230+0000][gc            ] GC(129) Pause Young (Normal) (G1 Evacuation Pause) 380M->336M(1024M) 71.680ms
[2025-09-05T07:47:46.230+0000][gc,cpu        ] GC(129) User=0.34s Sys=0.02s Real=0.07s
