[2025-09-04T10:22:26.392+0000][gc,heap] Heap region size: 1M
[2025-09-04T10:22:26.403+0000][gc     ] Using G1
[2025-09-04T10:22:26.403+0000][gc,heap,coops] Heap address: 0x00000000c0000000, size: 1024 MB, Compressed Oops mode: 32-bit
[2025-09-04T10:22:27.996+0000][gc,start     ] GC(0) Pause Young (Concurrent Start) (Metadata GC Threshold)
[2025-09-04T10:22:28.000+0000][gc,task      ] GC(0) Using 8 workers of 8 for evacuation
[2025-09-04T10:22:28.170+0000][gc,mmu       ] GC(0) MMU target violated: 21.0ms (20.0ms/21.0ms)
[2025-09-04T10:22:28.171+0000][gc,phases    ] GC(0)   Pre Evacuate Collection Set: 50.2ms
[2025-09-04T10:22:28.172+0000][gc,phases    ] GC(0)   Evacuate Collection Set: 88.5ms
[2025-09-04T10:22:28.172+0000][gc,phases    ] GC(0)   Post Evacuate Collection Set: 2.5ms
[2025-09-04T10:22:28.172+0000][gc,phases    ] GC(0)   Other: 33.4ms
[2025-09-04T10:22:28.172+0000][gc,heap      ] GC(0) Eden regions: 43->0(44)
[2025-09-04T10:22:28.172+0000][gc,heap      ] GC(0) Survivor regions: 0->7(7)
[2025-09-04T10:22:28.173+0000][gc,heap      ] GC(0) Old regions: 0->0
[2025-09-04T10:22:28.173+0000][gc,heap      ] GC(0) Humongous regions: 0->0
[2025-09-04T10:22:28.173+0000][gc,metaspace ] GC(0) Metaspace: 20782K(21296K)->20782K(21296K) NonClass: 18573K(18864K)->18573K(18864K) Class: 2208K(2432K)->2208K(2432K)
[2025-09-04T10:22:28.173+0000][gc           ] GC(0) Pause Young (Concurrent Start) (Metadata GC Threshold) 42M->6M(1024M) 176.869ms
[2025-09-04T10:22:28.174+0000][gc,cpu       ] GC(0) User=0.16s Sys=0.12s Real=0.18s
[2025-09-04T10:22:28.174+0000][gc           ] GC(1) Concurrent Cycle
[2025-09-04T10:22:28.174+0000][gc,marking   ] GC(1) Concurrent Clear Claimed Marks
[2025-09-04T10:22:28.174+0000][gc,marking   ] GC(1) Concurrent Clear Claimed Marks 0.222ms
[2025-09-04T10:22:28.175+0000][gc,marking   ] GC(1) Concurrent Scan Root Regions
[2025-09-04T10:22:28.180+0000][gc,marking   ] GC(1) Concurrent Scan Root Regions 5.353ms
[2025-09-04T10:22:28.180+0000][gc,marking   ] GC(1) Concurrent Mark (1.792s)
[2025-09-04T10:22:28.181+0000][gc,marking   ] GC(1) Concurrent Mark From Roots
[2025-09-04T10:22:28.183+0000][gc,task      ] GC(1) Using 2 workers of 2 for marking
[2025-09-04T10:22:28.187+0000][gc,marking   ] GC(1) Concurrent Mark From Roots 6.235ms
[2025-09-04T10:22:28.188+0000][gc,marking   ] GC(1) Concurrent Preclean
[2025-09-04T10:22:28.189+0000][gc,marking   ] GC(1) Concurrent Preclean 0.490ms
[2025-09-04T10:22:28.189+0000][gc,marking   ] GC(1) Concurrent Mark (1.792s, 1.801s) 8.577ms
[2025-09-04T10:22:28.189+0000][gc,start     ] GC(1) Pause Remark
[2025-09-04T10:22:28.195+0000][gc,stringtable] GC(1) Cleaned string and symbol table, strings: 7281 processed, 0 removed, symbols: 65229 processed, 22 removed
[2025-09-04T10:22:28.198+0000][gc            ] GC(1) Pause Remark 7M->7M(1024M) 8.890ms
[2025-09-04T10:22:28.200+0000][gc,cpu        ] GC(1) User=0.01s Sys=0.00s Real=0.01s
[2025-09-04T10:22:28.201+0000][gc,marking    ] GC(1) Concurrent Rebuild Remembered Sets
[2025-09-04T10:22:28.202+0000][gc,marking    ] GC(1) Concurrent Rebuild Remembered Sets 0.873ms
[2025-09-04T10:22:28.203+0000][gc,start      ] GC(1) Pause Cleanup
[2025-09-04T10:22:28.205+0000][gc            ] GC(1) Pause Cleanup 7M->7M(1024M) 1.818ms
[2025-09-04T10:22:28.209+0000][gc,cpu        ] GC(1) User=0.00s Sys=0.00s Real=0.01s
[2025-09-04T10:22:28.210+0000][gc,marking    ] GC(1) Concurrent Cleanup for Next Mark
[2025-09-04T10:22:28.345+0000][gc,marking    ] GC(1) Concurrent Cleanup for Next Mark 134.686ms
[2025-09-04T10:22:28.345+0000][gc            ] GC(1) Concurrent Cycle 171.659ms
[2025-09-04T10:22:30.465+0000][gc,start      ] GC(2) Pause Young (Normal) (G1 Evacuation Pause)
[2025-09-04T10:22:30.466+0000][gc,task       ] GC(2) Using 8 workers of 8 for evacuation
[2025-09-04T10:22:30.507+0000][gc,mmu        ] GC(2) MMU target violated: 21.0ms (20.0ms/21.0ms)
[2025-09-04T10:22:30.508+0000][gc,phases     ] GC(2)   Pre Evacuate Collection Set: 10.5ms
[2025-09-04T10:22:30.508+0000][gc,phases     ] GC(2)   Evacuate Collection Set: 27.6ms
[2025-09-04T10:22:30.508+0000][gc,phases     ] GC(2)   Post Evacuate Collection Set: 2.0ms
[2025-09-04T10:22:30.508+0000][gc,phases     ] GC(2)   Other: 2.4ms
[2025-09-04T10:22:30.509+0000][gc,heap       ] GC(2) Eden regions: 44->0(48)
[2025-09-04T10:22:30.509+0000][gc,heap       ] GC(2) Survivor regions: 7->3(7)
[2025-09-04T10:22:30.509+0000][gc,heap       ] GC(2) Old regions: 0->7
[2025-09-04T10:22:30.509+0000][gc,heap       ] GC(2) Humongous regions: 129->129
[2025-09-04T10:22:30.509+0000][gc,metaspace  ] GC(2) Metaspace: 30411K(31408K)->30411K(31408K) NonClass: 26934K(27568K)->26934K(27568K) Class: 3477K(3840K)->3477K(3840K)
[2025-09-04T10:22:30.509+0000][gc            ] GC(2) Pause Young (Normal) (G1 Evacuation Pause) 179M->137M(1024M) 43.742ms
[2025-09-04T10:22:30.509+0000][gc,cpu        ] GC(2) User=0.07s Sys=0.03s Real=0.05s
[2025-09-04T10:22:30.958+0000][gc,start      ] GC(3) Pause Young (Concurrent Start) (Metadata GC Threshold)
[2025-09-04T10:22:30.958+0000][gc,task       ] GC(3) Using 8 workers of 8 for evacuation
[2025-09-04T10:22:30.974+0000][gc,phases     ] GC(3)   Pre Evacuate Collection Set: 0.1ms
[2025-09-04T10:22:30.974+0000][gc,phases     ] GC(3)   Evacuate Collection Set: 6.8ms
[2025-09-04T10:22:30.974+0000][gc,phases     ] GC(3)   Post Evacuate Collection Set: 0.6ms
[2025-09-04T10:22:30.974+0000][gc,phases     ] GC(3)   Other: 8.2ms
[2025-09-04T10:22:30.974+0000][gc,heap       ] GC(3) Eden regions: 25->0(48)
[2025-09-04T10:22:30.975+0000][gc,heap       ] GC(3) Survivor regions: 3->3(7)
[2025-09-04T10:22:30.976+0000][gc,heap       ] GC(3) Old regions: 7->7
[2025-09-04T10:22:30.976+0000][gc,heap       ] GC(3) Humongous regions: 129->129
[2025-09-04T10:22:30.976+0000][gc,metaspace  ] GC(3) Metaspace: 35003K(35888K)->35003K(35888K) NonClass: 31216K(31664K)->31216K(31664K) Class: 3786K(4224K)->3786K(4224K)
[2025-09-04T10:22:30.976+0000][gc            ] GC(3) Pause Young (Concurrent Start) (Metadata GC Threshold) 162M->138M(1024M) 18.416ms
[2025-09-04T10:22:30.977+0000][gc,cpu        ] GC(3) User=0.02s Sys=0.00s Real=0.02s
[2025-09-04T10:22:30.977+0000][gc            ] GC(4) Concurrent Cycle
[2025-09-04T10:22:30.977+0000][gc,marking    ] GC(4) Concurrent Clear Claimed Marks
[2025-09-04T10:22:30.981+0000][gc,marking    ] GC(4) Concurrent Clear Claimed Marks 3.922ms
[2025-09-04T10:22:30.981+0000][gc,marking    ] GC(4) Concurrent Scan Root Regions
[2025-09-04T10:22:30.983+0000][gc,marking    ] GC(4) Concurrent Scan Root Regions 1.885ms
[2025-09-04T10:22:30.986+0000][gc,marking    ] GC(4) Concurrent Mark (4.600s)
[2025-09-04T10:22:30.986+0000][gc,marking    ] GC(4) Concurrent Mark From Roots
[2025-09-04T10:22:30.987+0000][gc,task       ] GC(4) Using 2 workers of 2 for marking
[2025-09-04T10:22:30.995+0000][gc,marking    ] GC(4) Concurrent Mark From Roots 9.176ms
[2025-09-04T10:22:30.995+0000][gc,marking    ] GC(4) Concurrent Preclean
[2025-09-04T10:22:30.996+0000][gc,marking    ] GC(4) Concurrent Preclean 0.571ms
[2025-09-04T10:22:30.996+0000][gc,marking    ] GC(4) Concurrent Mark (4.600s, 4.610s) 10.306ms
[2025-09-04T10:22:30.997+0000][gc,start      ] GC(4) Pause Remark
[2025-09-04T10:22:31.015+0000][gc,stringtable] GC(4) Cleaned string and symbol table, strings: 10980 processed, 10 removed, symbols: 97747 processed, 25 removed
[2025-09-04T10:22:31.017+0000][gc            ] GC(4) Pause Remark 138M->138M(1024M) 20.233ms
[2025-09-04T10:22:31.018+0000][gc,cpu        ] GC(4) User=0.03s Sys=0.00s Real=0.02s
[2025-09-04T10:22:31.018+0000][gc,marking    ] GC(4) Concurrent Rebuild Remembered Sets
[2025-09-04T10:22:31.026+0000][gc,marking    ] GC(4) Concurrent Rebuild Remembered Sets 8.419ms
[2025-09-04T10:22:31.027+0000][gc,start      ] GC(4) Pause Cleanup
[2025-09-04T10:22:31.028+0000][gc            ] GC(4) Pause Cleanup 139M->139M(1024M) 0.641ms
[2025-09-04T10:22:31.028+0000][gc,cpu        ] GC(4) User=0.00s Sys=0.00s Real=0.00s
[2025-09-04T10:22:31.029+0000][gc,marking    ] GC(4) Concurrent Cleanup for Next Mark
[2025-09-04T10:22:31.069+0000][gc,marking    ] GC(4) Concurrent Cleanup for Next Mark 40.114ms
[2025-09-04T10:22:31.070+0000][gc            ] GC(4) Concurrent Cycle 93.332ms
[2025-09-04T10:22:32.113+0000][gc,start      ] GC(5) Pause Young (Normal) (G1 Evacuation Pause)
[2025-09-04T10:22:32.113+0000][gc,task       ] GC(5) Using 8 workers of 8 for evacuation
[2025-09-04T10:22:32.156+0000][gc,mmu        ] GC(5) MMU target violated: 21.0ms (20.0ms/21.0ms)
[2025-09-04T10:22:32.157+0000][gc,phases     ] GC(5)   Pre Evacuate Collection Set: 4.0ms
[2025-09-04T10:22:32.160+0000][gc,phases     ] GC(5)   Evacuate Collection Set: 32.6ms
[2025-09-04T10:22:32.160+0000][gc,phases     ] GC(5)   Post Evacuate Collection Set: 5.3ms
[2025-09-04T10:22:32.160+0000][gc,phases     ] GC(5)   Other: 2.1ms
[2025-09-04T10:22:32.160+0000][gc,heap       ] GC(5) Eden regions: 48->0(44)
[2025-09-04T10:22:32.161+0000][gc,heap       ] GC(5) Survivor regions: 3->7(7)
[2025-09-04T10:22:32.161+0000][gc,heap       ] GC(5) Old regions: 7->7
[2025-09-04T10:22:32.164+0000][gc,heap       ] GC(5) Humongous regions: 129->129
[2025-09-04T10:22:32.164+0000][gc,metaspace  ] GC(5) Metaspace: 43611K(45232K)->43611K(45232K) NonClass: 38744K(39600K)->38744K(39600K) Class: 4866K(5632K)->4866K(5632K)
[2025-09-04T10:22:32.165+0000][gc            ] GC(5) Pause Young (Normal) (G1 Evacuation Pause) 186M->142M(1024M) 51.967ms
[2025-09-04T10:22:32.165+0000][gc,cpu        ] GC(5) User=0.07s Sys=0.02s Real=0.05s
[2025-09-04T10:37:54.641+0000][gc,start      ] GC(6) Pause Young (Normal) (G1 Evacuation Pause)
[2025-09-04T10:37:54.644+0000][gc,task       ] GC(6) Using 8 workers of 8 for evacuation
[2025-09-04T10:37:54.758+0000][gc,mmu        ] GC(6) MMU target violated: 21.0ms (20.0ms/21.0ms)
[2025-09-04T10:37:54.758+0000][gc,phases     ] GC(6)   Pre Evacuate Collection Set: 32.2ms
[2025-09-04T10:37:54.758+0000][gc,phases     ] GC(6)   Evacuate Collection Set: 76.8ms
[2025-09-04T10:37:54.758+0000][gc,phases     ] GC(6)   Post Evacuate Collection Set: 1.9ms
[2025-09-04T10:37:54.758+0000][gc,phases     ] GC(6)   Other: 6.5ms
[2025-09-04T10:37:54.759+0000][gc,heap       ] GC(6) Eden regions: 44->0(48)
[2025-09-04T10:37:54.759+0000][gc,heap       ] GC(6) Survivor regions: 7->3(7)
[2025-09-04T10:37:54.759+0000][gc,heap       ] GC(6) Old regions: 7->14
[2025-09-04T10:37:54.759+0000][gc,heap       ] GC(6) Humongous regions: 129->129
[2025-09-04T10:37:54.759+0000][gc,metaspace  ] GC(6) Metaspace: 50438K(53040K)->50438K(53040K) NonClass: 44220K(45488K)->44220K(45488K) Class: 6217K(7552K)->6217K(7552K)
[2025-09-04T10:37:54.759+0000][gc            ] GC(6) Pause Young (Normal) (G1 Evacuation Pause) 186M->145M(1024M) 117.819ms
[2025-09-04T10:37:54.759+0000][gc,cpu        ] GC(6) User=0.51s Sys=0.12s Real=0.12s
[2025-09-04T10:44:58.305+0000][gc,start      ] GC(7) Pause Young (Normal) (G1 Evacuation Pause)
[2025-09-04T10:44:58.306+0000][gc,task       ] GC(7) Using 8 workers of 8 for evacuation
[2025-09-04T10:44:58.357+0000][gc,mmu        ] GC(7) MMU target violated: 21.0ms (20.0ms/21.0ms)
[2025-09-04T10:44:58.358+0000][gc,phases     ] GC(7)   Pre Evacuate Collection Set: 15.5ms
[2025-09-04T10:44:58.358+0000][gc,phases     ] GC(7)   Evacuate Collection Set: 33.5ms
[2025-09-04T10:44:58.358+0000][gc,phases     ] GC(7)   Post Evacuate Collection Set: 1.8ms
[2025-09-04T10:44:58.358+0000][gc,phases     ] GC(7)   Other: 2.6ms
[2025-09-04T10:44:58.358+0000][gc,heap       ] GC(7) Eden regions: 48->0(46)
[2025-09-04T10:44:58.358+0000][gc,heap       ] GC(7) Survivor regions: 3->5(7)
[2025-09-04T10:44:58.358+0000][gc,heap       ] GC(7) Old regions: 14->14
[2025-09-04T10:44:58.358+0000][gc,heap       ] GC(7) Humongous regions: 129->129
[2025-09-04T10:44:58.358+0000][gc,metaspace  ] GC(7) Metaspace: 51434K(54064K)->51434K(54064K) NonClass: 45192K(46512K)->45192K(46512K) Class: 6242K(7552K)->6242K(7552K)
[2025-09-04T10:44:58.358+0000][gc            ] GC(7) Pause Young (Normal) (G1 Evacuation Pause) 193M->146M(1024M) 53.581ms
[2025-09-04T10:44:58.358+0000][gc,cpu        ] GC(7) User=0.28s Sys=0.00s Real=0.05s
[2025-09-04T10:52:28.975+0000][gc,start      ] GC(8) Pause Young (Normal) (G1 Evacuation Pause)
[2025-09-04T10:52:28.983+0000][gc,task       ] GC(8) Using 8 workers of 8 for evacuation
[2025-09-04T10:52:29.042+0000][gc,mmu        ] GC(8) MMU target violated: 21.0ms (20.0ms/21.0ms)
[2025-09-04T10:52:29.042+0000][gc,phases     ] GC(8)   Pre Evacuate Collection Set: 10.0ms
[2025-09-04T10:52:29.042+0000][gc,phases     ] GC(8)   Evacuate Collection Set: 45.6ms
[2025-09-04T10:52:29.042+0000][gc,phases     ] GC(8)   Post Evacuate Collection Set: 1.4ms
[2025-09-04T10:52:29.042+0000][gc,phases     ] GC(8)   Other: 10.2ms
[2025-09-04T10:52:29.042+0000][gc,heap       ] GC(8) Eden regions: 46->0(48)
[2025-09-04T10:52:29.042+0000][gc,heap       ] GC(8) Survivor regions: 5->3(7)
[2025-09-04T10:52:29.042+0000][gc,heap       ] GC(8) Old regions: 14->15
[2025-09-04T10:52:29.042+0000][gc,heap       ] GC(8) Humongous regions: 129->129
[2025-09-04T10:52:29.042+0000][gc,metaspace  ] GC(8) Metaspace: 51554K(54320K)->51554K(54320K) NonClass: 45311K(46768K)->45311K(46768K) Class: 6243K(7552K)->6243K(7552K)
[2025-09-04T10:52:29.043+0000][gc            ] GC(8) Pause Young (Normal) (G1 Evacuation Pause) 192M->146M(1024M) 67.562ms
[2025-09-04T10:52:29.043+0000][gc,cpu        ] GC(8) User=0.37s Sys=0.00s Real=0.07s
[2025-09-04T11:00:41.308+0000][gc,start      ] GC(9) Pause Young (Normal) (G1 Evacuation Pause)
[2025-09-04T11:00:41.311+0000][gc,task       ] GC(9) Using 8 workers of 8 for evacuation
[2025-09-04T11:00:41.387+0000][gc,mmu        ] GC(9) MMU target violated: 21.0ms (20.0ms/21.0ms)
[2025-09-04T11:00:41.387+0000][gc,phases     ] GC(9)   Pre Evacuate Collection Set: 14.5ms
[2025-09-04T11:00:41.388+0000][gc,phases     ] GC(9)   Evacuate Collection Set: 58.9ms
[2025-09-04T11:00:41.388+0000][gc,phases     ] GC(9)   Post Evacuate Collection Set: 1.1ms
[2025-09-04T11:00:41.388+0000][gc,phases     ] GC(9)   Other: 5.6ms
[2025-09-04T11:00:41.388+0000][gc,heap       ] GC(9) Eden regions: 48->0(48)
[2025-09-04T11:00:41.388+0000][gc,heap       ] GC(9) Survivor regions: 3->3(7)
[2025-09-04T11:00:41.388+0000][gc,heap       ] GC(9) Old regions: 15->15
[2025-09-04T11:00:41.388+0000][gc,heap       ] GC(9) Humongous regions: 129->129
[2025-09-04T11:00:41.388+0000][gc,metaspace  ] GC(9) Metaspace: 51656K(54320K)->51656K(54320K) NonClass: 45413K(46768K)->45413K(46768K) Class: 6243K(7552K)->6243K(7552K)
[2025-09-04T11:00:41.388+0000][gc            ] GC(9) Pause Young (Normal) (G1 Evacuation Pause) 194M->146M(1024M) 80.510ms
[2025-09-04T11:00:41.388+0000][gc,cpu        ] GC(9) User=0.46s Sys=0.00s Real=0.08s
[2025-09-04T11:09:27.339+0000][gc,start      ] GC(10) Pause Young (Normal) (G1 Evacuation Pause)
[2025-09-04T11:09:27.342+0000][gc,task       ] GC(10) Using 8 workers of 8 for evacuation
[2025-09-04T11:09:27.403+0000][gc,mmu        ] GC(10) MMU target violated: 21.0ms (20.0ms/21.0ms)
[2025-09-04T11:09:27.403+0000][gc,phases     ] GC(10)   Pre Evacuate Collection Set: 19.8ms
[2025-09-04T11:09:27.403+0000][gc,phases     ] GC(10)   Evacuate Collection Set: 36.6ms
[2025-09-04T11:09:27.404+0000][gc,phases     ] GC(10)   Post Evacuate Collection Set: 1.5ms
[2025-09-04T11:09:27.404+0000][gc,phases     ] GC(10)   Other: 7.3ms
[2025-09-04T11:09:27.404+0000][gc,heap       ] GC(10) Eden regions: 48->0(48)
[2025-09-04T11:09:27.404+0000][gc,heap       ] GC(10) Survivor regions: 3->3(7)
[2025-09-04T11:09:27.404+0000][gc,heap       ] GC(10) Old regions: 15->15
[2025-09-04T11:09:27.404+0000][gc,heap       ] GC(10) Humongous regions: 129->129
[2025-09-04T11:09:27.404+0000][gc,metaspace  ] GC(10) Metaspace: 51724K(54576K)->51724K(54576K) NonClass: 45480K(47024K)->45480K(47024K) Class: 6243K(7552K)->6243K(7552K)
[2025-09-04T11:09:27.404+0000][gc            ] GC(10) Pause Young (Normal) (G1 Evacuation Pause) 194M->146M(1024M) 65.557ms
[2025-09-04T11:09:27.404+0000][gc,cpu        ] GC(10) User=0.31s Sys=0.00s Real=0.06s
[2025-09-04T11:18:12.454+0000][gc,start      ] GC(11) Pause Young (Normal) (G1 Evacuation Pause)
[2025-09-04T11:18:12.455+0000][gc,task       ] GC(11) Using 8 workers of 8 for evacuation
[2025-09-04T11:18:12.529+0000][gc,mmu        ] GC(11) MMU target violated: 21.0ms (20.0ms/21.0ms)
[2025-09-04T11:18:12.529+0000][gc,phases     ] GC(11)   Pre Evacuate Collection Set: 20.2ms
[2025-09-04T11:18:12.534+0000][gc,phases     ] GC(11)   Evacuate Collection Set: 50.1ms
[2025-09-04T11:18:12.534+0000][gc,phases     ] GC(11)   Post Evacuate Collection Set: 1.7ms
[2025-09-04T11:18:12.535+0000][gc,phases     ] GC(11)   Other: 4.2ms
[2025-09-04T11:18:12.535+0000][gc,heap       ] GC(11) Eden regions: 48->0(48)
[2025-09-04T11:18:12.535+0000][gc,heap       ] GC(11) Survivor regions: 3->3(7)
[2025-09-04T11:18:12.535+0000][gc,heap       ] GC(11) Old regions: 15->15
[2025-09-04T11:18:12.535+0000][gc,heap       ] GC(11) Humongous regions: 129->129
[2025-09-04T11:18:12.536+0000][gc,metaspace  ] GC(11) Metaspace: 51764K(54576K)->51764K(54576K) NonClass: 45520K(47024K)->45520K(47024K) Class: 6243K(7552K)->6243K(7552K)
[2025-09-04T11:18:12.536+0000][gc            ] GC(11) Pause Young (Normal) (G1 Evacuation Pause) 194M->146M(1024M) 82.129ms
[2025-09-04T11:18:12.536+0000][gc,cpu        ] GC(11) User=0.41s Sys=0.00s Real=0.08s
[2025-09-04T11:26:26.919+0000][gc,start      ] GC(12) Pause Young (Normal) (G1 Evacuation Pause)
[2025-09-04T11:26:26.921+0000][gc,task       ] GC(12) Using 8 workers of 8 for evacuation
[2025-09-04T11:26:26.989+0000][gc,mmu        ] GC(12) MMU target violated: 21.0ms (20.0ms/21.0ms)
[2025-09-04T11:26:26.989+0000][gc,phases     ] GC(12)   Pre Evacuate Collection Set: 11.4ms
[2025-09-04T11:26:26.989+0000][gc,phases     ] GC(12)   Evacuate Collection Set: 53.2ms
[2025-09-04T11:26:26.989+0000][gc,phases     ] GC(12)   Post Evacuate Collection Set: 1.2ms
[2025-09-04T11:26:26.989+0000][gc,phases     ] GC(12)   Other: 4.3ms
[2025-09-04T11:26:26.989+0000][gc,heap       ] GC(12) Eden regions: 48->0(48)
[2025-09-04T11:26:26.989+0000][gc,heap       ] GC(12) Survivor regions: 3->3(7)
[2025-09-04T11:26:26.989+0000][gc,heap       ] GC(12) Old regions: 15->15
[2025-09-04T11:26:26.990+0000][gc,heap       ] GC(12) Humongous regions: 129->129
[2025-09-04T11:26:26.990+0000][gc,metaspace  ] GC(12) Metaspace: 51901K(54576K)->51901K(54576K) NonClass: 45652K(47024K)->45652K(47024K) Class: 6248K(7552K)->6248K(7552K)
[2025-09-04T11:26:26.990+0000][gc            ] GC(12) Pause Young (Normal) (G1 Evacuation Pause) 194M->146M(1024M) 70.355ms
[2025-09-04T11:26:26.990+0000][gc,cpu        ] GC(12) User=0.40s Sys=0.01s Real=0.07s
[2025-09-04T11:32:01.740+0000][gc,start      ] GC(13) Pause Young (Normal) (G1 Evacuation Pause)
[2025-09-04T11:32:01.741+0000][gc,task       ] GC(13) Using 8 workers of 8 for evacuation
[2025-09-04T11:32:01.783+0000][gc,mmu        ] GC(13) MMU target violated: 21.0ms (20.0ms/21.0ms)
[2025-09-04T11:32:01.784+0000][gc,phases     ] GC(13)   Pre Evacuate Collection Set: 8.3ms
[2025-09-04T11:32:01.784+0000][gc,phases     ] GC(13)   Evacuate Collection Set: 30.8ms
[2025-09-04T11:32:01.784+0000][gc,phases     ] GC(13)   Post Evacuate Collection Set: 1.5ms
[2025-09-04T11:32:01.784+0000][gc,phases     ] GC(13)   Other: 3.0ms
[2025-09-04T11:32:01.784+0000][gc,heap       ] GC(13) Eden regions: 48->0(47)
[2025-09-04T11:32:01.784+0000][gc,heap       ] GC(13) Survivor regions: 3->4(7)
[2025-09-04T11:32:01.784+0000][gc,heap       ] GC(13) Old regions: 15->15
[2025-09-04T11:32:01.785+0000][gc,heap       ] GC(13) Humongous regions: 129->129
[2025-09-04T11:32:01.785+0000][gc,metaspace  ] GC(13) Metaspace: 52720K(55472K)->52720K(55472K) NonClass: 46351K(47792K)->46351K(47792K) Class: 6369K(7680K)->6369K(7680K)
[2025-09-04T11:32:01.785+0000][gc            ] GC(13) Pause Young (Normal) (G1 Evacuation Pause) 194M->146M(1024M) 45.078ms
[2025-09-04T11:32:01.786+0000][gc,cpu        ] GC(13) User=0.09s Sys=0.00s Real=0.05s
[2025-09-04T11:34:34.208+0000][gc,start      ] GC(14) Pause Young (Normal) (G1 Evacuation Pause)
[2025-09-04T11:34:34.210+0000][gc,task       ] GC(14) Using 8 workers of 8 for evacuation
[2025-09-04T11:34:34.290+0000][gc,mmu        ] GC(14) MMU target violated: 21.0ms (20.0ms/21.0ms)
[2025-09-04T11:34:34.290+0000][gc,phases     ] GC(14)   Pre Evacuate Collection Set: 16.0ms
[2025-09-04T11:34:34.290+0000][gc,phases     ] GC(14)   Evacuate Collection Set: 59.8ms
[2025-09-04T11:34:34.291+0000][gc,phases     ] GC(14)   Post Evacuate Collection Set: 0.9ms
[2025-09-04T11:34:34.291+0000][gc,phases     ] GC(14)   Other: 6.1ms
[2025-09-04T11:34:34.291+0000][gc,heap       ] GC(14) Eden regions: 47->0(44)
[2025-09-04T11:34:34.291+0000][gc,heap       ] GC(14) Survivor regions: 4->7(7)
[2025-09-04T11:34:34.291+0000][gc,heap       ] GC(14) Old regions: 15->15
[2025-09-04T11:34:34.291+0000][gc,heap       ] GC(14) Humongous regions: 129->129
[2025-09-04T11:34:34.291+0000][gc,metaspace  ] GC(14) Metaspace: 53179K(56112K)->53179K(56112K) NonClass: 46733K(48304K)->46733K(48304K) Class: 6445K(7808K)->6445K(7808K)
[2025-09-04T11:34:34.291+0000][gc            ] GC(14) Pause Young (Normal) (G1 Evacuation Pause) 193M->150M(1024M) 83.289ms
[2025-09-04T11:34:34.291+0000][gc,cpu        ] GC(14) User=0.48s Sys=0.00s Real=0.08s
[2025-09-04T11:37:56.069+0000][gc,start      ] GC(15) Pause Young (Normal) (G1 Evacuation Pause)
[2025-09-04T11:37:56.072+0000][gc,task       ] GC(15) Using 8 workers of 8 for evacuation
[2025-09-04T11:37:56.144+0000][gc,mmu        ] GC(15) MMU target violated: 21.0ms (20.0ms/21.0ms)
[2025-09-04T11:37:56.144+0000][gc,phases     ] GC(15)   Pre Evacuate Collection Set: 16.7ms
[2025-09-04T11:37:56.144+0000][gc,phases     ] GC(15)   Evacuate Collection Set: 51.5ms
[2025-09-04T11:37:56.145+0000][gc,phases     ] GC(15)   Post Evacuate Collection Set: 1.2ms
[2025-09-04T11:37:56.145+0000][gc,phases     ] GC(15)   Other: 6.2ms
[2025-09-04T11:37:56.145+0000][gc,heap       ] GC(15) Eden regions: 44->0(47)
[2025-09-04T11:37:56.145+0000][gc,heap       ] GC(15) Survivor regions: 7->4(7)
[2025-09-04T11:37:56.145+0000][gc,heap       ] GC(15) Old regions: 15->18
[2025-09-04T11:37:56.145+0000][gc,heap       ] GC(15) Humongous regions: 129->129
[2025-09-04T11:37:56.145+0000][gc,metaspace  ] GC(15) Metaspace: 53189K(56112K)->53189K(56112K) NonClass: 46743K(48304K)->46743K(48304K) Class: 6445K(7808K)->6445K(7808K)
[2025-09-04T11:37:56.145+0000][gc            ] GC(15) Pause Young (Normal) (G1 Evacuation Pause) 194M->149M(1024M) 76.153ms
[2025-09-04T11:37:56.145+0000][gc,cpu        ] GC(15) User=0.39s Sys=0.02s Real=0.08s
[2025-09-04T11:56:05.695+0000][gc,start      ] GC(16) Pause Young (Normal) (G1 Evacuation Pause)
[2025-09-04T11:56:05.699+0000][gc,task       ] GC(16) Using 8 workers of 8 for evacuation
[2025-09-04T11:56:05.776+0000][gc,mmu        ] GC(16) MMU target violated: 21.0ms (20.0ms/21.0ms)
[2025-09-04T11:56:05.776+0000][gc,phases     ] GC(16)   Pre Evacuate Collection Set: 21.5ms
[2025-09-04T11:56:05.776+0000][gc,phases     ] GC(16)   Evacuate Collection Set: 48.8ms
[2025-09-04T11:56:05.777+0000][gc,phases     ] GC(16)   Post Evacuate Collection Set: 3.8ms
[2025-09-04T11:56:05.777+0000][gc,phases     ] GC(16)   Other: 7.6ms
[2025-09-04T11:56:05.777+0000][gc,heap       ] GC(16) Eden regions: 47->0(47)
[2025-09-04T11:56:05.777+0000][gc,heap       ] GC(16) Survivor regions: 4->4(7)
[2025-09-04T11:56:05.777+0000][gc,heap       ] GC(16) Old regions: 18->18
[2025-09-04T11:56:05.777+0000][gc,heap       ] GC(16) Humongous regions: 129->129
[2025-09-04T11:56:05.777+0000][gc,metaspace  ] GC(16) Metaspace: 53197K(56112K)->53197K(56112K) NonClass: 46752K(48304K)->46752K(48304K) Class: 6445K(7808K)->6445K(7808K)
[2025-09-04T11:56:05.777+0000][gc            ] GC(16) Pause Young (Normal) (G1 Evacuation Pause) 196M->149M(1024M) 82.109ms
[2025-09-04T11:56:05.778+0000][gc,cpu        ] GC(16) User=0.39s Sys=0.01s Real=0.08s
[2025-09-04T12:03:38.791+0000][gc,start      ] GC(17) Pause Young (Normal) (G1 Evacuation Pause)
[2025-09-04T12:03:38.803+0000][gc,task       ] GC(17) Using 8 workers of 8 for evacuation
[2025-09-04T12:03:38.871+0000][gc,mmu        ] GC(17) MMU target violated: 21.0ms (20.0ms/21.0ms)
[2025-09-04T12:03:38.871+0000][gc,phases     ] GC(17)   Pre Evacuate Collection Set: 9.2ms
[2025-09-04T12:03:38.871+0000][gc,phases     ] GC(17)   Evacuate Collection Set: 55.4ms
[2025-09-04T12:03:38.871+0000][gc,phases     ] GC(17)   Post Evacuate Collection Set: 0.9ms
[2025-09-04T12:03:38.871+0000][gc,phases     ] GC(17)   Other: 15.4ms
[2025-09-04T12:03:38.871+0000][gc,heap       ] GC(17) Eden regions: 47->0(44)
[2025-09-04T12:03:38.871+0000][gc,heap       ] GC(17) Survivor regions: 4->7(7)
[2025-09-04T12:03:38.871+0000][gc,heap       ] GC(17) Old regions: 18->18
[2025-09-04T12:03:38.871+0000][gc,heap       ] GC(17) Humongous regions: 129->129
[2025-09-04T12:03:38.871+0000][gc,metaspace  ] GC(17) Metaspace: 53219K(56112K)->53219K(56112K) NonClass: 46773K(48304K)->46773K(48304K) Class: 6445K(7808K)->6445K(7808K)
[2025-09-04T12:03:38.872+0000][gc            ] GC(17) Pause Young (Normal) (G1 Evacuation Pause) 196M->153M(1024M) 80.290ms
[2025-09-04T12:03:38.872+0000][gc,cpu        ] GC(17) User=0.46s Sys=0.00s Real=0.08s
[2025-09-04T12:06:35.455+0000][gc,start      ] GC(18) Pause Young (Normal) (G1 Evacuation Pause)
[2025-09-04T12:06:35.458+0000][gc,task       ] GC(18) Using 8 workers of 8 for evacuation
[2025-09-04T12:06:35.536+0000][gc,mmu        ] GC(18) MMU target violated: 21.0ms (20.0ms/21.0ms)
[2025-09-04T12:06:35.537+0000][gc,phases     ] GC(18)   Pre Evacuate Collection Set: 19.7ms
[2025-09-04T12:06:35.537+0000][gc,phases     ] GC(18)   Evacuate Collection Set: 55.9ms
[2025-09-04T12:06:35.537+0000][gc,phases     ] GC(18)   Post Evacuate Collection Set: 1.3ms
[2025-09-04T12:06:35.537+0000][gc,phases     ] GC(18)   Other: 5.1ms
[2025-09-04T12:06:35.537+0000][gc,heap       ] GC(18) Eden regions: 44->0(46)
[2025-09-04T12:06:35.537+0000][gc,heap       ] GC(18) Survivor regions: 7->5(7)
[2025-09-04T12:06:35.537+0000][gc,heap       ] GC(18) Old regions: 18->21
[2025-09-04T12:06:35.537+0000][gc,heap       ] GC(18) Humongous regions: 129->129
[2025-09-04T12:06:35.537+0000][gc,metaspace  ] GC(18) Metaspace: 53240K(56112K)->53240K(56112K) NonClass: 46794K(48304K)->46794K(48304K) Class: 6445K(7808K)->6445K(7808K)
[2025-09-04T12:06:35.537+0000][gc            ] GC(18) Pause Young (Normal) (G1 Evacuation Pause) 197M->154M(1024M) 82.159ms
[2025-09-04T12:06:35.537+0000][gc,cpu        ] GC(18) User=0.43s Sys=0.00s Real=0.08s
[2025-09-04T12:09:44.072+0000][gc,start      ] GC(19) Pause Young (Normal) (G1 Evacuation Pause)
[2025-09-04T12:09:44.077+0000][gc,task       ] GC(19) Using 8 workers of 8 for evacuation
[2025-09-04T12:09:44.118+0000][gc,mmu        ] GC(19) MMU target violated: 21.0ms (20.0ms/21.0ms)
[2025-09-04T12:09:44.118+0000][gc,phases     ] GC(19)   Pre Evacuate Collection Set: 8.2ms
[2025-09-04T12:09:44.118+0000][gc,phases     ] GC(19)   Evacuate Collection Set: 29.2ms
[2025-09-04T12:09:44.118+0000][gc,phases     ] GC(19)   Post Evacuate Collection Set: 1.3ms
[2025-09-04T12:09:44.118+0000][gc,phases     ] GC(19)   Other: 8.3ms
[2025-09-04T12:09:44.118+0000][gc,heap       ] GC(19) Eden regions: 46->0(47)
[2025-09-04T12:09:44.119+0000][gc,heap       ] GC(19) Survivor regions: 5->4(7)
[2025-09-04T12:09:44.119+0000][gc,heap       ] GC(19) Old regions: 21->22
[2025-09-04T12:09:44.119+0000][gc,heap       ] GC(19) Humongous regions: 129->129
[2025-09-04T12:09:44.119+0000][gc,metaspace  ] GC(19) Metaspace: 53256K(56112K)->53256K(56112K) NonClass: 46811K(48304K)->46811K(48304K) Class: 6445K(7808K)->6445K(7808K)
[2025-09-04T12:09:44.119+0000][gc            ] GC(19) Pause Young (Normal) (G1 Evacuation Pause) 200M->154M(1024M) 47.306ms
[2025-09-04T12:09:44.119+0000][gc,cpu        ] GC(19) User=0.23s Sys=0.00s Real=0.04s
[2025-09-04T12:14:31.613+0000][gc,start      ] GC(20) Pause Young (Normal) (G1 Evacuation Pause)
[2025-09-04T12:14:31.620+0000][gc,task       ] GC(20) Using 8 workers of 8 for evacuation
[2025-09-04T12:14:31.683+0000][gc,mmu        ] GC(20) MMU target violated: 21.0ms (20.0ms/21.0ms)
[2025-09-04T12:14:31.683+0000][gc,phases     ] GC(20)   Pre Evacuate Collection Set: 18.0ms
[2025-09-04T12:14:31.684+0000][gc,phases     ] GC(20)   Evacuate Collection Set: 40.4ms
[2025-09-04T12:14:31.684+0000][gc,phases     ] GC(20)   Post Evacuate Collection Set: 1.7ms
[2025-09-04T12:14:31.684+0000][gc,phases     ] GC(20)   Other: 12.0ms
[2025-09-04T12:14:31.684+0000][gc,heap       ] GC(20) Eden regions: 47->0(47)
[2025-09-04T12:14:31.684+0000][gc,heap       ] GC(20) Survivor regions: 4->4(7)
[2025-09-04T12:14:31.684+0000][gc,heap       ] GC(20) Old regions: 22->22
[2025-09-04T12:14:31.684+0000][gc,heap       ] GC(20) Humongous regions: 129->129
[2025-09-04T12:14:31.684+0000][gc,metaspace  ] GC(20) Metaspace: 53265K(56112K)->53265K(56112K) NonClass: 46819K(48304K)->46819K(48304K) Class: 6445K(7808K)->6445K(7808K)
[2025-09-04T12:14:31.684+0000][gc            ] GC(20) Pause Young (Normal) (G1 Evacuation Pause) 201M->154M(1024M) 71.686ms
[2025-09-04T12:14:31.684+0000][gc,cpu        ] GC(20) User=0.35s Sys=0.00s Real=0.07s
[2025-09-04T12:17:46.823+0000][gc,start      ] GC(21) Pause Young (Normal) (G1 Evacuation Pause)
[2025-09-04T12:17:46.825+0000][gc,task       ] GC(21) Using 8 workers of 8 for evacuation
[2025-09-04T12:17:46.923+0000][gc,mmu        ] GC(21) MMU target violated: 21.0ms (20.0ms/21.0ms)
[2025-09-04T12:17:46.923+0000][gc,phases     ] GC(21)   Pre Evacuate Collection Set: 11.6ms
[2025-09-04T12:17:46.924+0000][gc,phases     ] GC(21)   Evacuate Collection Set: 83.1ms
[2025-09-04T12:17:46.924+0000][gc,phases     ] GC(21)   Post Evacuate Collection Set: 1.6ms
[2025-09-04T12:17:46.924+0000][gc,phases     ] GC(21)   Other: 4.6ms
[2025-09-04T12:17:46.924+0000][gc,heap       ] GC(21) Eden regions: 47->0(44)
[2025-09-04T12:17:46.924+0000][gc,heap       ] GC(21) Survivor regions: 4->7(7)
[2025-09-04T12:17:46.924+0000][gc,heap       ] GC(21) Old regions: 22->23
[2025-09-04T12:17:46.924+0000][gc,heap       ] GC(21) Humongous regions: 129->129
[2025-09-04T12:17:46.924+0000][gc,metaspace  ] GC(21) Metaspace: 53273K(56112K)->53273K(56112K) NonClass: 46827K(48304K)->46827K(48304K) Class: 6445K(7808K)->6445K(7808K)
[2025-09-04T12:17:46.924+0000][gc            ] GC(21) Pause Young (Normal) (G1 Evacuation Pause) 201M->158M(1024M) 100.930ms
[2025-09-04T12:17:46.924+0000][gc,cpu        ] GC(21) User=0.59s Sys=0.08s Real=0.11s
[2025-09-04T12:20:47.240+0000][gc,start      ] GC(22) Pause Young (Normal) (G1 Evacuation Pause)
[2025-09-04T12:20:47.241+0000][gc,task       ] GC(22) Using 8 workers of 8 for evacuation
[2025-09-04T12:20:47.303+0000][gc,mmu        ] GC(22) MMU target violated: 21.0ms (20.0ms/21.0ms)
[2025-09-04T12:20:47.303+0000][gc,phases     ] GC(22)   Pre Evacuate Collection Set: 9.4ms
[2025-09-04T12:20:47.303+0000][gc,phases     ] GC(22)   Evacuate Collection Set: 49.2ms
[2025-09-04T12:20:47.303+0000][gc,phases     ] GC(22)   Post Evacuate Collection Set: 1.0ms
[2025-09-04T12:20:47.304+0000][gc,phases     ] GC(22)   Other: 4.1ms
[2025-09-04T12:20:47.304+0000][gc,heap       ] GC(22) Eden regions: 44->0(46)
[2025-09-04T12:20:47.304+0000][gc,heap       ] GC(22) Survivor regions: 7->5(7)
[2025-09-04T12:20:47.304+0000][gc,heap       ] GC(22) Old regions: 23->26
[2025-09-04T12:20:47.304+0000][gc,heap       ] GC(22) Humongous regions: 129->129
[2025-09-04T12:20:47.304+0000][gc,metaspace  ] GC(22) Metaspace: 53313K(56368K)->53313K(56368K) NonClass: 46868K(48560K)->46868K(48560K) Class: 6445K(7808K)->6445K(7808K)
[2025-09-04T12:20:47.304+0000][gc            ] GC(22) Pause Young (Normal) (G1 Evacuation Pause) 202M->159M(1024M) 64.054ms
[2025-09-04T12:20:47.304+0000][gc,cpu        ] GC(22) User=0.30s Sys=0.01s Real=0.07s
[2025-09-04T12:23:26.139+0000][gc,start      ] GC(23) Pause Young (Normal) (G1 Evacuation Pause)
[2025-09-04T12:23:26.145+0000][gc,task       ] GC(23) Using 8 workers of 8 for evacuation
[2025-09-04T12:23:26.230+0000][gc,mmu        ] GC(23) MMU target violated: 21.0ms (20.0ms/21.0ms)
[2025-09-04T12:23:26.230+0000][gc,phases     ] GC(23)   Pre Evacuate Collection Set: 22.6ms
[2025-09-04T12:23:26.230+0000][gc,phases     ] GC(23)   Evacuate Collection Set: 59.8ms
[2025-09-04T12:23:26.230+0000][gc,phases     ] GC(23)   Post Evacuate Collection Set: 1.1ms
[2025-09-04T12:23:26.230+0000][gc,phases     ] GC(23)   Other: 9.0ms
[2025-09-04T12:23:26.231+0000][gc,heap       ] GC(23) Eden regions: 46->0(47)
[2025-09-04T12:23:26.231+0000][gc,heap       ] GC(23) Survivor regions: 5->4(7)
[2025-09-04T12:23:26.231+0000][gc,heap       ] GC(23) Old regions: 26->27
[2025-09-04T12:23:26.231+0000][gc,heap       ] GC(23) Humongous regions: 129->129
[2025-09-04T12:23:26.231+0000][gc,metaspace  ] GC(23) Metaspace: 53488K(56368K)->53488K(56368K) NonClass: 47030K(48560K)->47030K(48560K) Class: 6458K(7808K)->6458K(7808K)
[2025-09-04T12:23:26.231+0000][gc            ] GC(23) Pause Young (Normal) (G1 Evacuation Pause) 205M->159M(1024M) 91.880ms
[2025-09-04T12:23:26.231+0000][gc,cpu        ] GC(23) User=0.47s Sys=0.01s Real=0.09s
[2025-09-04T12:26:37.942+0000][gc,start      ] GC(24) Pause Young (Normal) (G1 Evacuation Pause)
[2025-09-04T12:26:37.947+0000][gc,task       ] GC(24) Using 8 workers of 8 for evacuation
[2025-09-04T12:26:38.015+0000][gc,mmu        ] GC(24) MMU target violated: 21.0ms (20.0ms/21.0ms)
[2025-09-04T12:26:38.016+0000][gc,phases     ] GC(24)   Pre Evacuate Collection Set: 22.6ms
[2025-09-04T12:26:38.016+0000][gc,phases     ] GC(24)   Evacuate Collection Set: 42.6ms
[2025-09-04T12:26:38.016+0000][gc,phases     ] GC(24)   Post Evacuate Collection Set: 1.6ms
[2025-09-04T12:26:38.016+0000][gc,phases     ] GC(24)   Other: 6.8ms
[2025-09-04T12:26:38.016+0000][gc,heap       ] GC(24) Eden regions: 47->0(46)
[2025-09-04T12:26:38.016+0000][gc,heap       ] GC(24) Survivor regions: 4->5(7)
[2025-09-04T12:26:38.016+0000][gc,heap       ] GC(24) Old regions: 27->27
[2025-09-04T12:26:38.016+0000][gc,heap       ] GC(24) Humongous regions: 129->129
[2025-09-04T12:26:38.016+0000][gc,metaspace  ] GC(24) Metaspace: 53518K(56368K)->53518K(56368K) NonClass: 47060K(48560K)->47060K(48560K) Class: 6458K(7808K)->6458K(7808K)
[2025-09-04T12:26:38.017+0000][gc            ] GC(24) Pause Young (Normal) (G1 Evacuation Pause) 206M->160M(1024M) 74.102ms
[2025-09-04T12:26:38.017+0000][gc,cpu        ] GC(24) User=0.36s Sys=0.00s Real=0.07s
[2025-09-04T12:29:28.875+0000][gc,start      ] GC(25) Pause Young (Normal) (G1 Evacuation Pause)
[2025-09-04T12:29:28.878+0000][gc,task       ] GC(25) Using 8 workers of 8 for evacuation
[2025-09-04T12:29:28.948+0000][gc,mmu        ] GC(25) MMU target violated: 21.0ms (20.0ms/21.0ms)
[2025-09-04T12:29:28.948+0000][gc,phases     ] GC(25)   Pre Evacuate Collection Set: 26.7ms
[2025-09-04T12:29:28.948+0000][gc,phases     ] GC(25)   Evacuate Collection Set: 37.7ms
[2025-09-04T12:29:28.948+0000][gc,phases     ] GC(25)   Post Evacuate Collection Set: 3.9ms
[2025-09-04T12:29:28.948+0000][gc,phases     ] GC(25)   Other: 6.3ms
[2025-09-04T12:29:28.948+0000][gc,heap       ] GC(25) Eden regions: 46->0(46)
[2025-09-04T12:29:28.948+0000][gc,heap       ] GC(25) Survivor regions: 5->5(7)
[2025-09-04T12:29:28.948+0000][gc,heap       ] GC(25) Old regions: 27->29
[2025-09-04T12:29:28.948+0000][gc,heap       ] GC(25) Humongous regions: 129->129
[2025-09-04T12:29:28.948+0000][gc,metaspace  ] GC(25) Metaspace: 53577K(56624K)->53577K(56624K) NonClass: 47110K(48816K)->47110K(48816K) Class: 6466K(7808K)->6466K(7808K)
[2025-09-04T12:29:28.948+0000][gc            ] GC(25) Pause Young (Normal) (G1 Evacuation Pause) 206M->161M(1024M) 73.717ms
[2025-09-04T12:29:28.948+0000][gc,cpu        ] GC(25) User=0.31s Sys=0.02s Real=0.08s
[2025-09-04T12:30:00.752+0000][gc,start      ] GC(26) Pause Young (Normal) (G1 Evacuation Pause)
[2025-09-04T12:30:00.753+0000][gc,task       ] GC(26) Using 8 workers of 8 for evacuation
[2025-09-04T12:30:00.784+0000][gc,mmu        ] GC(26) MMU target violated: 21.0ms (20.0ms/21.0ms)
[2025-09-04T12:30:00.784+0000][gc,phases     ] GC(26)   Pre Evacuate Collection Set: 2.4ms
[2025-09-04T12:30:00.784+0000][gc,phases     ] GC(26)   Evacuate Collection Set: 26.5ms
[2025-09-04T12:30:00.784+0000][gc,phases     ] GC(26)   Post Evacuate Collection Set: 1.1ms
[2025-09-04T12:30:00.784+0000][gc,phases     ] GC(26)   Other: 1.9ms
[2025-09-04T12:30:00.784+0000][gc,heap       ] GC(26) Eden regions: 46->0(47)
[2025-09-04T12:30:00.784+0000][gc,heap       ] GC(26) Survivor regions: 5->4(7)
[2025-09-04T12:30:00.784+0000][gc,heap       ] GC(26) Old regions: 29->30
[2025-09-04T12:30:00.784+0000][gc,heap       ] GC(26) Humongous regions: 129->129
[2025-09-04T12:30:00.784+0000][gc,metaspace  ] GC(26) Metaspace: 54909K(58160K)->54909K(58160K) NonClass: 48144K(49840K)->48144K(49840K) Class: 6765K(8320K)->6765K(8320K)
[2025-09-04T12:30:00.785+0000][gc            ] GC(26) Pause Young (Normal) (G1 Evacuation Pause) 207M->162M(1024M) 32.481ms
[2025-09-04T12:30:00.785+0000][gc,cpu        ] GC(26) User=0.12s Sys=0.02s Real=0.03s
[2025-09-04T12:32:47.257+0000][gc,start      ] GC(27) Pause Young (Normal) (G1 Evacuation Pause)
[2025-09-04T12:32:47.258+0000][gc,task       ] GC(27) Using 8 workers of 8 for evacuation
[2025-09-04T12:32:47.325+0000][gc,mmu        ] GC(27) MMU target violated: 21.0ms (20.0ms/21.0ms)
[2025-09-04T12:32:47.325+0000][gc,phases     ] GC(27)   Pre Evacuate Collection Set: 18.9ms
[2025-09-04T12:32:47.325+0000][gc,phases     ] GC(27)   Evacuate Collection Set: 44.1ms
[2025-09-04T12:32:47.325+0000][gc,phases     ] GC(27)   Post Evacuate Collection Set: 0.9ms
[2025-09-04T12:32:47.325+0000][gc,phases     ] GC(27)   Other: 5.5ms
[2025-09-04T12:32:47.326+0000][gc,heap       ] GC(27) Eden regions: 47->0(45)
[2025-09-04T12:32:47.326+0000][gc,heap       ] GC(27) Survivor regions: 4->6(7)
[2025-09-04T12:32:47.326+0000][gc,heap       ] GC(27) Old regions: 30->30
[2025-09-04T12:32:47.326+0000][gc,heap       ] GC(27) Humongous regions: 129->129
[2025-09-04T12:32:47.326+0000][gc,metaspace  ] GC(27) Metaspace: 55140K(58416K)->55140K(58416K) NonClass: 48344K(50096K)->48344K(50096K) Class: 6795K(8320K)->6795K(8320K)
[2025-09-04T12:32:47.326+0000][gc            ] GC(27) Pause Young (Normal) (G1 Evacuation Pause) 209M->164M(1024M) 69.092ms
[2025-09-04T12:32:47.326+0000][gc,cpu        ] GC(27) User=0.36s Sys=0.00s Real=0.07s
[2025-09-04T12:35:36.133+0000][gc,start      ] GC(28) Pause Young (Normal) (G1 Evacuation Pause)
[2025-09-04T12:35:36.136+0000][gc,task       ] GC(28) Using 8 workers of 8 for evacuation
[2025-09-04T12:35:36.222+0000][gc,mmu        ] GC(28) MMU target violated: 21.0ms (20.0ms/21.0ms)
[2025-09-04T12:35:36.223+0000][gc,phases     ] GC(28)   Pre Evacuate Collection Set: 14.9ms
[2025-09-04T12:35:36.223+0000][gc,phases     ] GC(28)   Evacuate Collection Set: 69.0ms
[2025-09-04T12:35:36.223+0000][gc,phases     ] GC(28)   Post Evacuate Collection Set: 1.0ms
[2025-09-04T12:35:36.223+0000][gc,phases     ] GC(28)   Other: 4.8ms
[2025-09-04T12:35:36.223+0000][gc,heap       ] GC(28) Eden regions: 45->0(44)
[2025-09-04T12:35:36.223+0000][gc,heap       ] GC(28) Survivor regions: 6->7(7)
[2025-09-04T12:35:36.223+0000][gc,heap       ] GC(28) Old regions: 30->33
[2025-09-04T12:35:36.223+0000][gc,heap       ] GC(28) Humongous regions: 129->129
[2025-09-04T12:35:36.223+0000][gc,metaspace  ] GC(28) Metaspace: 55179K(58416K)->55179K(58416K) NonClass: 48383K(50096K)->48383K(50096K) Class: 6796K(8320K)->6796K(8320K)
[2025-09-04T12:35:36.223+0000][gc            ] GC(28) Pause Young (Normal) (G1 Evacuation Pause) 209M->168M(1024M) 89.605ms
[2025-09-04T12:35:36.223+0000][gc,cpu        ] GC(28) User=0.39s Sys=0.05s Real=0.09s
[2025-09-04T12:38:00.633+0000][gc,start      ] GC(29) Pause Young (Normal) (G1 Evacuation Pause)
[2025-09-04T12:38:00.635+0000][gc,task       ] GC(29) Using 8 workers of 8 for evacuation
[2025-09-04T12:38:00.716+0000][gc,mmu        ] GC(29) MMU target violated: 21.0ms (20.0ms/21.0ms)
[2025-09-04T12:38:00.716+0000][gc,phases     ] GC(29)   Pre Evacuate Collection Set: 16.5ms
[2025-09-04T12:38:00.717+0000][gc,phases     ] GC(29)   Evacuate Collection Set: 61.0ms
[2025-09-04T12:38:00.717+0000][gc,phases     ] GC(29)   Post Evacuate Collection Set: 1.7ms
[2025-09-04T12:38:00.717+0000][gc,phases     ] GC(29)   Other: 4.5ms
[2025-09-04T12:38:00.717+0000][gc,heap       ] GC(29) Eden regions: 44->0(46)
[2025-09-04T12:38:00.717+0000][gc,heap       ] GC(29) Survivor regions: 7->5(7)
[2025-09-04T12:38:00.717+0000][gc,heap       ] GC(29) Old regions: 33->36
[2025-09-04T12:38:00.717+0000][gc,heap       ] GC(29) Humongous regions: 129->129
[2025-09-04T12:38:00.717+0000][gc,metaspace  ] GC(29) Metaspace: 55321K(58672K)->55321K(58672K) NonClass: 48525K(50352K)->48525K(50352K) Class: 6796K(8320K)->6796K(8320K)
[2025-09-04T12:38:00.717+0000][gc            ] GC(29) Pause Young (Normal) (G1 Evacuation Pause) 212M->168M(1024M) 83.729ms
[2025-09-04T12:38:00.717+0000][gc,cpu        ] GC(29) User=0.45s Sys=0.02s Real=0.09s
[2025-09-04T12:40:43.651+0000][gc,start      ] GC(30) Pause Young (Normal) (G1 Evacuation Pause)
[2025-09-04T12:40:43.653+0000][gc,task       ] GC(30) Using 8 workers of 8 for evacuation
[2025-09-04T12:40:43.732+0000][gc,mmu        ] GC(30) MMU target violated: 21.0ms (20.0ms/21.0ms)
[2025-09-04T12:40:43.733+0000][gc,phases     ] GC(30)   Pre Evacuate Collection Set: 13.5ms
[2025-09-04T12:40:43.733+0000][gc,phases     ] GC(30)   Evacuate Collection Set: 62.3ms
[2025-09-04T12:40:43.733+0000][gc,phases     ] GC(30)   Post Evacuate Collection Set: 1.6ms
[2025-09-04T12:40:43.733+0000][gc,phases     ] GC(30)   Other: 5.4ms
[2025-09-04T12:40:43.733+0000][gc,heap       ] GC(30) Eden regions: 46->0(46)
[2025-09-04T12:40:43.733+0000][gc,heap       ] GC(30) Survivor regions: 5->5(7)
[2025-09-04T12:40:43.733+0000][gc,heap       ] GC(30) Old regions: 36->38
[2025-09-04T12:40:43.733+0000][gc,heap       ] GC(30) Humongous regions: 129->129
[2025-09-04T12:40:43.733+0000][gc,metaspace  ] GC(30) Metaspace: 55333K(58672K)->55333K(58672K) NonClass: 48537K(50352K)->48537K(50352K) Class: 6796K(8320K)->6796K(8320K)
[2025-09-04T12:40:43.733+0000][gc            ] GC(30) Pause Young (Normal) (G1 Evacuation Pause) 214M->170M(1024M) 82.662ms
[2025-09-04T12:40:43.733+0000][gc,cpu        ] GC(30) User=0.48s Sys=0.00s Real=0.08s
[2025-09-04T12:58:27.834+0000][gc,start      ] GC(31) Pause Young (Normal) (G1 Evacuation Pause)
[2025-09-04T12:58:27.836+0000][gc,task       ] GC(31) Using 8 workers of 8 for evacuation
[2025-09-04T12:58:27.902+0000][gc,mmu        ] GC(31) MMU target violated: 21.0ms (20.0ms/21.0ms)
[2025-09-04T12:58:27.902+0000][gc,phases     ] GC(31)   Pre Evacuate Collection Set: 24.8ms
[2025-09-04T12:58:27.902+0000][gc,phases     ] GC(31)   Evacuate Collection Set: 38.4ms
[2025-09-04T12:58:27.902+0000][gc,phases     ] GC(31)   Post Evacuate Collection Set: 1.3ms
[2025-09-04T12:58:27.903+0000][gc,phases     ] GC(31)   Other: 4.8ms
[2025-09-04T12:58:27.903+0000][gc,heap       ] GC(31) Eden regions: 46->0(46)
[2025-09-04T12:58:27.903+0000][gc,heap       ] GC(31) Survivor regions: 5->5(7)
[2025-09-04T12:58:27.903+0000][gc,heap       ] GC(31) Old regions: 38->39
[2025-09-04T12:58:27.903+0000][gc,heap       ] GC(31) Humongous regions: 129->129
[2025-09-04T12:58:27.903+0000][gc,metaspace  ] GC(31) Metaspace: 55345K(58672K)->55345K(58672K) NonClass: 48548K(50352K)->48548K(50352K) Class: 6796K(8320K)->6796K(8320K)
[2025-09-04T12:58:27.903+0000][gc            ] GC(31) Pause Young (Normal) (G1 Evacuation Pause) 216M->171M(1024M) 69.287ms
[2025-09-04T12:58:27.903+0000][gc,cpu        ] GC(31) User=0.33s Sys=0.00s Real=0.07s
[2025-09-04T13:16:23.346+0000][gc,start      ] GC(32) Pause Young (Normal) (G1 Evacuation Pause)
[2025-09-04T13:16:23.347+0000][gc,task       ] GC(32) Using 8 workers of 8 for evacuation
[2025-09-04T13:16:23.421+0000][gc,mmu        ] GC(32) MMU target violated: 21.0ms (20.0ms/21.0ms)
[2025-09-04T13:16:23.421+0000][gc,phases     ] GC(32)   Pre Evacuate Collection Set: 6.7ms
[2025-09-04T13:16:23.421+0000][gc,phases     ] GC(32)   Evacuate Collection Set: 63.9ms
[2025-09-04T13:16:23.421+0000][gc,phases     ] GC(32)   Post Evacuate Collection Set: 1.1ms
[2025-09-04T13:16:23.421+0000][gc,phases     ] GC(32)   Other: 4.0ms
[2025-09-04T13:16:23.421+0000][gc,heap       ] GC(32) Eden regions: 46->0(46)
[2025-09-04T13:16:23.421+0000][gc,heap       ] GC(32) Survivor regions: 5->5(7)
[2025-09-04T13:16:23.421+0000][gc,heap       ] GC(32) Old regions: 39->41
[2025-09-04T13:16:23.421+0000][gc,heap       ] GC(32) Humongous regions: 129->129
[2025-09-04T13:16:23.421+0000][gc,metaspace  ] GC(32) Metaspace: 55352K(58672K)->55352K(58672K) NonClass: 48555K(50352K)->48555K(50352K) Class: 6796K(8320K)->6796K(8320K)
[2025-09-04T13:16:23.421+0000][gc            ] GC(32) Pause Young (Normal) (G1 Evacuation Pause) 217M->174M(1024M) 75.623ms
[2025-09-04T13:16:23.421+0000][gc,cpu        ] GC(32) User=0.50s Sys=0.01s Real=0.08s
[2025-09-04T13:19:09.421+0000][gc,start      ] GC(33) Pause Young (Normal) (G1 Evacuation Pause)
[2025-09-04T13:19:09.424+0000][gc,task       ] GC(33) Using 8 workers of 8 for evacuation
[2025-09-04T13:19:09.501+0000][gc,mmu        ] GC(33) MMU target violated: 21.0ms (20.0ms/21.0ms)
[2025-09-04T13:19:09.501+0000][gc,phases     ] GC(33)   Pre Evacuate Collection Set: 13.3ms
[2025-09-04T13:19:09.501+0000][gc,phases     ] GC(33)   Evacuate Collection Set: 58.4ms
[2025-09-04T13:19:09.501+0000][gc,phases     ] GC(33)   Post Evacuate Collection Set: 1.7ms
[2025-09-04T13:19:09.501+0000][gc,phases     ] GC(33)   Other: 6.8ms
[2025-09-04T13:19:09.501+0000][gc,heap       ] GC(33) Eden regions: 46->0(47)
[2025-09-04T13:19:09.501+0000][gc,heap       ] GC(33) Survivor regions: 5->4(7)
[2025-09-04T13:19:09.501+0000][gc,heap       ] GC(33) Old regions: 41->43
[2025-09-04T13:19:09.502+0000][gc,heap       ] GC(33) Humongous regions: 129->129
[2025-09-04T13:19:09.502+0000][gc,metaspace  ] GC(33) Metaspace: 55352K(58672K)->55352K(58672K) NonClass: 48555K(50352K)->48555K(50352K) Class: 6796K(8320K)->6796K(8320K)
[2025-09-04T13:19:09.502+0000][gc            ] GC(33) Pause Young (Normal) (G1 Evacuation Pause) 220M->174M(1024M) 80.272ms
[2025-09-04T13:19:09.502+0000][gc,cpu        ] GC(33) User=0.43s Sys=0.04s Real=0.08s
[2025-09-04T13:21:52.922+0000][gc,start      ] GC(34) Pause Young (Normal) (G1 Evacuation Pause)
[2025-09-04T13:21:52.924+0000][gc,task       ] GC(34) Using 8 workers of 8 for evacuation
[2025-09-04T13:21:52.991+0000][gc,mmu        ] GC(34) MMU target violated: 21.0ms (20.0ms/21.0ms)
[2025-09-04T13:21:52.991+0000][gc,phases     ] GC(34)   Pre Evacuate Collection Set: 10.6ms
[2025-09-04T13:21:52.991+0000][gc,phases     ] GC(34)   Evacuate Collection Set: 54.1ms
[2025-09-04T13:21:52.991+0000][gc,phases     ] GC(34)   Post Evacuate Collection Set: 1.5ms
[2025-09-04T13:21:52.991+0000][gc,phases     ] GC(34)   Other: 4.3ms
[2025-09-04T13:21:52.992+0000][gc,heap       ] GC(34) Eden regions: 47->0(45)
[2025-09-04T13:21:52.992+0000][gc,heap       ] GC(34) Survivor regions: 4->6(7)
[2025-09-04T13:21:52.992+0000][gc,heap       ] GC(34) Old regions: 43->43
[2025-09-04T13:21:52.992+0000][gc,heap       ] GC(34) Humongous regions: 129->129
[2025-09-04T13:21:52.992+0000][gc,metaspace  ] GC(34) Metaspace: 55381K(58672K)->55381K(58672K) NonClass: 48585K(50352K)->48585K(50352K) Class: 6796K(8320K)->6796K(8320K)
[2025-09-04T13:21:52.992+0000][gc            ] GC(34) Pause Young (Normal) (G1 Evacuation Pause) 221M->176M(1024M) 70.260ms
[2025-09-04T13:21:52.992+0000][gc,cpu        ] GC(34) User=0.42s Sys=0.00s Real=0.07s
[2025-09-04T13:24:34.759+0000][gc,start      ] GC(35) Pause Young (Normal) (G1 Evacuation Pause)
[2025-09-04T13:24:34.762+0000][gc,task       ] GC(35) Using 8 workers of 8 for evacuation
[2025-09-04T13:24:34.817+0000][gc,mmu        ] GC(35) MMU target violated: 21.0ms (20.0ms/21.0ms)
[2025-09-04T13:24:34.817+0000][gc,phases     ] GC(35)   Pre Evacuate Collection Set: 22.3ms
[2025-09-04T13:24:34.818+0000][gc,phases     ] GC(35)   Evacuate Collection Set: 29.6ms
[2025-09-04T13:24:34.818+0000][gc,phases     ] GC(35)   Post Evacuate Collection Set: 1.5ms
[2025-09-04T13:24:34.818+0000][gc,phases     ] GC(35)   Other: 6.3ms
[2025-09-04T13:24:34.818+0000][gc,heap       ] GC(35) Eden regions: 45->0(47)
[2025-09-04T13:24:34.818+0000][gc,heap       ] GC(35) Survivor regions: 6->4(7)
[2025-09-04T13:24:34.818+0000][gc,heap       ] GC(35) Old regions: 43->46
[2025-09-04T13:24:34.818+0000][gc,heap       ] GC(35) Humongous regions: 129->129
[2025-09-04T13:24:34.818+0000][gc,metaspace  ] GC(35) Metaspace: 55408K(58672K)->55408K(58672K) NonClass: 48612K(50352K)->48612K(50352K) Class: 6796K(8320K)->6796K(8320K)
[2025-09-04T13:24:34.818+0000][gc            ] GC(35) Pause Young (Normal) (G1 Evacuation Pause) 221M->177M(1024M) 59.455ms
[2025-09-04T13:24:34.818+0000][gc,cpu        ] GC(35) User=0.25s Sys=0.01s Real=0.06s
[2025-09-04T13:27:22.702+0000][gc,start      ] GC(36) Pause Young (Normal) (G1 Evacuation Pause)
[2025-09-04T13:27:22.711+0000][gc,task       ] GC(36) Using 8 workers of 8 for evacuation
[2025-09-04T13:27:22.765+0000][gc,mmu        ] GC(36) MMU target violated: 21.0ms (20.0ms/21.0ms)
[2025-09-04T13:27:22.765+0000][gc,phases     ] GC(36)   Pre Evacuate Collection Set: 10.2ms
[2025-09-04T13:27:22.765+0000][gc,phases     ] GC(36)   Evacuate Collection Set: 40.1ms
[2025-09-04T13:27:22.765+0000][gc,phases     ] GC(36)   Post Evacuate Collection Set: 1.0ms
[2025-09-04T13:27:22.765+0000][gc,phases     ] GC(36)   Other: 19.3ms
[2025-09-04T13:27:22.765+0000][gc,heap       ] GC(36) Eden regions: 47->0(46)
[2025-09-04T13:27:22.765+0000][gc,heap       ] GC(36) Survivor regions: 4->5(7)
[2025-09-04T13:27:22.765+0000][gc,heap       ] GC(36) Old regions: 46->46
[2025-09-04T13:27:22.765+0000][gc,heap       ] GC(36) Humongous regions: 129->129
[2025-09-04T13:27:22.766+0000][gc,metaspace  ] GC(36) Metaspace: 55415K(58672K)->55415K(58672K) NonClass: 48619K(50352K)->48619K(50352K) Class: 6796K(8320K)->6796K(8320K)
[2025-09-04T13:27:22.766+0000][gc            ] GC(36) Pause Young (Normal) (G1 Evacuation Pause) 224M->179M(1024M) 64.572ms
[2025-09-04T13:27:22.766+0000][gc,cpu        ] GC(36) User=0.34s Sys=0.00s Real=0.06s
[2025-09-04T13:30:07.625+0000][gc,start      ] GC(37) Pause Young (Normal) (G1 Evacuation Pause)
[2025-09-04T13:30:07.627+0000][gc,task       ] GC(37) Using 8 workers of 8 for evacuation
[2025-09-04T13:30:07.680+0000][gc,mmu        ] GC(37) MMU target violated: 21.0ms (20.0ms/21.0ms)
[2025-09-04T13:30:07.680+0000][gc,phases     ] GC(37)   Pre Evacuate Collection Set: 13.8ms
[2025-09-04T13:30:07.680+0000][gc,phases     ] GC(37)   Evacuate Collection Set: 35.9ms
[2025-09-04T13:30:07.680+0000][gc,phases     ] GC(37)   Post Evacuate Collection Set: 1.3ms
[2025-09-04T13:30:07.680+0000][gc,phases     ] GC(37)   Other: 4.0ms
[2025-09-04T13:30:07.680+0000][gc,heap       ] GC(37) Eden regions: 46->0(46)
[2025-09-04T13:30:07.680+0000][gc,heap       ] GC(37) Survivor regions: 5->5(7)
[2025-09-04T13:30:07.680+0000][gc,heap       ] GC(37) Old regions: 46->47
[2025-09-04T13:30:07.680+0000][gc,heap       ] GC(37) Humongous regions: 129->129
[2025-09-04T13:30:07.680+0000][gc,metaspace  ] GC(37) Metaspace: 55416K(58672K)->55416K(58672K) NonClass: 48620K(50352K)->48620K(50352K) Class: 6796K(8320K)->6796K(8320K)
[2025-09-04T13:30:07.681+0000][gc            ] GC(37) Pause Young (Normal) (G1 Evacuation Pause) 225M->180M(1024M) 55.195ms
[2025-09-04T13:30:07.681+0000][gc,cpu        ] GC(37) User=0.28s Sys=0.00s Real=0.06s
[2025-09-04T13:32:52.814+0000][gc,start      ] GC(38) Pause Young (Normal) (G1 Evacuation Pause)
[2025-09-04T13:32:52.818+0000][gc,task       ] GC(38) Using 8 workers of 8 for evacuation
[2025-09-04T13:32:52.872+0000][gc,mmu        ] GC(38) MMU target violated: 21.0ms (20.0ms/21.0ms)
[2025-09-04T13:32:52.872+0000][gc,phases     ] GC(38)   Pre Evacuate Collection Set: 6.0ms
[2025-09-04T13:32:52.872+0000][gc,phases     ] GC(38)   Evacuate Collection Set: 45.1ms
[2025-09-04T13:32:52.872+0000][gc,phases     ] GC(38)   Post Evacuate Collection Set: 1.2ms
[2025-09-04T13:32:52.872+0000][gc,phases     ] GC(38)   Other: 6.0ms
[2025-09-04T13:32:52.872+0000][gc,heap       ] GC(38) Eden regions: 46->0(46)
[2025-09-04T13:32:52.872+0000][gc,heap       ] GC(38) Survivor regions: 5->5(7)
[2025-09-04T13:32:52.872+0000][gc,heap       ] GC(38) Old regions: 47->49
[2025-09-04T13:32:52.873+0000][gc,heap       ] GC(38) Humongous regions: 129->129
[2025-09-04T13:32:52.873+0000][gc,metaspace  ] GC(38) Metaspace: 55419K(58672K)->55419K(58672K) NonClass: 48623K(50352K)->48623K(50352K) Class: 6796K(8320K)->6796K(8320K)
[2025-09-04T13:32:52.873+0000][gc            ] GC(38) Pause Young (Normal) (G1 Evacuation Pause) 226M->182M(1024M) 58.525ms
[2025-09-04T13:32:52.873+0000][gc,cpu        ] GC(38) User=0.35s Sys=0.01s Real=0.06s
[2025-09-04T13:35:39.567+0000][gc,start      ] GC(39) Pause Young (Normal) (G1 Evacuation Pause)
[2025-09-04T13:35:39.568+0000][gc,task       ] GC(39) Using 8 workers of 8 for evacuation
[2025-09-04T13:35:39.643+0000][gc,mmu        ] GC(39) MMU target violated: 21.0ms (20.0ms/21.0ms)
[2025-09-04T13:35:39.643+0000][gc,phases     ] GC(39)   Pre Evacuate Collection Set: 5.8ms
[2025-09-04T13:35:39.643+0000][gc,phases     ] GC(39)   Evacuate Collection Set: 66.6ms
[2025-09-04T13:35:39.643+0000][gc,phases     ] GC(39)   Post Evacuate Collection Set: 1.1ms
[2025-09-04T13:35:39.643+0000][gc,phases     ] GC(39)   Other: 3.4ms
[2025-09-04T13:35:39.643+0000][gc,heap       ] GC(39) Eden regions: 46->0(46)
[2025-09-04T13:35:39.643+0000][gc,heap       ] GC(39) Survivor regions: 5->5(7)
[2025-09-04T13:35:39.643+0000][gc,heap       ] GC(39) Old regions: 49->50
[2025-09-04T13:35:39.643+0000][gc,heap       ] GC(39) Humongous regions: 129->129
[2025-09-04T13:35:39.643+0000][gc,metaspace  ] GC(39) Metaspace: 55421K(58672K)->55421K(58672K) NonClass: 48625K(50352K)->48625K(50352K) Class: 6796K(8320K)->6796K(8320K)
[2025-09-04T13:35:39.643+0000][gc            ] GC(39) Pause Young (Normal) (G1 Evacuation Pause) 228M->183M(1024M) 76.582ms
[2025-09-04T13:35:39.644+0000][gc,cpu        ] GC(39) User=0.33s Sys=0.20s Real=0.08s
[2025-09-04T13:38:24.192+0000][gc,start      ] GC(40) Pause Young (Normal) (G1 Evacuation Pause)
[2025-09-04T13:38:24.194+0000][gc,task       ] GC(40) Using 8 workers of 8 for evacuation
[2025-09-04T13:38:24.248+0000][gc,mmu        ] GC(40) MMU target violated: 21.0ms (20.0ms/21.0ms)
[2025-09-04T13:38:24.249+0000][gc,phases     ] GC(40)   Pre Evacuate Collection Set: 6.6ms
[2025-09-04T13:38:24.249+0000][gc,phases     ] GC(40)   Evacuate Collection Set: 43.3ms
[2025-09-04T13:38:24.249+0000][gc,phases     ] GC(40)   Post Evacuate Collection Set: 1.1ms
[2025-09-04T13:38:24.249+0000][gc,phases     ] GC(40)   Other: 5.6ms
[2025-09-04T13:38:24.249+0000][gc,heap       ] GC(40) Eden regions: 46->0(46)
[2025-09-04T13:38:24.249+0000][gc,heap       ] GC(40) Survivor regions: 5->5(7)
[2025-09-04T13:38:24.249+0000][gc,heap       ] GC(40) Old regions: 50->52
[2025-09-04T13:38:24.249+0000][gc,heap       ] GC(40) Humongous regions: 129->129
[2025-09-04T13:38:24.249+0000][gc,metaspace  ] GC(40) Metaspace: 55427K(58672K)->55427K(58672K) NonClass: 48631K(50352K)->48631K(50352K) Class: 6796K(8320K)->6796K(8320K)
[2025-09-04T13:38:24.249+0000][gc            ] GC(40) Pause Young (Normal) (G1 Evacuation Pause) 229M->185M(1024M) 56.798ms
[2025-09-04T13:38:24.249+0000][gc,cpu        ] GC(40) User=0.34s Sys=0.01s Real=0.05s
[2025-09-04T13:41:08.198+0000][gc,start      ] GC(41) Pause Young (Normal) (G1 Evacuation Pause)
[2025-09-04T13:41:08.200+0000][gc,task       ] GC(41) Using 8 workers of 8 for evacuation
[2025-09-04T13:41:08.273+0000][gc,mmu        ] GC(41) MMU target violated: 21.0ms (20.0ms/21.0ms)
[2025-09-04T13:41:08.273+0000][gc,phases     ] GC(41)   Pre Evacuate Collection Set: 22.6ms
[2025-09-04T13:41:08.273+0000][gc,phases     ] GC(41)   Evacuate Collection Set: 47.0ms
[2025-09-04T13:41:08.273+0000][gc,phases     ] GC(41)   Post Evacuate Collection Set: 1.1ms
[2025-09-04T13:41:08.273+0000][gc,phases     ] GC(41)   Other: 5.2ms
[2025-09-04T13:41:08.273+0000][gc,heap       ] GC(41) Eden regions: 46->0(46)
[2025-09-04T13:41:08.273+0000][gc,heap       ] GC(41) Survivor regions: 5->5(7)
[2025-09-04T13:41:08.273+0000][gc,heap       ] GC(41) Old regions: 52->54
[2025-09-04T13:41:08.273+0000][gc,heap       ] GC(41) Humongous regions: 129->129
[2025-09-04T13:41:08.273+0000][gc,metaspace  ] GC(41) Metaspace: 55429K(58672K)->55429K(58672K) NonClass: 48633K(50352K)->48633K(50352K) Class: 6796K(8320K)->6796K(8320K)
[2025-09-04T13:41:08.273+0000][gc            ] GC(41) Pause Young (Normal) (G1 Evacuation Pause) 231M->186M(1024M) 75.577ms
[2025-09-04T13:41:08.273+0000][gc,cpu        ] GC(41) User=0.39s Sys=0.00s Real=0.07s
[2025-09-04T13:43:54.688+0000][gc,start      ] GC(42) Pause Young (Normal) (G1 Evacuation Pause)
[2025-09-04T13:43:54.691+0000][gc,task       ] GC(42) Using 8 workers of 8 for evacuation
[2025-09-04T13:43:54.745+0000][gc,mmu        ] GC(42) MMU target violated: 21.0ms (20.0ms/21.0ms)
[2025-09-04T13:43:54.745+0000][gc,phases     ] GC(42)   Pre Evacuate Collection Set: 20.6ms
[2025-09-04T13:43:54.746+0000][gc,phases     ] GC(42)   Evacuate Collection Set: 31.0ms
[2025-09-04T13:43:54.746+0000][gc,phases     ] GC(42)   Post Evacuate Collection Set: 1.3ms
[2025-09-04T13:43:54.746+0000][gc,phases     ] GC(42)   Other: 5.3ms
[2025-09-04T13:43:54.746+0000][gc,heap       ] GC(42) Eden regions: 46->0(46)
[2025-09-04T13:43:54.746+0000][gc,heap       ] GC(42) Survivor regions: 5->5(7)
[2025-09-04T13:43:54.746+0000][gc,heap       ] GC(42) Old regions: 54->55
[2025-09-04T13:43:54.746+0000][gc,heap       ] GC(42) Humongous regions: 129->129
[2025-09-04T13:43:54.746+0000][gc,metaspace  ] GC(42) Metaspace: 55431K(58672K)->55431K(58672K) NonClass: 48635K(50352K)->48635K(50352K) Class: 6796K(8320K)->6796K(8320K)
[2025-09-04T13:43:54.746+0000][gc            ] GC(42) Pause Young (Normal) (G1 Evacuation Pause) 232M->188M(1024M) 58.174ms
[2025-09-04T13:43:54.746+0000][gc,cpu        ] GC(42) User=0.26s Sys=0.00s Real=0.06s
[2025-09-04T13:46:39.841+0000][gc,start      ] GC(43) Pause Young (Normal) (G1 Evacuation Pause)
[2025-09-04T13:46:39.842+0000][gc,task       ] GC(43) Using 8 workers of 8 for evacuation
[2025-09-04T13:46:39.888+0000][gc,mmu        ] GC(43) MMU target violated: 21.0ms (20.0ms/21.0ms)
[2025-09-04T13:46:39.888+0000][gc,phases     ] GC(43)   Pre Evacuate Collection Set: 5.4ms
[2025-09-04T13:46:39.888+0000][gc,phases     ] GC(43)   Evacuate Collection Set: 37.1ms
[2025-09-04T13:46:39.888+0000][gc,phases     ] GC(43)   Post Evacuate Collection Set: 1.3ms
[2025-09-04T13:46:39.888+0000][gc,phases     ] GC(43)   Other: 4.2ms
[2025-09-04T13:46:39.888+0000][gc,heap       ] GC(43) Eden regions: 46->0(46)
[2025-09-04T13:46:39.889+0000][gc,heap       ] GC(43) Survivor regions: 5->5(7)
[2025-09-04T13:46:39.889+0000][gc,heap       ] GC(43) Old regions: 55->57
[2025-09-04T13:46:39.889+0000][gc,heap       ] GC(43) Humongous regions: 129->129
[2025-09-04T13:46:39.889+0000][gc,metaspace  ] GC(43) Metaspace: 55432K(58672K)->55432K(58672K) NonClass: 48635K(50352K)->48635K(50352K) Class: 6796K(8320K)->6796K(8320K)
[2025-09-04T13:46:39.889+0000][gc            ] GC(43) Pause Young (Normal) (G1 Evacuation Pause) 234M->189M(1024M) 48.145ms
[2025-09-04T13:46:39.889+0000][gc,cpu        ] GC(43) User=0.26s Sys=0.02s Real=0.05s
[2025-09-04T13:49:25.521+0000][gc,start      ] GC(44) Pause Young (Normal) (G1 Evacuation Pause)
[2025-09-04T13:49:25.523+0000][gc,task       ] GC(44) Using 8 workers of 8 for evacuation
[2025-09-04T13:49:25.575+0000][gc,mmu        ] GC(44) MMU target violated: 21.0ms (20.0ms/21.0ms)
[2025-09-04T13:49:25.576+0000][gc,phases     ] GC(44)   Pre Evacuate Collection Set: 13.6ms
[2025-09-04T13:49:25.576+0000][gc,phases     ] GC(44)   Evacuate Collection Set: 36.1ms
[2025-09-04T13:49:25.576+0000][gc,phases     ] GC(44)   Post Evacuate Collection Set: 1.4ms
[2025-09-04T13:49:25.576+0000][gc,phases     ] GC(44)   Other: 3.9ms
[2025-09-04T13:49:25.576+0000][gc,heap       ] GC(44) Eden regions: 46->0(46)
[2025-09-04T13:49:25.576+0000][gc,heap       ] GC(44) Survivor regions: 5->5(7)
[2025-09-04T13:49:25.576+0000][gc,heap       ] GC(44) Old regions: 57->58
[2025-09-04T13:49:25.576+0000][gc,heap       ] GC(44) Humongous regions: 129->129
[2025-09-04T13:49:25.577+0000][gc,metaspace  ] GC(44) Metaspace: 55433K(58672K)->55433K(58672K) NonClass: 48636K(50352K)->48636K(50352K) Class: 6796K(8320K)->6796K(8320K)
[2025-09-04T13:49:25.577+0000][gc            ] GC(44) Pause Young (Normal) (G1 Evacuation Pause) 235M->191M(1024M) 55.644ms
[2025-09-04T13:49:25.577+0000][gc,cpu        ] GC(44) User=0.29s Sys=0.00s Real=0.05s
[2025-09-04T13:55:29.862+0000][gc,start      ] GC(45) Pause Young (Normal) (G1 Evacuation Pause)
[2025-09-04T13:55:29.862+0000][gc,task       ] GC(45) Using 8 workers of 8 for evacuation
[2025-09-04T13:55:29.896+0000][gc,mmu        ] GC(45) MMU target violated: 21.0ms (20.0ms/21.0ms)
[2025-09-04T13:55:29.896+0000][gc,phases     ] GC(45)   Pre Evacuate Collection Set: 5.2ms
[2025-09-04T13:55:29.896+0000][gc,phases     ] GC(45)   Evacuate Collection Set: 24.8ms
[2025-09-04T13:55:29.896+0000][gc,phases     ] GC(45)   Post Evacuate Collection Set: 3.3ms
[2025-09-04T13:55:29.897+0000][gc,phases     ] GC(45)   Other: 2.0ms
[2025-09-04T13:55:29.897+0000][gc,heap       ] GC(45) Eden regions: 46->0(46)
[2025-09-04T13:55:29.897+0000][gc,heap       ] GC(45) Survivor regions: 5->5(7)
[2025-09-04T13:55:29.897+0000][gc,heap       ] GC(45) Old regions: 58->60
[2025-09-04T13:55:29.897+0000][gc,heap       ] GC(45) Humongous regions: 129->129
[2025-09-04T13:55:29.897+0000][gc,metaspace  ] GC(45) Metaspace: 55435K(58928K)->55435K(58928K) NonClass: 48639K(50608K)->48639K(50608K) Class: 6796K(8320K)->6796K(8320K)
[2025-09-04T13:55:29.897+0000][gc            ] GC(45) Pause Young (Normal) (G1 Evacuation Pause) 237M->192M(1024M) 35.576ms
[2025-09-04T13:55:29.897+0000][gc,cpu        ] GC(45) User=0.20s Sys=0.00s Real=0.04s
[2025-09-04T13:58:15.838+0000][gc,start      ] GC(46) Pause Young (Normal) (G1 Evacuation Pause)
[2025-09-04T13:58:15.841+0000][gc,task       ] GC(46) Using 8 workers of 8 for evacuation
[2025-09-04T13:58:15.909+0000][gc,mmu        ] GC(46) MMU target violated: 21.0ms (20.0ms/21.0ms)
[2025-09-04T13:58:15.909+0000][gc,phases     ] GC(46)   Pre Evacuate Collection Set: 11.9ms
[2025-09-04T13:58:15.909+0000][gc,phases     ] GC(46)   Evacuate Collection Set: 52.7ms
[2025-09-04T13:58:15.909+0000][gc,phases     ] GC(46)   Post Evacuate Collection Set: 2.0ms
[2025-09-04T13:58:15.910+0000][gc,phases     ] GC(46)   Other: 5.1ms
[2025-09-04T13:58:15.910+0000][gc,heap       ] GC(46) Eden regions: 46->0(46)
[2025-09-04T13:58:15.910+0000][gc,heap       ] GC(46) Survivor regions: 5->5(7)
[2025-09-04T13:58:15.910+0000][gc,heap       ] GC(46) Old regions: 60->62
[2025-09-04T13:58:15.910+0000][gc,heap       ] GC(46) Humongous regions: 129->129
[2025-09-04T13:58:15.910+0000][gc,metaspace  ] GC(46) Metaspace: 55438K(58928K)->55438K(58928K) NonClass: 48641K(50608K)->48641K(50608K) Class: 6796K(8320K)->6796K(8320K)
[2025-09-04T13:58:15.910+0000][gc            ] GC(46) Pause Young (Normal) (G1 Evacuation Pause) 238M->194M(1024M) 71.642ms
[2025-09-04T13:58:15.910+0000][gc,cpu        ] GC(46) User=0.38s Sys=0.02s Real=0.08s
[2025-09-04T14:01:00.564+0000][gc,start      ] GC(47) Pause Young (Normal) (G1 Evacuation Pause)
[2025-09-04T14:01:00.567+0000][gc,task       ] GC(47) Using 8 workers of 8 for evacuation
[2025-09-04T14:01:00.616+0000][gc,mmu        ] GC(47) MMU target violated: 21.0ms (20.0ms/21.0ms)
[2025-09-04T14:01:00.616+0000][gc,phases     ] GC(47)   Pre Evacuate Collection Set: 17.0ms
[2025-09-04T14:01:00.616+0000][gc,phases     ] GC(47)   Evacuate Collection Set: 27.8ms
[2025-09-04T14:01:00.616+0000][gc,phases     ] GC(47)   Post Evacuate Collection Set: 2.7ms
[2025-09-04T14:01:00.616+0000][gc,phases     ] GC(47)   Other: 5.4ms
[2025-09-04T14:01:00.617+0000][gc,heap       ] GC(47) Eden regions: 46->0(46)
[2025-09-04T14:01:00.617+0000][gc,heap       ] GC(47) Survivor regions: 5->5(7)
[2025-09-04T14:01:00.617+0000][gc,heap       ] GC(47) Old regions: 62->63
[2025-09-04T14:01:00.617+0000][gc,heap       ] GC(47) Humongous regions: 129->129
[2025-09-04T14:01:00.617+0000][gc,metaspace  ] GC(47) Metaspace: 55442K(58928K)->55442K(58928K) NonClass: 48645K(50608K)->48645K(50608K) Class: 6796K(8320K)->6796K(8320K)
[2025-09-04T14:01:00.617+0000][gc            ] GC(47) Pause Young (Normal) (G1 Evacuation Pause) 240M->195M(1024M) 52.994ms
[2025-09-04T14:01:00.617+0000][gc,cpu        ] GC(47) User=0.24s Sys=0.00s Real=0.05s
[2025-09-04T14:03:45.980+0000][gc,start      ] GC(48) Pause Young (Normal) (G1 Evacuation Pause)
[2025-09-04T14:03:45.981+0000][gc,task       ] GC(48) Using 8 workers of 8 for evacuation
[2025-09-04T14:03:46.012+0000][gc,mmu        ] GC(48) MMU target violated: 21.0ms (20.0ms/21.0ms)
[2025-09-04T14:03:46.012+0000][gc,phases     ] GC(48)   Pre Evacuate Collection Set: 5.4ms
[2025-09-04T14:03:46.012+0000][gc,phases     ] GC(48)   Evacuate Collection Set: 23.8ms
[2025-09-04T14:03:46.012+0000][gc,phases     ] GC(48)   Post Evacuate Collection Set: 0.8ms
[2025-09-04T14:03:46.012+0000][gc,phases     ] GC(48)   Other: 2.5ms
[2025-09-04T14:03:46.012+0000][gc,heap       ] GC(48) Eden regions: 46->0(46)
[2025-09-04T14:03:46.012+0000][gc,heap       ] GC(48) Survivor regions: 5->5(7)
[2025-09-04T14:03:46.012+0000][gc,heap       ] GC(48) Old regions: 63->65
[2025-09-04T14:03:46.012+0000][gc,heap       ] GC(48) Humongous regions: 129->129
[2025-09-04T14:03:46.012+0000][gc,metaspace  ] GC(48) Metaspace: 55442K(58928K)->55442K(58928K) NonClass: 48645K(50608K)->48645K(50608K) Class: 6796K(8320K)->6796K(8320K)
[2025-09-04T14:03:46.013+0000][gc            ] GC(48) Pause Young (Normal) (G1 Evacuation Pause) 241M->197M(1024M) 32.639ms
[2025-09-04T14:03:46.013+0000][gc,cpu        ] GC(48) User=0.16s Sys=0.03s Real=0.03s
[2025-09-04T14:06:31.252+0000][gc,start      ] GC(49) Pause Young (Normal) (G1 Evacuation Pause)
[2025-09-04T14:06:31.255+0000][gc,task       ] GC(49) Using 8 workers of 8 for evacuation
[2025-09-04T14:06:31.320+0000][gc,mmu        ] GC(49) MMU target violated: 21.0ms (20.0ms/21.0ms)
[2025-09-04T14:06:31.321+0000][gc,phases     ] GC(49)   Pre Evacuate Collection Set: 22.1ms
[2025-09-04T14:06:31.321+0000][gc,phases     ] GC(49)   Evacuate Collection Set: 40.1ms
[2025-09-04T14:06:31.321+0000][gc,phases     ] GC(49)   Post Evacuate Collection Set: 1.4ms
[2025-09-04T14:06:31.321+0000][gc,phases     ] GC(49)   Other: 5.0ms
[2025-09-04T14:06:31.321+0000][gc,heap       ] GC(49) Eden regions: 46->0(46)
[2025-09-04T14:06:31.321+0000][gc,heap       ] GC(49) Survivor regions: 5->5(7)
[2025-09-04T14:06:31.321+0000][gc,heap       ] GC(49) Old regions: 65->66
[2025-09-04T14:06:31.321+0000][gc,heap       ] GC(49) Humongous regions: 129->129
[2025-09-04T14:06:31.321+0000][gc,metaspace  ] GC(49) Metaspace: 55442K(58928K)->55442K(58928K) NonClass: 48646K(50608K)->48646K(50608K) Class: 6796K(8320K)->6796K(8320K)
[2025-09-04T14:06:31.321+0000][gc            ] GC(49) Pause Young (Normal) (G1 Evacuation Pause) 243M->199M(1024M) 68.904ms
[2025-09-04T14:06:31.322+0000][gc,cpu        ] GC(49) User=0.33s Sys=0.00s Real=0.07s
[2025-09-04T14:09:17.516+0000][gc,start      ] GC(50) Pause Young (Normal) (G1 Evacuation Pause)
[2025-09-04T14:09:17.519+0000][gc,task       ] GC(50) Using 8 workers of 8 for evacuation
[2025-09-04T14:09:17.559+0000][gc,mmu        ] GC(50) MMU target violated: 21.0ms (20.0ms/21.0ms)
[2025-09-04T14:09:17.559+0000][gc,phases     ] GC(50)   Pre Evacuate Collection Set: 6.0ms
[2025-09-04T14:09:17.559+0000][gc,phases     ] GC(50)   Evacuate Collection Set: 31.4ms
[2025-09-04T14:09:17.559+0000][gc,phases     ] GC(50)   Post Evacuate Collection Set: 1.0ms
[2025-09-04T14:09:17.559+0000][gc,phases     ] GC(50)   Other: 5.6ms
[2025-09-04T14:09:17.559+0000][gc,heap       ] GC(50) Eden regions: 46->0(46)
[2025-09-04T14:09:17.560+0000][gc,heap       ] GC(50) Survivor regions: 5->5(7)
[2025-09-04T14:09:17.560+0000][gc,heap       ] GC(50) Old regions: 66->68
[2025-09-04T14:09:17.560+0000][gc,heap       ] GC(50) Humongous regions: 129->129
[2025-09-04T14:09:17.560+0000][gc,metaspace  ] GC(50) Metaspace: 55442K(58928K)->55442K(58928K) NonClass: 48646K(50608K)->48646K(50608K) Class: 6796K(8320K)->6796K(8320K)
[2025-09-04T14:09:17.560+0000][gc            ] GC(50) Pause Young (Normal) (G1 Evacuation Pause) 245M->200M(1024M) 44.045ms
[2025-09-04T14:09:17.560+0000][gc,cpu        ] GC(50) User=0.12s Sys=0.02s Real=0.05s
[2025-09-04T14:12:02.705+0000][gc,start      ] GC(51) Pause Young (Normal) (G1 Evacuation Pause)
[2025-09-04T14:12:02.707+0000][gc,task       ] GC(51) Using 8 workers of 8 for evacuation
[2025-09-04T14:12:02.763+0000][gc,mmu        ] GC(51) MMU target violated: 21.0ms (20.0ms/21.0ms)
[2025-09-04T14:12:02.763+0000][gc,phases     ] GC(51)   Pre Evacuate Collection Set: 13.0ms
[2025-09-04T14:12:02.763+0000][gc,phases     ] GC(51)   Evacuate Collection Set: 37.7ms
[2025-09-04T14:12:02.763+0000][gc,phases     ] GC(51)   Post Evacuate Collection Set: 3.3ms
[2025-09-04T14:12:02.763+0000][gc,phases     ] GC(51)   Other: 4.6ms
[2025-09-04T14:12:02.763+0000][gc,heap       ] GC(51) Eden regions: 46->0(46)
[2025-09-04T14:12:02.763+0000][gc,heap       ] GC(51) Survivor regions: 5->5(7)
[2025-09-04T14:12:02.763+0000][gc,heap       ] GC(51) Old regions: 68->69
[2025-09-04T14:12:02.763+0000][gc,heap       ] GC(51) Humongous regions: 129->129
[2025-09-04T14:12:02.763+0000][gc,metaspace  ] GC(51) Metaspace: 55442K(58928K)->55442K(58928K) NonClass: 48646K(50608K)->48646K(50608K) Class: 6796K(8320K)->6796K(8320K)
[2025-09-04T14:12:02.763+0000][gc            ] GC(51) Pause Young (Normal) (G1 Evacuation Pause) 246M->202M(1024M) 58.532ms
[2025-09-04T14:12:02.763+0000][gc,cpu        ] GC(51) User=0.26s Sys=0.04s Real=0.05s
[2025-09-04T14:14:49.419+0000][gc,start      ] GC(52) Pause Young (Normal) (G1 Evacuation Pause)
[2025-09-04T14:14:49.419+0000][gc,task       ] GC(52) Using 8 workers of 8 for evacuation
[2025-09-04T14:14:49.478+0000][gc,mmu        ] GC(52) MMU target violated: 21.0ms (20.0ms/21.0ms)
[2025-09-04T14:14:49.478+0000][gc,phases     ] GC(52)   Pre Evacuate Collection Set: 23.7ms
[2025-09-04T14:14:49.478+0000][gc,phases     ] GC(52)   Evacuate Collection Set: 32.1ms
[2025-09-04T14:14:49.478+0000][gc,phases     ] GC(52)   Post Evacuate Collection Set: 1.2ms
[2025-09-04T14:14:49.478+0000][gc,phases     ] GC(52)   Other: 2.8ms
[2025-09-04T14:14:49.478+0000][gc,heap       ] GC(52) Eden regions: 46->0(47)
[2025-09-04T14:14:49.478+0000][gc,heap       ] GC(52) Survivor regions: 5->4(7)
[2025-09-04T14:14:49.478+0000][gc,heap       ] GC(52) Old regions: 69->71
[2025-09-04T14:14:49.478+0000][gc,heap       ] GC(52) Humongous regions: 129->129
[2025-09-04T14:14:49.478+0000][gc,metaspace  ] GC(52) Metaspace: 55444K(58928K)->55444K(58928K) NonClass: 48648K(50608K)->48648K(50608K) Class: 6796K(8320K)->6796K(8320K)
[2025-09-04T14:14:49.478+0000][gc            ] GC(52) Pause Young (Normal) (G1 Evacuation Pause) 248M->203M(1024M) 59.746ms
[2025-09-04T14:14:49.478+0000][gc,cpu        ] GC(52) User=0.27s Sys=0.00s Real=0.06s
[2025-09-04T14:17:30.355+0000][gc,start      ] GC(53) Pause Young (Normal) (G1 Evacuation Pause)
[2025-09-04T14:17:30.355+0000][gc,task       ] GC(53) Using 8 workers of 8 for evacuation
[2025-09-04T14:17:30.391+0000][gc,mmu        ] GC(53) MMU target violated: 21.0ms (20.0ms/21.0ms)
[2025-09-04T14:17:30.392+0000][gc,phases     ] GC(53)   Pre Evacuate Collection Set: 5.9ms
[2025-09-04T14:17:30.392+0000][gc,phases     ] GC(53)   Evacuate Collection Set: 29.0ms
[2025-09-04T14:17:30.392+0000][gc,phases     ] GC(53)   Post Evacuate Collection Set: 0.8ms
[2025-09-04T14:17:30.392+0000][gc,phases     ] GC(53)   Other: 1.2ms
[2025-09-04T14:17:30.392+0000][gc,heap       ] GC(53) Eden regions: 47->0(45)
[2025-09-04T14:17:30.392+0000][gc,heap       ] GC(53) Survivor regions: 4->6(7)
[2025-09-04T14:17:30.392+0000][gc,heap       ] GC(53) Old regions: 71->73
[2025-09-04T14:17:30.392+0000][gc,heap       ] GC(53) Humongous regions: 129->129
[2025-09-04T14:17:30.392+0000][gc,metaspace  ] GC(53) Metaspace: 55446K(58928K)->55446K(58928K) NonClass: 48650K(50608K)->48650K(50608K) Class: 6796K(8320K)->6796K(8320K)
[2025-09-04T14:17:30.392+0000][gc            ] GC(53) Pause Young (Normal) (G1 Evacuation Pause) 250M->206M(1024M) 37.045ms
[2025-09-04T14:17:30.392+0000][gc,cpu        ] GC(53) User=0.19s Sys=0.01s Real=0.03s
[2025-09-04T14:20:06.307+0000][gc,start      ] GC(54) Pause Young (Normal) (G1 Evacuation Pause)
[2025-09-04T14:20:06.309+0000][gc,task       ] GC(54) Using 8 workers of 8 for evacuation
[2025-09-04T14:20:06.359+0000][gc,mmu        ] GC(54) MMU target violated: 21.0ms (20.0ms/21.0ms)
[2025-09-04T14:20:06.359+0000][gc,phases     ] GC(54)   Pre Evacuate Collection Set: 8.7ms
[2025-09-04T14:20:06.359+0000][gc,phases     ] GC(54)   Evacuate Collection Set: 38.7ms
[2025-09-04T14:20:06.360+0000][gc,phases     ] GC(54)   Post Evacuate Collection Set: 1.4ms
[2025-09-04T14:20:06.360+0000][gc,phases     ] GC(54)   Other: 3.2ms
[2025-09-04T14:20:06.360+0000][gc,heap       ] GC(54) Eden regions: 45->0(46)
[2025-09-04T14:20:06.360+0000][gc,heap       ] GC(54) Survivor regions: 6->5(7)
[2025-09-04T14:20:06.360+0000][gc,heap       ] GC(54) Old regions: 73->74
[2025-09-04T14:20:06.360+0000][gc,heap       ] GC(54) Humongous regions: 129->129
[2025-09-04T14:20:06.360+0000][gc,metaspace  ] GC(54) Metaspace: 55448K(58928K)->55448K(58928K) NonClass: 48652K(50608K)->48652K(50608K) Class: 6796K(8320K)->6796K(8320K)
[2025-09-04T14:20:06.361+0000][gc            ] GC(54) Pause Young (Normal) (G1 Evacuation Pause) 251M->207M(1024M) 53.036ms
[2025-09-04T14:20:06.361+0000][gc,cpu        ] GC(54) User=0.29s Sys=0.02s Real=0.05s
[2025-09-04T14:23:21.849+0000][gc,start      ] GC(55) Pause Young (Normal) (G1 Evacuation Pause)
[2025-09-04T14:23:21.852+0000][gc,task       ] GC(55) Using 8 workers of 8 for evacuation
[2025-09-04T14:23:21.906+0000][gc,mmu        ] GC(55) MMU target violated: 21.0ms (20.0ms/21.0ms)
[2025-09-04T14:23:21.907+0000][gc,phases     ] GC(55)   Pre Evacuate Collection Set: 8.0ms
[2025-09-04T14:23:21.907+0000][gc,phases     ] GC(55)   Evacuate Collection Set: 43.5ms
[2025-09-04T14:23:21.907+0000][gc,phases     ] GC(55)   Post Evacuate Collection Set: 1.2ms
[2025-09-04T14:23:21.907+0000][gc,phases     ] GC(55)   Other: 5.1ms
[2025-09-04T14:23:21.907+0000][gc,heap       ] GC(55) Eden regions: 46->0(47)
[2025-09-04T14:23:21.907+0000][gc,heap       ] GC(55) Survivor regions: 5->4(7)
[2025-09-04T14:23:21.907+0000][gc,heap       ] GC(55) Old regions: 74->76
[2025-09-04T14:23:21.907+0000][gc,heap       ] GC(55) Humongous regions: 129->129
[2025-09-04T14:23:21.907+0000][gc,metaspace  ] GC(55) Metaspace: 55449K(58928K)->55449K(58928K) NonClass: 48653K(50608K)->48653K(50608K) Class: 6796K(8320K)->6796K(8320K)
[2025-09-04T14:23:21.907+0000][gc            ] GC(55) Pause Young (Normal) (G1 Evacuation Pause) 253M->207M(1024M) 57.693ms
[2025-09-04T14:23:21.907+0000][gc,cpu        ] GC(55) User=0.32s Sys=0.02s Real=0.06s
[2025-09-04T14:55:26.538+0000][gc,start      ] GC(56) Pause Young (Normal) (G1 Evacuation Pause)
[2025-09-04T14:55:26.539+0000][gc,task       ] GC(56) Using 8 workers of 8 for evacuation
[2025-09-04T14:55:26.587+0000][gc,mmu        ] GC(56) MMU target violated: 21.0ms (20.0ms/21.0ms)
[2025-09-04T14:55:26.588+0000][gc,phases     ] GC(56)   Pre Evacuate Collection Set: 12.3ms
[2025-09-04T14:55:26.588+0000][gc,phases     ] GC(56)   Evacuate Collection Set: 32.6ms
[2025-09-04T14:55:26.588+0000][gc,phases     ] GC(56)   Post Evacuate Collection Set: 1.7ms
[2025-09-04T14:55:26.588+0000][gc,phases     ] GC(56)   Other: 3.0ms
[2025-09-04T14:55:26.588+0000][gc,heap       ] GC(56) Eden regions: 47->0(45)
[2025-09-04T14:55:26.588+0000][gc,heap       ] GC(56) Survivor regions: 4->6(7)
[2025-09-04T14:55:26.588+0000][gc,heap       ] GC(56) Old regions: 76->76
[2025-09-04T14:55:26.588+0000][gc,heap       ] GC(56) Humongous regions: 129->129
[2025-09-04T14:55:26.588+0000][gc,metaspace  ] GC(56) Metaspace: 55450K(58928K)->55450K(58928K) NonClass: 48653K(50608K)->48653K(50608K) Class: 6796K(8320K)->6796K(8320K)
[2025-09-04T14:55:26.588+0000][gc            ] GC(56) Pause Young (Normal) (G1 Evacuation Pause) 254M->209M(1024M) 50.055ms
[2025-09-04T14:55:26.588+0000][gc,cpu        ] GC(56) User=0.27s Sys=0.00s Real=0.05s
[2025-09-04T15:18:29.412+0000][gc,start      ] GC(57) Pause Young (Normal) (G1 Evacuation Pause)
[2025-09-04T15:18:29.414+0000][gc,task       ] GC(57) Using 8 workers of 8 for evacuation
[2025-09-04T15:18:29.489+0000][gc,mmu        ] GC(57) MMU target violated: 21.0ms (20.0ms/21.0ms)
[2025-09-04T15:18:29.489+0000][gc,phases     ] GC(57)   Pre Evacuate Collection Set: 21.8ms
[2025-09-04T15:18:29.489+0000][gc,phases     ] GC(57)   Evacuate Collection Set: 48.1ms
[2025-09-04T15:18:29.489+0000][gc,phases     ] GC(57)   Post Evacuate Collection Set: 1.7ms
[2025-09-04T15:18:29.489+0000][gc,phases     ] GC(57)   Other: 6.4ms
[2025-09-04T15:18:29.489+0000][gc,heap       ] GC(57) Eden regions: 45->0(46)
[2025-09-04T15:18:29.489+0000][gc,heap       ] GC(57) Survivor regions: 6->5(7)
[2025-09-04T15:18:29.489+0000][gc,heap       ] GC(57) Old regions: 76->78
[2025-09-04T15:18:29.489+0000][gc,heap       ] GC(57) Humongous regions: 129->129
[2025-09-04T15:18:29.490+0000][gc,metaspace  ] GC(57) Metaspace: 55450K(58928K)->55450K(58928K) NonClass: 48653K(50608K)->48653K(50608K) Class: 6796K(8320K)->6796K(8320K)
[2025-09-04T15:18:29.490+0000][gc            ] GC(57) Pause Young (Normal) (G1 Evacuation Pause) 254M->211M(1024M) 77.974ms
[2025-09-04T15:18:29.490+0000][gc,cpu        ] GC(57) User=0.38s Sys=0.02s Real=0.08s
[2025-09-04T15:21:14.896+0000][gc,start      ] GC(58) Pause Young (Normal) (G1 Evacuation Pause)
[2025-09-04T15:21:14.901+0000][gc,task       ] GC(58) Using 8 workers of 8 for evacuation
[2025-09-04T15:21:14.984+0000][gc,mmu        ] GC(58) MMU target violated: 21.0ms (20.0ms/21.0ms)
[2025-09-04T15:21:14.985+0000][gc,phases     ] GC(58)   Pre Evacuate Collection Set: 13.8ms
[2025-09-04T15:21:14.985+0000][gc,phases     ] GC(58)   Evacuate Collection Set: 66.6ms
[2025-09-04T15:21:14.985+0000][gc,phases     ] GC(58)   Post Evacuate Collection Set: 1.3ms
[2025-09-04T15:21:14.985+0000][gc,phases     ] GC(58)   Other: 7.0ms
[2025-09-04T15:21:14.985+0000][gc,heap       ] GC(58) Eden regions: 46->0(44)
[2025-09-04T15:21:14.985+0000][gc,heap       ] GC(58) Survivor regions: 5->7(7)
[2025-09-04T15:21:14.985+0000][gc,heap       ] GC(58) Old regions: 78->80
[2025-09-04T15:21:14.985+0000][gc,heap       ] GC(58) Humongous regions: 129->129
[2025-09-04T15:21:14.985+0000][gc,metaspace  ] GC(58) Metaspace: 55474K(58928K)->55474K(58928K) NonClass: 48678K(50608K)->48678K(50608K) Class: 6796K(8320K)->6796K(8320K)
[2025-09-04T15:21:14.985+0000][gc            ] GC(58) Pause Young (Normal) (G1 Evacuation Pause) 257M->215M(1024M) 89.010ms
[2025-09-04T15:21:14.986+0000][gc,cpu        ] GC(58) User=0.52s Sys=0.00s Real=0.09s
[2025-09-04T15:23:53.886+0000][gc,start      ] GC(59) Pause Young (Normal) (G1 Evacuation Pause)
[2025-09-04T15:23:53.887+0000][gc,task       ] GC(59) Using 8 workers of 8 for evacuation
[2025-09-04T15:23:53.953+0000][gc,mmu        ] GC(59) MMU target violated: 21.0ms (20.0ms/21.0ms)
[2025-09-04T15:23:53.953+0000][gc,phases     ] GC(59)   Pre Evacuate Collection Set: 8.9ms
[2025-09-04T15:23:53.953+0000][gc,phases     ] GC(59)   Evacuate Collection Set: 53.6ms
[2025-09-04T15:23:53.953+0000][gc,phases     ] GC(59)   Post Evacuate Collection Set: 1.2ms
[2025-09-04T15:23:53.953+0000][gc,phases     ] GC(59)   Other: 3.3ms
[2025-09-04T15:23:53.953+0000][gc,heap       ] GC(59) Eden regions: 44->0(45)
[2025-09-04T15:23:53.953+0000][gc,heap       ] GC(59) Survivor regions: 7->6(7)
[2025-09-04T15:23:53.953+0000][gc,heap       ] GC(59) Old regions: 80->84
[2025-09-04T15:23:53.953+0000][gc,heap       ] GC(59) Humongous regions: 129->129
[2025-09-04T15:23:53.954+0000][gc,metaspace  ] GC(59) Metaspace: 55476K(58928K)->55476K(58928K) NonClass: 48680K(50608K)->48680K(50608K) Class: 6796K(8320K)->6796K(8320K)
[2025-09-04T15:23:53.954+0000][gc            ] GC(59) Pause Young (Normal) (G1 Evacuation Pause) 259M->217M(1024M) 67.330ms
[2025-09-04T15:23:53.954+0000][gc,cpu        ] GC(59) User=0.38s Sys=0.00s Real=0.07s
[2025-09-04T15:41:38.696+0000][gc,start      ] GC(60) Pause Young (Normal) (G1 Evacuation Pause)
[2025-09-04T15:41:38.698+0000][gc,task       ] GC(60) Using 8 workers of 8 for evacuation
[2025-09-04T15:41:38.792+0000][gc,mmu        ] GC(60) MMU target violated: 21.0ms (20.0ms/21.0ms)
[2025-09-04T15:41:38.792+0000][gc,phases     ] GC(60)   Pre Evacuate Collection Set: 15.3ms
[2025-09-04T15:41:38.792+0000][gc,phases     ] GC(60)   Evacuate Collection Set: 75.7ms
[2025-09-04T15:41:38.792+0000][gc,phases     ] GC(60)   Post Evacuate Collection Set: 1.4ms
[2025-09-04T15:41:38.792+0000][gc,phases     ] GC(60)   Other: 4.4ms
[2025-09-04T15:41:38.793+0000][gc,heap       ] GC(60) Eden regions: 45->0(46)
[2025-09-04T15:41:38.793+0000][gc,heap       ] GC(60) Survivor regions: 6->5(7)
[2025-09-04T15:41:38.793+0000][gc,heap       ] GC(60) Old regions: 84->85
[2025-09-04T15:41:38.793+0000][gc,heap       ] GC(60) Humongous regions: 129->129
[2025-09-04T15:41:38.793+0000][gc,metaspace  ] GC(60) Metaspace: 55479K(58928K)->55479K(58928K) NonClass: 48682K(50608K)->48682K(50608K) Class: 6796K(8320K)->6796K(8320K)
[2025-09-04T15:41:38.793+0000][gc            ] GC(60) Pause Young (Normal) (G1 Evacuation Pause) 262M->219M(1024M) 97.316ms
[2025-09-04T15:41:38.793+0000][gc,cpu        ] GC(60) User=0.60s Sys=0.01s Real=0.10s
[2025-09-04T16:19:16.790+0000][gc,start      ] GC(61) Pause Young (Normal) (G1 Evacuation Pause)
[2025-09-04T16:19:16.791+0000][gc,task       ] GC(61) Using 8 workers of 8 for evacuation
[2025-09-04T16:19:16.850+0000][gc,mmu        ] GC(61) MMU target violated: 21.0ms (20.0ms/21.0ms)
[2025-09-04T16:19:16.850+0000][gc,phases     ] GC(61)   Pre Evacuate Collection Set: 11.7ms
[2025-09-04T16:19:16.850+0000][gc,phases     ] GC(61)   Evacuate Collection Set: 44.0ms
[2025-09-04T16:19:16.850+0000][gc,phases     ] GC(61)   Post Evacuate Collection Set: 1.5ms
[2025-09-04T16:19:16.850+0000][gc,phases     ] GC(61)   Other: 2.8ms
[2025-09-04T16:19:16.850+0000][gc,heap       ] GC(61) Eden regions: 46->0(46)
[2025-09-04T16:19:16.850+0000][gc,heap       ] GC(61) Survivor regions: 5->5(7)
[2025-09-04T16:19:16.850+0000][gc,heap       ] GC(61) Old regions: 85->87
[2025-09-04T16:19:16.851+0000][gc,heap       ] GC(61) Humongous regions: 129->129
[2025-09-04T16:19:16.851+0000][gc,metaspace  ] GC(61) Metaspace: 55482K(58928K)->55482K(58928K) NonClass: 48685K(50608K)->48685K(50608K) Class: 6796K(8320K)->6796K(8320K)
[2025-09-04T16:19:16.851+0000][gc            ] GC(61) Pause Young (Normal) (G1 Evacuation Pause) 264M->220M(1024M) 60.593ms
[2025-09-04T16:19:16.851+0000][gc,cpu        ] GC(61) User=0.36s Sys=0.00s Real=0.06s
[2025-09-04T16:22:01.616+0000][gc,start      ] GC(62) Pause Young (Normal) (G1 Evacuation Pause)
[2025-09-04T16:22:01.617+0000][gc,task       ] GC(62) Using 8 workers of 8 for evacuation
[2025-09-04T16:22:01.685+0000][gc,mmu        ] GC(62) MMU target violated: 21.0ms (20.0ms/21.0ms)
[2025-09-04T16:22:01.685+0000][gc,phases     ] GC(62)   Pre Evacuate Collection Set: 13.3ms
[2025-09-04T16:22:01.685+0000][gc,phases     ] GC(62)   Evacuate Collection Set: 52.8ms
[2025-09-04T16:22:01.685+0000][gc,phases     ] GC(62)   Post Evacuate Collection Set: 0.9ms
[2025-09-04T16:22:01.685+0000][gc,phases     ] GC(62)   Other: 2.8ms
[2025-09-04T16:22:01.686+0000][gc,heap       ] GC(62) Eden regions: 46->0(46)
[2025-09-04T16:22:01.686+0000][gc,heap       ] GC(62) Survivor regions: 5->5(7)
[2025-09-04T16:22:01.686+0000][gc,heap       ] GC(62) Old regions: 87->89
[2025-09-04T16:22:01.686+0000][gc,heap       ] GC(62) Humongous regions: 129->129
[2025-09-04T16:22:01.686+0000][gc,metaspace  ] GC(62) Metaspace: 55526K(58928K)->55526K(58928K) NonClass: 48729K(50608K)->48729K(50608K) Class: 6796K(8320K)->6796K(8320K)
[2025-09-04T16:22:01.686+0000][gc            ] GC(62) Pause Young (Normal) (G1 Evacuation Pause) 266M->222M(1024M) 70.564ms
[2025-09-04T16:22:01.686+0000][gc,cpu        ] GC(62) User=0.35s Sys=0.00s Real=0.07s
[2025-09-04T16:24:47.072+0000][gc,start      ] GC(63) Pause Young (Normal) (G1 Evacuation Pause)
[2025-09-04T16:24:47.075+0000][gc,task       ] GC(63) Using 8 workers of 8 for evacuation
[2025-09-04T16:24:47.130+0000][gc,mmu        ] GC(63) MMU target violated: 21.0ms (20.0ms/21.0ms)
[2025-09-04T16:24:47.130+0000][gc,phases     ] GC(63)   Pre Evacuate Collection Set: 13.5ms
[2025-09-04T16:24:47.130+0000][gc,phases     ] GC(63)   Evacuate Collection Set: 37.3ms
[2025-09-04T16:24:47.130+0000][gc,phases     ] GC(63)   Post Evacuate Collection Set: 1.3ms
[2025-09-04T16:24:47.130+0000][gc,phases     ] GC(63)   Other: 6.4ms
[2025-09-04T16:24:47.130+0000][gc,heap       ] GC(63) Eden regions: 46->0(46)
[2025-09-04T16:24:47.130+0000][gc,heap       ] GC(63) Survivor regions: 5->5(7)
[2025-09-04T16:24:47.130+0000][gc,heap       ] GC(63) Old regions: 89->90
[2025-09-04T16:24:47.130+0000][gc,heap       ] GC(63) Humongous regions: 129->129
[2025-09-04T16:24:47.130+0000][gc,metaspace  ] GC(63) Metaspace: 55526K(58928K)->55526K(58928K) NonClass: 48730K(50608K)->48730K(50608K) Class: 6796K(8320K)->6796K(8320K)
[2025-09-04T16:24:47.130+0000][gc            ] GC(63) Pause Young (Normal) (G1 Evacuation Pause) 268M->223M(1024M) 57.946ms
[2025-09-04T16:24:47.130+0000][gc,cpu        ] GC(63) User=0.30s Sys=0.02s Real=0.06s
[2025-09-04T16:27:33.516+0000][gc,start      ] GC(64) Pause Young (Normal) (G1 Evacuation Pause)
[2025-09-04T16:27:33.519+0000][gc,task       ] GC(64) Using 8 workers of 8 for evacuation
[2025-09-04T16:27:33.604+0000][gc,mmu        ] GC(64) MMU target violated: 21.0ms (20.0ms/21.0ms)
[2025-09-04T16:27:33.605+0000][gc,phases     ] GC(64)   Pre Evacuate Collection Set: 9.5ms
[2025-09-04T16:27:33.605+0000][gc,phases     ] GC(64)   Evacuate Collection Set: 72.9ms
[2025-09-04T16:27:33.605+0000][gc,phases     ] GC(64)   Post Evacuate Collection Set: 1.0ms
[2025-09-04T16:27:33.605+0000][gc,phases     ] GC(64)   Other: 5.3ms
[2025-09-04T16:27:33.605+0000][gc,heap       ] GC(64) Eden regions: 46->0(46)
[2025-09-04T16:27:33.605+0000][gc,heap       ] GC(64) Survivor regions: 5->5(7)
[2025-09-04T16:27:33.605+0000][gc,heap       ] GC(64) Old regions: 90->92
[2025-09-04T16:27:33.605+0000][gc,heap       ] GC(64) Humongous regions: 129->129
[2025-09-04T16:27:33.605+0000][gc,metaspace  ] GC(64) Metaspace: 55527K(58928K)->55527K(58928K) NonClass: 48731K(50608K)->48731K(50608K) Class: 6796K(8320K)->6796K(8320K)
[2025-09-04T16:27:33.605+0000][gc            ] GC(64) Pause Young (Normal) (G1 Evacuation Pause) 269M->225M(1024M) 88.903ms
[2025-09-04T16:27:33.605+0000][gc,cpu        ] GC(64) User=0.57s Sys=0.02s Real=0.09s
[2025-09-04T16:30:20.248+0000][gc,start      ] GC(65) Pause Young (Normal) (G1 Evacuation Pause)
[2025-09-04T16:30:20.250+0000][gc,task       ] GC(65) Using 8 workers of 8 for evacuation
[2025-09-04T16:30:20.321+0000][gc,mmu        ] GC(65) MMU target violated: 21.0ms (20.0ms/21.0ms)
[2025-09-04T16:30:20.321+0000][gc,phases     ] GC(65)   Pre Evacuate Collection Set: 4.7ms
[2025-09-04T16:30:20.321+0000][gc,phases     ] GC(65)   Evacuate Collection Set: 63.6ms
[2025-09-04T16:30:20.321+0000][gc,phases     ] GC(65)   Post Evacuate Collection Set: 1.2ms
[2025-09-04T16:30:20.321+0000][gc,phases     ] GC(65)   Other: 3.8ms
[2025-09-04T16:30:20.321+0000][gc,heap       ] GC(65) Eden regions: 46->0(46)
[2025-09-04T16:30:20.321+0000][gc,heap       ] GC(65) Survivor regions: 5->5(7)
[2025-09-04T16:30:20.321+0000][gc,heap       ] GC(65) Old regions: 92->94
[2025-09-04T16:30:20.321+0000][gc,heap       ] GC(65) Humongous regions: 129->129
[2025-09-04T16:30:20.321+0000][gc,metaspace  ] GC(65) Metaspace: 55529K(58928K)->55529K(58928K) NonClass: 48732K(50608K)->48732K(50608K) Class: 6796K(8320K)->6796K(8320K)
[2025-09-04T16:30:20.321+0000][gc            ] GC(65) Pause Young (Normal) (G1 Evacuation Pause) 271M->226M(1024M) 72.934ms
[2025-09-04T16:30:20.321+0000][gc,cpu        ] GC(65) User=0.48s Sys=0.00s Real=0.07s
[2025-09-04T16:33:04.867+0000][gc,start      ] GC(66) Pause Young (Normal) (G1 Evacuation Pause)
[2025-09-04T16:33:04.868+0000][gc,task       ] GC(66) Using 8 workers of 8 for evacuation
[2025-09-04T16:33:04.912+0000][gc,mmu        ] GC(66) MMU target violated: 21.0ms (20.0ms/21.0ms)
[2025-09-04T16:33:04.912+0000][gc,phases     ] GC(66)   Pre Evacuate Collection Set: 7.1ms
[2025-09-04T16:33:04.912+0000][gc,phases     ] GC(66)   Evacuate Collection Set: 35.1ms
[2025-09-04T16:33:04.912+0000][gc,phases     ] GC(66)   Post Evacuate Collection Set: 1.0ms
[2025-09-04T16:33:04.912+0000][gc,phases     ] GC(66)   Other: 2.4ms
[2025-09-04T16:33:04.912+0000][gc,heap       ] GC(66) Eden regions: 46->0(46)
[2025-09-04T16:33:04.913+0000][gc,heap       ] GC(66) Survivor regions: 5->5(7)
[2025-09-04T16:33:04.913+0000][gc,heap       ] GC(66) Old regions: 94->95
[2025-09-04T16:33:04.913+0000][gc,heap       ] GC(66) Humongous regions: 129->129
[2025-09-04T16:33:04.913+0000][gc,metaspace  ] GC(66) Metaspace: 55529K(58928K)->55529K(58928K) NonClass: 48732K(50608K)->48732K(50608K) Class: 6796K(8320K)->6796K(8320K)
[2025-09-04T16:33:04.913+0000][gc            ] GC(66) Pause Young (Normal) (G1 Evacuation Pause) 272M->228M(1024M) 46.406ms
[2025-09-04T16:33:04.913+0000][gc,cpu        ] GC(66) User=0.27s Sys=0.00s Real=0.05s
[2025-09-04T16:35:51.580+0000][gc,start      ] GC(67) Pause Young (Normal) (G1 Evacuation Pause)
[2025-09-04T16:35:51.583+0000][gc,task       ] GC(67) Using 8 workers of 8 for evacuation
[2025-09-04T16:35:51.636+0000][gc,mmu        ] GC(67) MMU target violated: 21.0ms (20.0ms/21.0ms)
[2025-09-04T16:35:51.636+0000][gc,phases     ] GC(67)   Pre Evacuate Collection Set: 12.6ms
[2025-09-04T16:35:51.636+0000][gc,phases     ] GC(67)   Evacuate Collection Set: 38.0ms
[2025-09-04T16:35:51.636+0000][gc,phases     ] GC(67)   Post Evacuate Collection Set: 1.3ms
[2025-09-04T16:35:51.637+0000][gc,phases     ] GC(67)   Other: 4.5ms
[2025-09-04T16:35:51.637+0000][gc,heap       ] GC(67) Eden regions: 46->0(46)
[2025-09-04T16:35:51.637+0000][gc,heap       ] GC(67) Survivor regions: 5->5(7)
[2025-09-04T16:35:51.637+0000][gc,heap       ] GC(67) Old regions: 95->97
[2025-09-04T16:35:51.637+0000][gc,heap       ] GC(67) Humongous regions: 129->129
[2025-09-04T16:35:51.637+0000][gc,metaspace  ] GC(67) Metaspace: 55529K(58928K)->55529K(58928K) NonClass: 48732K(50608K)->48732K(50608K) Class: 6796K(8320K)->6796K(8320K)
[2025-09-04T16:35:51.637+0000][gc            ] GC(67) Pause Young (Normal) (G1 Evacuation Pause) 274M->230M(1024M) 57.006ms
[2025-09-04T16:35:51.637+0000][gc,cpu        ] GC(67) User=0.31s Sys=0.00s Real=0.05s
[2025-09-04T16:38:37.214+0000][gc,start      ] GC(68) Pause Young (Normal) (G1 Evacuation Pause)
[2025-09-04T16:38:37.217+0000][gc,task       ] GC(68) Using 8 workers of 8 for evacuation
[2025-09-04T16:38:37.284+0000][gc,mmu        ] GC(68) MMU target violated: 21.0ms (20.0ms/21.0ms)
[2025-09-04T16:38:37.284+0000][gc,phases     ] GC(68)   Pre Evacuate Collection Set: 17.1ms
[2025-09-04T16:38:37.284+0000][gc,phases     ] GC(68)   Evacuate Collection Set: 45.3ms
[2025-09-04T16:38:37.285+0000][gc,phases     ] GC(68)   Post Evacuate Collection Set: 3.3ms
[2025-09-04T16:38:37.285+0000][gc,phases     ] GC(68)   Other: 4.2ms
[2025-09-04T16:38:37.287+0000][gc,heap       ] GC(68) Eden regions: 46->0(46)
[2025-09-04T16:38:37.287+0000][gc,heap       ] GC(68) Survivor regions: 5->5(7)
[2025-09-04T16:38:37.287+0000][gc,heap       ] GC(68) Old regions: 97->99
[2025-09-04T16:38:37.287+0000][gc,heap       ] GC(68) Humongous regions: 129->129
[2025-09-04T16:38:37.287+0000][gc,metaspace  ] GC(68) Metaspace: 55531K(58928K)->55531K(58928K) NonClass: 48735K(50608K)->48735K(50608K) Class: 6796K(8320K)->6796K(8320K)
[2025-09-04T16:38:37.287+0000][gc            ] GC(68) Pause Young (Normal) (G1 Evacuation Pause) 276M->231M(1024M) 72.663ms
[2025-09-04T16:38:37.287+0000][gc,cpu        ] GC(68) User=0.35s Sys=0.00s Real=0.08s
[2025-09-04T16:41:23.143+0000][gc,start      ] GC(69) Pause Young (Normal) (G1 Evacuation Pause)
[2025-09-04T16:41:23.144+0000][gc,task       ] GC(69) Using 8 workers of 8 for evacuation
[2025-09-04T16:41:23.223+0000][gc,mmu        ] GC(69) MMU target violated: 21.0ms (20.0ms/21.0ms)
[2025-09-04T16:41:23.223+0000][gc,phases     ] GC(69)   Pre Evacuate Collection Set: 15.3ms
[2025-09-04T16:41:23.223+0000][gc,phases     ] GC(69)   Evacuate Collection Set: 60.3ms
[2025-09-04T16:41:23.223+0000][gc,phases     ] GC(69)   Post Evacuate Collection Set: 1.2ms
[2025-09-04T16:41:23.223+0000][gc,phases     ] GC(69)   Other: 4.4ms
[2025-09-04T16:41:23.224+0000][gc,heap       ] GC(69) Eden regions: 46->0(46)
[2025-09-04T16:41:23.224+0000][gc,heap       ] GC(69) Survivor regions: 5->5(7)
[2025-09-04T16:41:23.224+0000][gc,heap       ] GC(69) Old regions: 99->100
[2025-09-04T16:41:23.224+0000][gc,heap       ] GC(69) Humongous regions: 129->129
[2025-09-04T16:41:23.224+0000][gc,metaspace  ] GC(69) Metaspace: 55531K(58928K)->55531K(58928K) NonClass: 48735K(50608K)->48735K(50608K) Class: 6796K(8320K)->6796K(8320K)
[2025-09-04T16:41:23.224+0000][gc            ] GC(69) Pause Young (Normal) (G1 Evacuation Pause) 277M->233M(1024M) 81.185ms
[2025-09-04T16:41:23.224+0000][gc,cpu        ] GC(69) User=0.46s Sys=0.03s Real=0.08s
[2025-09-04T16:44:07.362+0000][gc,start      ] GC(70) Pause Young (Normal) (G1 Evacuation Pause)
[2025-09-04T16:44:07.365+0000][gc,task       ] GC(70) Using 8 workers of 8 for evacuation
[2025-09-04T16:44:07.442+0000][gc,mmu        ] GC(70) MMU target violated: 21.0ms (20.0ms/21.0ms)
[2025-09-04T16:44:07.442+0000][gc,phases     ] GC(70)   Pre Evacuate Collection Set: 9.9ms
[2025-09-04T16:44:07.442+0000][gc,phases     ] GC(70)   Evacuate Collection Set: 63.8ms
[2025-09-04T16:44:07.442+0000][gc,phases     ] GC(70)   Post Evacuate Collection Set: 1.5ms
[2025-09-04T16:44:07.442+0000][gc,phases     ] GC(70)   Other: 5.9ms
[2025-09-04T16:44:07.442+0000][gc,heap       ] GC(70) Eden regions: 46->0(46)
[2025-09-04T16:44:07.442+0000][gc,heap       ] GC(70) Survivor regions: 5->5(7)
[2025-09-04T16:44:07.442+0000][gc,heap       ] GC(70) Old regions: 100->102
[2025-09-04T16:44:07.442+0000][gc,heap       ] GC(70) Humongous regions: 129->129
[2025-09-04T16:44:07.442+0000][gc,metaspace  ] GC(70) Metaspace: 55538K(58928K)->55538K(58928K) NonClass: 48742K(50608K)->48742K(50608K) Class: 6796K(8320K)->6796K(8320K)
[2025-09-04T16:44:07.443+0000][gc            ] GC(70) Pause Young (Normal) (G1 Evacuation Pause) 279M->234M(1024M) 80.952ms
[2025-09-04T16:44:07.443+0000][gc,cpu        ] GC(70) User=0.48s Sys=0.02s Real=0.08s
[2025-09-04T16:46:54.299+0000][gc,start      ] GC(71) Pause Young (Normal) (G1 Evacuation Pause)
[2025-09-04T16:46:54.302+0000][gc,task       ] GC(71) Using 8 workers of 8 for evacuation
[2025-09-04T16:46:54.362+0000][gc,mmu        ] GC(71) MMU target violated: 21.0ms (20.0ms/21.0ms)
[2025-09-04T16:46:54.362+0000][gc,phases     ] GC(71)   Pre Evacuate Collection Set: 7.6ms
[2025-09-04T16:46:54.362+0000][gc,phases     ] GC(71)   Evacuate Collection Set: 49.0ms
[2025-09-04T16:46:54.362+0000][gc,phases     ] GC(71)   Post Evacuate Collection Set: 1.3ms
[2025-09-04T16:46:54.362+0000][gc,phases     ] GC(71)   Other: 5.8ms
[2025-09-04T16:46:54.362+0000][gc,heap       ] GC(71) Eden regions: 46->0(46)
[2025-09-04T16:46:54.362+0000][gc,heap       ] GC(71) Survivor regions: 5->5(7)
[2025-09-04T16:46:54.362+0000][gc,heap       ] GC(71) Old regions: 102->104
[2025-09-04T16:46:54.362+0000][gc,heap       ] GC(71) Humongous regions: 129->129
[2025-09-04T16:46:54.362+0000][gc,metaspace  ] GC(71) Metaspace: 55540K(58928K)->55540K(58928K) NonClass: 48744K(50608K)->48744K(50608K) Class: 6796K(8320K)->6796K(8320K)
[2025-09-04T16:46:54.362+0000][gc            ] GC(71) Pause Young (Normal) (G1 Evacuation Pause) 280M->236M(1024M) 63.465ms
[2025-09-04T16:46:54.362+0000][gc,cpu        ] GC(71) User=0.38s Sys=0.01s Real=0.06s
[2025-09-04T16:53:21.348+0000][gc,start      ] GC(72) Pause Young (Normal) (G1 Evacuation Pause)
[2025-09-04T16:53:21.350+0000][gc,task       ] GC(72) Using 8 workers of 8 for evacuation
[2025-09-04T16:53:21.409+0000][gc,mmu        ] GC(72) MMU target violated: 21.0ms (20.0ms/21.0ms)
[2025-09-04T16:53:21.409+0000][gc,phases     ] GC(72)   Pre Evacuate Collection Set: 15.5ms
[2025-09-04T16:53:21.409+0000][gc,phases     ] GC(72)   Evacuate Collection Set: 41.2ms
[2025-09-04T16:53:21.409+0000][gc,phases     ] GC(72)   Post Evacuate Collection Set: 1.1ms
[2025-09-04T16:53:21.409+0000][gc,phases     ] GC(72)   Other: 2.8ms
[2025-09-04T16:53:21.409+0000][gc,heap       ] GC(72) Eden regions: 46->0(46)
[2025-09-04T16:53:21.409+0000][gc,heap       ] GC(72) Survivor regions: 5->5(7)
[2025-09-04T16:53:21.409+0000][gc,heap       ] GC(72) Old regions: 104->105
[2025-09-04T16:53:21.409+0000][gc,heap       ] GC(72) Humongous regions: 129->129
[2025-09-04T16:53:21.409+0000][gc,metaspace  ] GC(72) Metaspace: 55543K(58928K)->55543K(58928K) NonClass: 48747K(50608K)->48747K(50608K) Class: 6796K(8320K)->6796K(8320K)
[2025-09-04T16:53:21.409+0000][gc            ] GC(72) Pause Young (Normal) (G1 Evacuation Pause) 282M->238M(1024M) 60.894ms
[2025-09-04T16:53:21.409+0000][gc,cpu        ] GC(72) User=0.33s Sys=0.00s Real=0.06s
[2025-09-04T16:56:07.189+0000][gc,start      ] GC(73) Pause Young (Normal) (G1 Evacuation Pause)
[2025-09-04T16:56:07.191+0000][gc,task       ] GC(73) Using 8 workers of 8 for evacuation
[2025-09-04T16:56:07.254+0000][gc,mmu        ] GC(73) MMU target violated: 21.0ms (20.0ms/21.0ms)
[2025-09-04T16:56:07.255+0000][gc,phases     ] GC(73)   Pre Evacuate Collection Set: 8.7ms
[2025-09-04T16:56:07.255+0000][gc,phases     ] GC(73)   Evacuate Collection Set: 52.0ms
[2025-09-04T16:56:07.255+0000][gc,phases     ] GC(73)   Post Evacuate Collection Set: 1.3ms
[2025-09-04T16:56:07.255+0000][gc,phases     ] GC(73)   Other: 4.3ms
[2025-09-04T16:56:07.255+0000][gc,heap       ] GC(73) Eden regions: 46->0(46)
[2025-09-04T16:56:07.255+0000][gc,heap       ] GC(73) Survivor regions: 5->5(7)
[2025-09-04T16:56:07.255+0000][gc,heap       ] GC(73) Old regions: 105->107
[2025-09-04T16:56:07.255+0000][gc,heap       ] GC(73) Humongous regions: 129->129
[2025-09-04T16:56:07.255+0000][gc,metaspace  ] GC(73) Metaspace: 55543K(58928K)->55543K(58928K) NonClass: 48747K(50608K)->48747K(50608K) Class: 6796K(8320K)->6796K(8320K)
[2025-09-04T16:56:07.255+0000][gc            ] GC(73) Pause Young (Normal) (G1 Evacuation Pause) 284M->239M(1024M) 66.585ms
[2025-09-04T16:56:07.256+0000][gc,cpu        ] GC(73) User=0.38s Sys=0.01s Real=0.07s
[2025-09-04T17:13:54.531+0000][gc,start      ] GC(74) Pause Young (Normal) (G1 Evacuation Pause)
[2025-09-04T17:13:54.532+0000][gc,task       ] GC(74) Using 8 workers of 8 for evacuation
[2025-09-04T17:13:54.599+0000][gc,mmu        ] GC(74) MMU target violated: 21.0ms (20.0ms/21.0ms)
[2025-09-04T17:13:54.599+0000][gc,phases     ] GC(74)   Pre Evacuate Collection Set: 9.6ms
[2025-09-04T17:13:54.600+0000][gc,phases     ] GC(74)   Evacuate Collection Set: 54.6ms
[2025-09-04T17:13:54.600+0000][gc,phases     ] GC(74)   Post Evacuate Collection Set: 1.2ms
[2025-09-04T17:13:54.600+0000][gc,phases     ] GC(74)   Other: 3.6ms
[2025-09-04T17:13:54.600+0000][gc,heap       ] GC(74) Eden regions: 46->0(46)
[2025-09-04T17:13:54.600+0000][gc,heap       ] GC(74) Survivor regions: 5->5(7)
[2025-09-04T17:13:54.600+0000][gc,heap       ] GC(74) Old regions: 107->109
[2025-09-04T17:13:54.600+0000][gc,heap       ] GC(74) Humongous regions: 129->129
[2025-09-04T17:13:54.600+0000][gc,metaspace  ] GC(74) Metaspace: 55549K(58928K)->55549K(58928K) NonClass: 48753K(50608K)->48753K(50608K) Class: 6796K(8320K)->6796K(8320K)
[2025-09-04T17:13:54.600+0000][gc            ] GC(74) Pause Young (Normal) (G1 Evacuation Pause) 285M->241M(1024M) 69.241ms
[2025-09-04T17:13:54.600+0000][gc,cpu        ] GC(74) User=0.42s Sys=0.01s Real=0.07s
[2025-09-04T18:17:35.497+0000][gc,start      ] GC(75) Pause Young (Normal) (G1 Evacuation Pause)
[2025-09-04T18:17:35.500+0000][gc,task       ] GC(75) Using 8 workers of 8 for evacuation
[2025-09-04T18:17:35.565+0000][gc,mmu        ] GC(75) MMU target violated: 21.0ms (20.0ms/21.0ms)
[2025-09-04T18:17:35.566+0000][gc,phases     ] GC(75)   Pre Evacuate Collection Set: 7.0ms
[2025-09-04T18:17:35.566+0000][gc,phases     ] GC(75)   Evacuate Collection Set: 52.6ms
[2025-09-04T18:17:35.566+0000][gc,phases     ] GC(75)   Post Evacuate Collection Set: 1.1ms
[2025-09-04T18:17:35.566+0000][gc,phases     ] GC(75)   Other: 7.8ms
[2025-09-04T18:17:35.566+0000][gc,heap       ] GC(75) Eden regions: 46->0(45)
[2025-09-04T18:17:35.566+0000][gc,heap       ] GC(75) Survivor regions: 5->6(7)
[2025-09-04T18:17:35.566+0000][gc,heap       ] GC(75) Old regions: 109->110
[2025-09-04T18:17:35.566+0000][gc,heap       ] GC(75) Humongous regions: 129->129
[2025-09-04T18:17:35.566+0000][gc,metaspace  ] GC(75) Metaspace: 55550K(58928K)->55550K(58928K) NonClass: 48753K(50608K)->48753K(50608K) Class: 6796K(8320K)->6796K(8320K)
[2025-09-04T18:17:35.566+0000][gc            ] GC(75) Pause Young (Normal) (G1 Evacuation Pause) 287M->244M(1024M) 68.770ms
[2025-09-04T18:17:35.566+0000][gc,cpu        ] GC(75) User=0.41s Sys=0.00s Real=0.07s
[2025-09-04T18:44:24.277+0000][gc,start      ] GC(76) Pause Young (Normal) (G1 Evacuation Pause)
[2025-09-04T18:44:24.278+0000][gc,task       ] GC(76) Using 8 workers of 8 for evacuation
[2025-09-04T18:44:24.347+0000][gc,mmu        ] GC(76) MMU target violated: 21.0ms (20.0ms/21.0ms)
[2025-09-04T18:44:24.347+0000][gc,phases     ] GC(76)   Pre Evacuate Collection Set: 9.0ms
[2025-09-04T18:44:24.347+0000][gc,phases     ] GC(76)   Evacuate Collection Set: 56.7ms
[2025-09-04T18:44:24.348+0000][gc,phases     ] GC(76)   Post Evacuate Collection Set: 1.4ms
[2025-09-04T18:44:24.348+0000][gc,phases     ] GC(76)   Other: 3.8ms
[2025-09-04T18:44:24.348+0000][gc,heap       ] GC(76) Eden regions: 45->0(47)
[2025-09-04T18:44:24.348+0000][gc,heap       ] GC(76) Survivor regions: 6->4(7)
[2025-09-04T18:44:24.348+0000][gc,heap       ] GC(76) Old regions: 110->112
[2025-09-04T18:44:24.348+0000][gc,heap       ] GC(76) Humongous regions: 129->129
[2025-09-04T18:44:24.348+0000][gc,metaspace  ] GC(76) Metaspace: 55550K(58928K)->55550K(58928K) NonClass: 48753K(50608K)->48753K(50608K) Class: 6796K(8320K)->6796K(8320K)
[2025-09-04T18:44:24.348+0000][gc            ] GC(76) Pause Young (Normal) (G1 Evacuation Pause) 289M->244M(1024M) 71.492ms
[2025-09-04T18:44:24.348+0000][gc,cpu        ] GC(76) User=0.39s Sys=0.06s Real=0.07s
[2025-09-04T19:35:14.020+0000][gc,start      ] GC(77) Pause Young (Normal) (G1 Evacuation Pause)
[2025-09-04T19:35:14.024+0000][gc,task       ] GC(77) Using 8 workers of 8 for evacuation
[2025-09-04T19:35:14.093+0000][gc,mmu        ] GC(77) MMU target violated: 21.0ms (20.0ms/21.0ms)
[2025-09-04T19:35:14.094+0000][gc,phases     ] GC(77)   Pre Evacuate Collection Set: 19.3ms
[2025-09-04T19:35:14.094+0000][gc,phases     ] GC(77)   Evacuate Collection Set: 45.9ms
[2025-09-04T19:35:14.094+0000][gc,phases     ] GC(77)   Post Evacuate Collection Set: 1.2ms
[2025-09-04T19:35:14.094+0000][gc,phases     ] GC(77)   Other: 7.8ms
[2025-09-04T19:35:14.094+0000][gc,heap       ] GC(77) Eden regions: 47->0(45)
[2025-09-04T19:35:14.094+0000][gc,heap       ] GC(77) Survivor regions: 4->6(7)
[2025-09-04T19:35:14.094+0000][gc,heap       ] GC(77) Old regions: 112->112
[2025-09-04T19:35:14.094+0000][gc,heap       ] GC(77) Humongous regions: 129->129
[2025-09-04T19:35:14.094+0000][gc,metaspace  ] GC(77) Metaspace: 55550K(58928K)->55550K(58928K) NonClass: 48753K(50608K)->48753K(50608K) Class: 6796K(8320K)->6796K(8320K)
[2025-09-04T19:35:14.094+0000][gc            ] GC(77) Pause Young (Normal) (G1 Evacuation Pause) 291M->246M(1024M) 73.743ms
[2025-09-04T19:35:14.094+0000][gc,cpu        ] GC(77) User=0.38s Sys=0.00s Real=0.07s
[2025-09-04T21:34:29.655+0000][gc,start      ] GC(78) Pause Young (Normal) (G1 Evacuation Pause)
[2025-09-04T21:34:29.657+0000][gc,task       ] GC(78) Using 8 workers of 8 for evacuation
[2025-09-04T21:34:29.729+0000][gc,mmu        ] GC(78) MMU target violated: 21.0ms (20.0ms/21.0ms)
[2025-09-04T21:34:29.730+0000][gc,phases     ] GC(78)   Pre Evacuate Collection Set: 23.7ms
[2025-09-04T21:34:29.730+0000][gc,phases     ] GC(78)   Evacuate Collection Set: 46.1ms
[2025-09-04T21:34:29.730+0000][gc,phases     ] GC(78)   Post Evacuate Collection Set: 1.2ms
[2025-09-04T21:34:29.730+0000][gc,phases     ] GC(78)   Other: 4.1ms
[2025-09-04T21:34:29.730+0000][gc,heap       ] GC(78) Eden regions: 45->0(46)
[2025-09-04T21:34:29.730+0000][gc,heap       ] GC(78) Survivor regions: 6->5(7)
[2025-09-04T21:34:29.730+0000][gc,heap       ] GC(78) Old regions: 112->116
[2025-09-04T21:34:29.730+0000][gc,heap       ] GC(78) Humongous regions: 129->129
[2025-09-04T21:34:29.730+0000][gc,metaspace  ] GC(78) Metaspace: 55550K(58928K)->55550K(58928K) NonClass: 48754K(50608K)->48754K(50608K) Class: 6796K(8320K)->6796K(8320K)
[2025-09-04T21:34:29.730+0000][gc            ] GC(78) Pause Young (Normal) (G1 Evacuation Pause) 291M->249M(1024M) 75.526ms
[2025-09-04T21:34:29.730+0000][gc,cpu        ] GC(78) User=0.35s Sys=0.02s Real=0.08s
[2025-09-04T23:32:27.016+0000][gc,start      ] GC(79) Pause Young (Normal) (G1 Evacuation Pause)
[2025-09-04T23:32:27.017+0000][gc,task       ] GC(79) Using 8 workers of 8 for evacuation
[2025-09-04T23:32:27.068+0000][gc,mmu        ] GC(79) MMU target violated: 21.0ms (20.0ms/21.0ms)
[2025-09-04T23:32:27.069+0000][gc,phases     ] GC(79)   Pre Evacuate Collection Set: 9.2ms
[2025-09-04T23:32:27.069+0000][gc,phases     ] GC(79)   Evacuate Collection Set: 38.7ms
[2025-09-04T23:32:27.069+0000][gc,phases     ] GC(79)   Post Evacuate Collection Set: 1.8ms
[2025-09-04T23:32:27.069+0000][gc,phases     ] GC(79)   Other: 3.3ms
[2025-09-04T23:32:27.069+0000][gc,heap       ] GC(79) Eden regions: 46->0(47)
[2025-09-04T23:32:27.069+0000][gc,heap       ] GC(79) Survivor regions: 5->4(7)
[2025-09-04T23:32:27.069+0000][gc,heap       ] GC(79) Old regions: 116->118
[2025-09-04T23:32:27.069+0000][gc,heap       ] GC(79) Humongous regions: 129->129
[2025-09-04T23:32:27.070+0000][gc,metaspace  ] GC(79) Metaspace: 55556K(58928K)->55556K(58928K) NonClass: 48760K(50608K)->48760K(50608K) Class: 6796K(8320K)->6796K(8320K)
[2025-09-04T23:32:27.070+0000][gc            ] GC(79) Pause Young (Normal) (G1 Evacuation Pause) 295M->250M(1024M) 53.605ms
[2025-09-04T23:32:27.070+0000][gc,cpu        ] GC(79) User=0.29s Sys=0.02s Real=0.05s
[2025-09-05T01:29:16.936+0000][gc,start      ] GC(80) Pause Young (Normal) (G1 Evacuation Pause)
[2025-09-05T01:29:16.939+0000][gc,task       ] GC(80) Using 8 workers of 8 for evacuation
[2025-09-05T01:29:16.999+0000][gc,mmu        ] GC(80) MMU target violated: 21.0ms (20.0ms/21.0ms)
[2025-09-05T01:29:16.999+0000][gc,phases     ] GC(80)   Pre Evacuate Collection Set: 9.7ms
[2025-09-05T01:29:16.999+0000][gc,phases     ] GC(80)   Evacuate Collection Set: 47.6ms
[2025-09-05T01:29:16.999+0000][gc,phases     ] GC(80)   Post Evacuate Collection Set: 1.2ms
[2025-09-05T01:29:16.999+0000][gc,phases     ] GC(80)   Other: 4.5ms
[2025-09-05T01:29:16.999+0000][gc,heap       ] GC(80) Eden regions: 47->0(46)
[2025-09-05T01:29:16.999+0000][gc,heap       ] GC(80) Survivor regions: 4->5(7)
[2025-09-05T01:29:16.999+0000][gc,heap       ] GC(80) Old regions: 118->118
[2025-09-05T01:29:16.999+0000][gc,heap       ] GC(80) Humongous regions: 129->129
[2025-09-05T01:29:16.999+0000][gc,metaspace  ] GC(80) Metaspace: 55570K(58928K)->55570K(58928K) NonClass: 48774K(50608K)->48774K(50608K) Class: 6796K(8320K)->6796K(8320K)
[2025-09-05T01:29:16.999+0000][gc            ] GC(80) Pause Young (Normal) (G1 Evacuation Pause) 297M->251M(1024M) 63.181ms
[2025-09-05T01:29:16.999+0000][gc,cpu        ] GC(80) User=0.38s Sys=0.00s Real=0.06s
[2025-09-05T02:39:03.208+0000][gc,start      ] GC(81) Pause Young (Normal) (G1 Evacuation Pause)
[2025-09-05T02:39:03.210+0000][gc,task       ] GC(81) Using 8 workers of 8 for evacuation
[2025-09-05T02:39:03.273+0000][gc,mmu        ] GC(81) MMU target violated: 21.0ms (20.0ms/21.0ms)
[2025-09-05T02:39:03.273+0000][gc,phases     ] GC(81)   Pre Evacuate Collection Set: 9.0ms
[2025-09-05T02:39:03.273+0000][gc,phases     ] GC(81)   Evacuate Collection Set: 50.6ms
[2025-09-05T02:39:03.273+0000][gc,phases     ] GC(81)   Post Evacuate Collection Set: 1.4ms
[2025-09-05T02:39:03.273+0000][gc,phases     ] GC(81)   Other: 4.8ms
[2025-09-05T02:39:03.273+0000][gc,heap       ] GC(81) Eden regions: 46->0(45)
[2025-09-05T02:39:03.273+0000][gc,heap       ] GC(81) Survivor regions: 5->6(7)
[2025-09-05T02:39:03.273+0000][gc,heap       ] GC(81) Old regions: 118->120
[2025-09-05T02:39:03.273+0000][gc,heap       ] GC(81) Humongous regions: 129->129
[2025-09-05T02:39:03.273+0000][gc,metaspace  ] GC(81) Metaspace: 55595K(58928K)->55595K(58928K) NonClass: 48799K(50608K)->48799K(50608K) Class: 6796K(8320K)->6796K(8320K)
[2025-09-05T02:39:03.274+0000][gc            ] GC(81) Pause Young (Normal) (G1 Evacuation Pause) 297M->253M(1024M) 65.959ms
[2025-09-05T02:39:03.274+0000][gc,cpu        ] GC(81) User=0.39s Sys=0.00s Real=0.06s
[2025-09-05T03:27:06.323+0000][gc,start      ] GC(82) Pause Young (Normal) (G1 Evacuation Pause)
[2025-09-05T03:27:06.327+0000][gc,task       ] GC(82) Using 8 workers of 8 for evacuation
[2025-09-05T03:27:06.388+0000][gc,mmu        ] GC(82) MMU target violated: 21.0ms (20.0ms/21.0ms)
[2025-09-05T03:27:06.389+0000][gc,phases     ] GC(82)   Pre Evacuate Collection Set: 9.8ms
[2025-09-05T03:27:06.389+0000][gc,phases     ] GC(82)   Evacuate Collection Set: 48.6ms
[2025-09-05T03:27:06.389+0000][gc,phases     ] GC(82)   Post Evacuate Collection Set: 1.4ms
[2025-09-05T03:27:06.389+0000][gc,phases     ] GC(82)   Other: 7.5ms
[2025-09-05T03:27:06.389+0000][gc,heap       ] GC(82) Eden regions: 45->0(46)
[2025-09-05T03:27:06.389+0000][gc,heap       ] GC(82) Survivor regions: 6->5(7)
[2025-09-05T03:27:06.389+0000][gc,heap       ] GC(82) Old regions: 120->121
[2025-09-05T03:27:06.389+0000][gc,heap       ] GC(82) Humongous regions: 129->129
[2025-09-05T03:27:06.390+0000][gc,metaspace  ] GC(82) Metaspace: 55597K(58928K)->55597K(58928K) NonClass: 48801K(50608K)->48801K(50608K) Class: 6796K(8320K)->6796K(8320K)
[2025-09-05T03:27:06.390+0000][gc            ] GC(82) Pause Young (Normal) (G1 Evacuation Pause) 298M->254M(1024M) 66.596ms
[2025-09-05T03:27:06.390+0000][gc,cpu        ] GC(82) User=0.37s Sys=0.01s Real=0.06s
[2025-09-05T05:18:07.400+0000][gc,start      ] GC(83) Pause Young (Normal) (G1 Evacuation Pause)
[2025-09-05T05:18:07.403+0000][gc,task       ] GC(83) Using 8 workers of 8 for evacuation
[2025-09-05T05:18:07.461+0000][gc,mmu        ] GC(83) MMU target violated: 21.0ms (20.0ms/21.0ms)
[2025-09-05T05:18:07.462+0000][gc,phases     ] GC(83)   Pre Evacuate Collection Set: 15.4ms
[2025-09-05T05:18:07.462+0000][gc,phases     ] GC(83)   Evacuate Collection Set: 40.6ms
[2025-09-05T05:18:07.462+0000][gc,phases     ] GC(83)   Post Evacuate Collection Set: 1.3ms
[2025-09-05T05:18:07.462+0000][gc,phases     ] GC(83)   Other: 5.3ms
[2025-09-05T05:18:07.462+0000][gc,heap       ] GC(83) Eden regions: 46->0(46)
[2025-09-05T05:18:07.462+0000][gc,heap       ] GC(83) Survivor regions: 5->5(7)
[2025-09-05T05:18:07.462+0000][gc,heap       ] GC(83) Old regions: 121->123
[2025-09-05T05:18:07.462+0000][gc,heap       ] GC(83) Humongous regions: 129->129
[2025-09-05T05:18:07.462+0000][gc,metaspace  ] GC(83) Metaspace: 55597K(58928K)->55597K(58928K) NonClass: 48801K(50608K)->48801K(50608K) Class: 6796K(8320K)->6796K(8320K)
[2025-09-05T05:18:07.463+0000][gc            ] GC(83) Pause Young (Normal) (G1 Evacuation Pause) 300M->256M(1024M) 62.892ms
[2025-09-05T05:18:07.463+0000][gc,cpu        ] GC(83) User=0.33s Sys=0.00s Real=0.06s
[2025-09-05T05:26:20.704+0000][gc,start      ] GC(84) Pause Young (Normal) (G1 Evacuation Pause)
[2025-09-05T05:26:20.706+0000][gc,task       ] GC(84) Using 8 workers of 8 for evacuation
[2025-09-05T05:26:20.743+0000][gc,mmu        ] GC(84) MMU target violated: 21.0ms (20.0ms/21.0ms)
[2025-09-05T05:26:20.743+0000][gc,phases     ] GC(84)   Pre Evacuate Collection Set: 5.3ms
[2025-09-05T05:26:20.743+0000][gc,phases     ] GC(84)   Evacuate Collection Set: 30.2ms
[2025-09-05T05:26:20.743+0000][gc,phases     ] GC(84)   Post Evacuate Collection Set: 0.7ms
[2025-09-05T05:26:20.743+0000][gc,phases     ] GC(84)   Other: 3.3ms
[2025-09-05T05:26:20.743+0000][gc,heap       ] GC(84) Eden regions: 46->0(46)
[2025-09-05T05:26:20.743+0000][gc,heap       ] GC(84) Survivor regions: 5->5(7)
[2025-09-05T05:26:20.743+0000][gc,heap       ] GC(84) Old regions: 123->125
[2025-09-05T05:26:20.743+0000][gc,heap       ] GC(84) Humongous regions: 129->129
[2025-09-05T05:26:20.743+0000][gc,metaspace  ] GC(84) Metaspace: 55598K(58928K)->55598K(58928K) NonClass: 48801K(50608K)->48801K(50608K) Class: 6796K(8320K)->6796K(8320K)
[2025-09-05T05:26:20.743+0000][gc            ] GC(84) Pause Young (Normal) (G1 Evacuation Pause) 302M->258M(1024M) 39.550ms
[2025-09-05T05:26:20.744+0000][gc,cpu        ] GC(84) User=0.23s Sys=0.00s Real=0.04s
[2025-09-05T05:37:04.618+0000][gc,start      ] GC(85) Pause Young (Normal) (G1 Evacuation Pause)
[2025-09-05T05:37:04.624+0000][gc,task       ] GC(85) Using 8 workers of 8 for evacuation
[2025-09-05T05:37:04.682+0000][gc,mmu        ] GC(85) MMU target violated: 21.0ms (20.0ms/21.0ms)
[2025-09-05T05:37:04.683+0000][gc,phases     ] GC(85)   Pre Evacuate Collection Set: 20.8ms
[2025-09-05T05:37:04.683+0000][gc,phases     ] GC(85)   Evacuate Collection Set: 35.1ms
[2025-09-05T05:37:04.683+0000][gc,phases     ] GC(85)   Post Evacuate Collection Set: 1.5ms
[2025-09-05T05:37:04.683+0000][gc,phases     ] GC(85)   Other: 8.1ms
[2025-09-05T05:37:04.683+0000][gc,heap       ] GC(85) Eden regions: 46->0(46)
[2025-09-05T05:37:04.683+0000][gc,heap       ] GC(85) Survivor regions: 5->5(7)
[2025-09-05T05:37:04.683+0000][gc,heap       ] GC(85) Old regions: 125->126
[2025-09-05T05:37:04.683+0000][gc,heap       ] GC(85) Humongous regions: 129->129
[2025-09-05T05:37:04.683+0000][gc,metaspace  ] GC(85) Metaspace: 55598K(58928K)->55598K(58928K) NonClass: 48801K(50608K)->48801K(50608K) Class: 6796K(8320K)->6796K(8320K)
[2025-09-05T05:37:04.684+0000][gc            ] GC(85) Pause Young (Normal) (G1 Evacuation Pause) 304M->259M(1024M) 65.711ms
[2025-09-05T05:37:04.684+0000][gc,cpu        ] GC(85) User=0.28s Sys=0.01s Real=0.07s
[2025-09-05T05:39:50.015+0000][gc,start      ] GC(86) Pause Young (Normal) (G1 Evacuation Pause)
[2025-09-05T05:39:50.016+0000][gc,task       ] GC(86) Using 8 workers of 8 for evacuation
[2025-09-05T05:39:50.075+0000][gc,mmu        ] GC(86) MMU target violated: 21.0ms (20.0ms/21.0ms)
[2025-09-05T05:39:50.075+0000][gc,phases     ] GC(86)   Pre Evacuate Collection Set: 12.4ms
[2025-09-05T05:39:50.076+0000][gc,phases     ] GC(86)   Evacuate Collection Set: 43.1ms
[2025-09-05T05:39:50.076+0000][gc,phases     ] GC(86)   Post Evacuate Collection Set: 1.6ms
[2025-09-05T05:39:50.076+0000][gc,phases     ] GC(86)   Other: 4.0ms
[2025-09-05T05:39:50.076+0000][gc,heap       ] GC(86) Eden regions: 46->0(46)
[2025-09-05T05:39:50.076+0000][gc,heap       ] GC(86) Survivor regions: 5->5(7)
[2025-09-05T05:39:50.076+0000][gc,heap       ] GC(86) Old regions: 126->128
[2025-09-05T05:39:50.076+0000][gc,heap       ] GC(86) Humongous regions: 129->129
[2025-09-05T05:39:50.076+0000][gc,metaspace  ] GC(86) Metaspace: 55598K(58928K)->55598K(58928K) NonClass: 48801K(50608K)->48801K(50608K) Class: 6796K(8320K)->6796K(8320K)
[2025-09-05T05:39:50.076+0000][gc            ] GC(86) Pause Young (Normal) (G1 Evacuation Pause) 305M->261M(1024M) 61.727ms
[2025-09-05T05:39:50.076+0000][gc,cpu        ] GC(86) User=0.33s Sys=0.01s Real=0.06s
[2025-09-05T05:42:36.569+0000][gc,start      ] GC(87) Pause Young (Normal) (G1 Evacuation Pause)
[2025-09-05T05:42:36.570+0000][gc,task       ] GC(87) Using 8 workers of 8 for evacuation
[2025-09-05T05:42:36.598+0000][gc,mmu        ] GC(87) MMU target violated: 21.0ms (20.0ms/21.0ms)
[2025-09-05T05:42:36.598+0000][gc,phases     ] GC(87)   Pre Evacuate Collection Set: 4.5ms
[2025-09-05T05:42:36.598+0000][gc,phases     ] GC(87)   Evacuate Collection Set: 21.2ms
[2025-09-05T05:42:36.598+0000][gc,phases     ] GC(87)   Post Evacuate Collection Set: 0.8ms
[2025-09-05T05:42:36.598+0000][gc,phases     ] GC(87)   Other: 2.3ms
[2025-09-05T05:42:36.598+0000][gc,heap       ] GC(87) Eden regions: 46->0(46)
[2025-09-05T05:42:36.598+0000][gc,heap       ] GC(87) Survivor regions: 5->5(7)
[2025-09-05T05:42:36.598+0000][gc,heap       ] GC(87) Old regions: 128->129
[2025-09-05T05:42:36.598+0000][gc,heap       ] GC(87) Humongous regions: 129->129
[2025-09-05T05:42:36.598+0000][gc,metaspace  ] GC(87) Metaspace: 55599K(58928K)->55599K(58928K) NonClass: 48803K(50608K)->48803K(50608K) Class: 6796K(8320K)->6796K(8320K)
[2025-09-05T05:42:36.598+0000][gc            ] GC(87) Pause Young (Normal) (G1 Evacuation Pause) 307M->262M(1024M) 29.107ms
[2025-09-05T05:42:36.598+0000][gc,cpu        ] GC(87) User=0.16s Sys=0.01s Real=0.03s
[2025-09-05T05:45:26.880+0000][gc,start      ] GC(88) Pause Young (Normal) (G1 Evacuation Pause)
[2025-09-05T05:45:26.887+0000][gc,task       ] GC(88) Using 8 workers of 8 for evacuation
[2025-09-05T05:45:26.929+0000][gc,mmu        ] GC(88) MMU target violated: 21.0ms (20.0ms/21.0ms)
[2025-09-05T05:45:26.929+0000][gc,phases     ] GC(88)   Pre Evacuate Collection Set: 7.6ms
[2025-09-05T05:45:26.929+0000][gc,phases     ] GC(88)   Evacuate Collection Set: 32.0ms
[2025-09-05T05:45:26.929+0000][gc,phases     ] GC(88)   Post Evacuate Collection Set: 1.2ms
[2025-09-05T05:45:26.929+0000][gc,phases     ] GC(88)   Other: 8.4ms
[2025-09-05T05:45:26.929+0000][gc,heap       ] GC(88) Eden regions: 46->0(46)
[2025-09-05T05:45:26.930+0000][gc,heap       ] GC(88) Survivor regions: 5->5(7)
[2025-09-05T05:45:26.930+0000][gc,heap       ] GC(88) Old regions: 129->131
[2025-09-05T05:45:26.930+0000][gc,heap       ] GC(88) Humongous regions: 129->129
[2025-09-05T05:45:26.930+0000][gc,metaspace  ] GC(88) Metaspace: 55599K(58928K)->55599K(58928K) NonClass: 48803K(50608K)->48803K(50608K) Class: 6796K(8320K)->6796K(8320K)
[2025-09-05T05:45:26.930+0000][gc            ] GC(88) Pause Young (Normal) (G1 Evacuation Pause) 308M->264M(1024M) 49.886ms
[2025-09-05T05:45:26.930+0000][gc,cpu        ] GC(88) User=0.25s Sys=0.00s Real=0.05s
[2025-09-05T05:48:12.577+0000][gc,start      ] GC(89) Pause Young (Normal) (G1 Evacuation Pause)
[2025-09-05T05:48:12.579+0000][gc,task       ] GC(89) Using 8 workers of 8 for evacuation
[2025-09-05T05:48:12.636+0000][gc,mmu        ] GC(89) MMU target violated: 21.0ms (20.0ms/21.0ms)
[2025-09-05T05:48:12.637+0000][gc,phases     ] GC(89)   Pre Evacuate Collection Set: 8.6ms
[2025-09-05T05:48:12.637+0000][gc,phases     ] GC(89)   Evacuate Collection Set: 46.2ms
[2025-09-05T05:48:12.637+0000][gc,phases     ] GC(89)   Post Evacuate Collection Set: 1.2ms
[2025-09-05T05:48:12.637+0000][gc,phases     ] GC(89)   Other: 4.2ms
[2025-09-05T05:48:12.637+0000][gc,heap       ] GC(89) Eden regions: 46->0(46)
[2025-09-05T05:48:12.637+0000][gc,heap       ] GC(89) Survivor regions: 5->5(7)
[2025-09-05T05:48:12.637+0000][gc,heap       ] GC(89) Old regions: 131->133
[2025-09-05T05:48:12.637+0000][gc,heap       ] GC(89) Humongous regions: 129->129
[2025-09-05T05:48:12.637+0000][gc,metaspace  ] GC(89) Metaspace: 55599K(58928K)->55599K(58928K) NonClass: 48803K(50608K)->48803K(50608K) Class: 6796K(8320K)->6796K(8320K)
[2025-09-05T05:48:12.637+0000][gc            ] GC(89) Pause Young (Normal) (G1 Evacuation Pause) 310M->265M(1024M) 60.461ms
[2025-09-05T05:48:12.637+0000][gc,cpu        ] GC(89) User=0.32s Sys=0.03s Real=0.06s
[2025-09-05T05:50:57.882+0000][gc,start      ] GC(90) Pause Young (Normal) (G1 Evacuation Pause)
[2025-09-05T05:50:57.885+0000][gc,task       ] GC(90) Using 8 workers of 8 for evacuation
[2025-09-05T05:50:57.943+0000][gc,mmu        ] GC(90) MMU target violated: 21.0ms (20.0ms/21.0ms)
[2025-09-05T05:50:57.943+0000][gc,phases     ] GC(90)   Pre Evacuate Collection Set: 19.2ms
[2025-09-05T05:50:57.943+0000][gc,phases     ] GC(90)   Evacuate Collection Set: 35.4ms
[2025-09-05T05:50:57.943+0000][gc,phases     ] GC(90)   Post Evacuate Collection Set: 1.2ms
[2025-09-05T05:50:57.943+0000][gc,phases     ] GC(90)   Other: 5.4ms
[2025-09-05T05:50:57.943+0000][gc,heap       ] GC(90) Eden regions: 46->0(46)
[2025-09-05T05:50:57.943+0000][gc,heap       ] GC(90) Survivor regions: 5->5(7)
[2025-09-05T05:50:57.943+0000][gc,heap       ] GC(90) Old regions: 133->134
[2025-09-05T05:50:57.943+0000][gc,heap       ] GC(90) Humongous regions: 129->129
[2025-09-05T05:50:57.943+0000][gc,metaspace  ] GC(90) Metaspace: 55599K(58928K)->55599K(58928K) NonClass: 48803K(50608K)->48803K(50608K) Class: 6796K(8320K)->6796K(8320K)
[2025-09-05T05:50:57.943+0000][gc            ] GC(90) Pause Young (Normal) (G1 Evacuation Pause) 311M->267M(1024M) 61.157ms
[2025-09-05T05:50:57.944+0000][gc,cpu        ] GC(90) User=0.30s Sys=0.00s Real=0.06s
[2025-09-05T05:53:44.393+0000][gc,start      ] GC(91) Pause Young (Normal) (G1 Evacuation Pause)
[2025-09-05T05:53:44.395+0000][gc,task       ] GC(91) Using 8 workers of 8 for evacuation
[2025-09-05T05:53:44.447+0000][gc,mmu        ] GC(91) MMU target violated: 21.0ms (20.0ms/21.0ms)
[2025-09-05T05:53:44.447+0000][gc,phases     ] GC(91)   Pre Evacuate Collection Set: 7.3ms
[2025-09-05T05:53:44.447+0000][gc,phases     ] GC(91)   Evacuate Collection Set: 41.8ms
[2025-09-05T05:53:44.447+0000][gc,phases     ] GC(91)   Post Evacuate Collection Set: 1.4ms
[2025-09-05T05:53:44.447+0000][gc,phases     ] GC(91)   Other: 4.0ms
[2025-09-05T05:53:44.447+0000][gc,heap       ] GC(91) Eden regions: 46->0(46)
[2025-09-05T05:53:44.447+0000][gc,heap       ] GC(91) Survivor regions: 5->5(7)
[2025-09-05T05:53:44.448+0000][gc,heap       ] GC(91) Old regions: 134->136
[2025-09-05T05:53:44.448+0000][gc,heap       ] GC(91) Humongous regions: 129->129
[2025-09-05T05:53:44.448+0000][gc,metaspace  ] GC(91) Metaspace: 55599K(58928K)->55599K(58928K) NonClass: 48803K(50608K)->48803K(50608K) Class: 6796K(8320K)->6796K(8320K)
[2025-09-05T05:53:44.448+0000][gc            ] GC(91) Pause Young (Normal) (G1 Evacuation Pause) 313M->268M(1024M) 54.517ms
[2025-09-05T05:53:44.448+0000][gc,cpu        ] GC(91) User=0.33s Sys=0.00s Real=0.06s
[2025-09-05T05:56:28.725+0000][gc,start      ] GC(92) Pause Young (Normal) (G1 Evacuation Pause)
[2025-09-05T05:56:28.729+0000][gc,task       ] GC(92) Using 8 workers of 8 for evacuation
[2025-09-05T05:56:28.777+0000][gc,mmu        ] GC(92) MMU target violated: 21.0ms (20.0ms/21.0ms)
[2025-09-05T05:56:28.777+0000][gc,phases     ] GC(92)   Pre Evacuate Collection Set: 8.9ms
[2025-09-05T05:56:28.777+0000][gc,phases     ] GC(92)   Evacuate Collection Set: 35.5ms
[2025-09-05T05:56:28.777+0000][gc,phases     ] GC(92)   Post Evacuate Collection Set: 1.9ms
[2025-09-05T05:56:28.777+0000][gc,phases     ] GC(92)   Other: 5.6ms
[2025-09-05T05:56:28.777+0000][gc,heap       ] GC(92) Eden regions: 46->0(46)
[2025-09-05T05:56:28.777+0000][gc,heap       ] GC(92) Survivor regions: 5->5(7)
[2025-09-05T05:56:28.777+0000][gc,heap       ] GC(92) Old regions: 136->137
[2025-09-05T05:56:28.777+0000][gc,heap       ] GC(92) Humongous regions: 129->129
[2025-09-05T05:56:28.778+0000][gc,metaspace  ] GC(92) Metaspace: 55599K(58928K)->55599K(58928K) NonClass: 48803K(50608K)->48803K(50608K) Class: 6796K(8320K)->6796K(8320K)
[2025-09-05T05:56:28.778+0000][gc            ] GC(92) Pause Young (Normal) (G1 Evacuation Pause) 314M->270M(1024M) 52.320ms
[2025-09-05T05:56:28.778+0000][gc,cpu        ] GC(92) User=0.23s Sys=0.04s Real=0.05s
[2025-09-05T05:59:25.601+0000][gc,start      ] GC(93) Pause Young (Normal) (G1 Evacuation Pause)
[2025-09-05T05:59:25.605+0000][gc,task       ] GC(93) Using 8 workers of 8 for evacuation
[2025-09-05T05:59:25.651+0000][gc,mmu        ] GC(93) MMU target violated: 21.0ms (20.0ms/21.0ms)
[2025-09-05T05:59:25.651+0000][gc,phases     ] GC(93)   Pre Evacuate Collection Set: 7.1ms
[2025-09-05T05:59:25.651+0000][gc,phases     ] GC(93)   Evacuate Collection Set: 36.0ms
[2025-09-05T05:59:25.651+0000][gc,phases     ] GC(93)   Post Evacuate Collection Set: 1.2ms
[2025-09-05T05:59:25.651+0000][gc,phases     ] GC(93)   Other: 6.3ms
[2025-09-05T05:59:25.651+0000][gc,heap       ] GC(93) Eden regions: 46->0(46)
[2025-09-05T05:59:25.651+0000][gc,heap       ] GC(93) Survivor regions: 5->5(7)
[2025-09-05T05:59:25.652+0000][gc,heap       ] GC(93) Old regions: 137->139
[2025-09-05T05:59:25.652+0000][gc,heap       ] GC(93) Humongous regions: 129->129
[2025-09-05T05:59:25.652+0000][gc,metaspace  ] GC(93) Metaspace: 55609K(58928K)->55609K(58928K) NonClass: 48813K(50608K)->48813K(50608K) Class: 6796K(8320K)->6796K(8320K)
[2025-09-05T05:59:25.652+0000][gc            ] GC(93) Pause Young (Normal) (G1 Evacuation Pause) 316M->271M(1024M) 50.920ms
[2025-09-05T05:59:25.652+0000][gc,cpu        ] GC(93) User=0.26s Sys=0.02s Real=0.05s
[2025-09-05T06:04:47.023+0000][gc,start      ] GC(94) Pause Young (Normal) (G1 Evacuation Pause)
[2025-09-05T06:04:47.030+0000][gc,task       ] GC(94) Using 8 workers of 8 for evacuation
[2025-09-05T06:04:47.082+0000][gc,mmu        ] GC(94) MMU target violated: 21.0ms (20.0ms/21.0ms)
[2025-09-05T06:04:47.083+0000][gc,phases     ] GC(94)   Pre Evacuate Collection Set: 21.1ms
[2025-09-05T06:04:47.083+0000][gc,phases     ] GC(94)   Evacuate Collection Set: 29.2ms
[2025-09-05T06:04:47.083+0000][gc,phases     ] GC(94)   Post Evacuate Collection Set: 1.3ms
[2025-09-05T06:04:47.083+0000][gc,phases     ] GC(94)   Other: 7.9ms
[2025-09-05T06:04:47.083+0000][gc,heap       ] GC(94) Eden regions: 46->0(46)
[2025-09-05T06:04:47.083+0000][gc,heap       ] GC(94) Survivor regions: 5->5(7)
[2025-09-05T06:04:47.083+0000][gc,heap       ] GC(94) Old regions: 139->141
[2025-09-05T06:04:47.083+0000][gc,heap       ] GC(94) Humongous regions: 129->129
[2025-09-05T06:04:47.083+0000][gc,metaspace  ] GC(94) Metaspace: 55609K(58928K)->55609K(58928K) NonClass: 48813K(50608K)->48813K(50608K) Class: 6796K(8320K)->6796K(8320K)
[2025-09-05T06:04:47.083+0000][gc            ] GC(94) Pause Young (Normal) (G1 Evacuation Pause) 317M->273M(1024M) 59.938ms
[2025-09-05T06:04:47.084+0000][gc,cpu        ] GC(94) User=0.18s Sys=0.07s Real=0.06s
[2025-09-05T06:07:31.307+0000][gc,start      ] GC(95) Pause Young (Normal) (G1 Evacuation Pause)
[2025-09-05T06:07:31.309+0000][gc,task       ] GC(95) Using 8 workers of 8 for evacuation
[2025-09-05T06:07:31.354+0000][gc,mmu        ] GC(95) MMU target violated: 21.0ms (20.0ms/21.0ms)
[2025-09-05T06:07:31.354+0000][gc,phases     ] GC(95)   Pre Evacuate Collection Set: 6.1ms
[2025-09-05T06:07:31.354+0000][gc,phases     ] GC(95)   Evacuate Collection Set: 36.6ms
[2025-09-05T06:07:31.354+0000][gc,phases     ] GC(95)   Post Evacuate Collection Set: 1.0ms
[2025-09-05T06:07:31.354+0000][gc,phases     ] GC(95)   Other: 3.5ms
[2025-09-05T06:07:31.354+0000][gc,heap       ] GC(95) Eden regions: 46->0(46)
[2025-09-05T06:07:31.354+0000][gc,heap       ] GC(95) Survivor regions: 5->5(7)
[2025-09-05T06:07:31.354+0000][gc,heap       ] GC(95) Old regions: 141->142
[2025-09-05T06:07:31.354+0000][gc,heap       ] GC(95) Humongous regions: 129->129
[2025-09-05T06:07:31.354+0000][gc,metaspace  ] GC(95) Metaspace: 55609K(58928K)->55609K(58928K) NonClass: 48813K(50608K)->48813K(50608K) Class: 6796K(8320K)->6796K(8320K)
[2025-09-05T06:07:31.354+0000][gc            ] GC(95) Pause Young (Normal) (G1 Evacuation Pause) 319M->275M(1024M) 47.262ms
[2025-09-05T06:07:31.354+0000][gc,cpu        ] GC(95) User=0.27s Sys=0.02s Real=0.05s
[2025-09-05T06:10:16.883+0000][gc,start      ] GC(96) Pause Young (Normal) (G1 Evacuation Pause)
[2025-09-05T06:10:16.889+0000][gc,task       ] GC(96) Using 8 workers of 8 for evacuation
[2025-09-05T06:10:16.932+0000][gc,mmu        ] GC(96) MMU target violated: 21.0ms (20.0ms/21.0ms)
[2025-09-05T06:10:16.933+0000][gc,phases     ] GC(96)   Pre Evacuate Collection Set: 6.3ms
[2025-09-05T06:10:16.933+0000][gc,phases     ] GC(96)   Evacuate Collection Set: 33.5ms
[2025-09-05T06:10:16.933+0000][gc,phases     ] GC(96)   Post Evacuate Collection Set: 1.6ms
[2025-09-05T06:10:16.933+0000][gc,phases     ] GC(96)   Other: 9.6ms
[2025-09-05T06:10:16.933+0000][gc,heap       ] GC(96) Eden regions: 46->0(46)
[2025-09-05T06:10:16.933+0000][gc,heap       ] GC(96) Survivor regions: 5->5(7)
[2025-09-05T06:10:16.933+0000][gc,heap       ] GC(96) Old regions: 142->144
[2025-09-05T06:10:16.934+0000][gc,heap       ] GC(96) Humongous regions: 129->129
[2025-09-05T06:10:16.934+0000][gc,metaspace  ] GC(96) Metaspace: 55622K(58928K)->55622K(58928K) NonClass: 48825K(50608K)->48825K(50608K) Class: 6796K(8320K)->6796K(8320K)
[2025-09-05T06:10:16.934+0000][gc            ] GC(96) Pause Young (Normal) (G1 Evacuation Pause) 321M->276M(1024M) 51.425ms
[2025-09-05T06:10:16.934+0000][gc,cpu        ] GC(96) User=0.27s Sys=0.00s Real=0.05s
[2025-09-05T06:12:55.984+0000][gc,start      ] GC(97) Pause Young (Normal) (G1 Evacuation Pause)
[2025-09-05T06:12:55.986+0000][gc,task       ] GC(97) Using 8 workers of 8 for evacuation
[2025-09-05T06:12:56.046+0000][gc,mmu        ] GC(97) MMU target violated: 21.0ms (20.0ms/21.0ms)
[2025-09-05T06:12:56.047+0000][gc,phases     ] GC(97)   Pre Evacuate Collection Set: 17.8ms
[2025-09-05T06:12:56.047+0000][gc,phases     ] GC(97)   Evacuate Collection Set: 39.3ms
[2025-09-05T06:12:56.047+0000][gc,phases     ] GC(97)   Post Evacuate Collection Set: 2.0ms
[2025-09-05T06:12:56.047+0000][gc,phases     ] GC(97)   Other: 4.5ms
[2025-09-05T06:12:56.047+0000][gc,heap       ] GC(97) Eden regions: 46->0(45)
[2025-09-05T06:12:56.047+0000][gc,heap       ] GC(97) Survivor regions: 5->6(7)
[2025-09-05T06:12:56.047+0000][gc,heap       ] GC(97) Old regions: 144->145
[2025-09-05T06:12:56.047+0000][gc,heap       ] GC(97) Humongous regions: 129->129
[2025-09-05T06:12:56.047+0000][gc,metaspace  ] GC(97) Metaspace: 55622K(58928K)->55622K(58928K) NonClass: 48825K(50608K)->48825K(50608K) Class: 6796K(8320K)->6796K(8320K)
[2025-09-05T06:12:56.047+0000][gc            ] GC(97) Pause Young (Normal) (G1 Evacuation Pause) 322M->279M(1024M) 63.402ms
[2025-09-05T06:12:56.047+0000][gc,cpu        ] GC(97) User=0.30s Sys=0.01s Real=0.06s
[2025-09-05T06:15:32.057+0000][gc,start      ] GC(98) Pause Young (Normal) (G1 Evacuation Pause)
[2025-09-05T06:15:32.061+0000][gc,task       ] GC(98) Using 8 workers of 8 for evacuation
[2025-09-05T06:15:32.118+0000][gc,mmu        ] GC(98) MMU target violated: 21.0ms (20.0ms/21.0ms)
[2025-09-05T06:15:32.118+0000][gc,phases     ] GC(98)   Pre Evacuate Collection Set: 8.4ms
[2025-09-05T06:15:32.119+0000][gc,phases     ] GC(98)   Evacuate Collection Set: 45.9ms
[2025-09-05T06:15:32.119+0000][gc,phases     ] GC(98)   Post Evacuate Collection Set: 1.4ms
[2025-09-05T06:15:32.119+0000][gc,phases     ] GC(98)   Other: 6.7ms
[2025-09-05T06:15:32.119+0000][gc,heap       ] GC(98) Eden regions: 45->0(46)
[2025-09-05T06:15:32.119+0000][gc,heap       ] GC(98) Survivor regions: 6->5(7)
[2025-09-05T06:15:32.119+0000][gc,heap       ] GC(98) Old regions: 145->147
[2025-09-05T06:15:32.119+0000][gc,heap       ] GC(98) Humongous regions: 129->129
[2025-09-05T06:15:32.119+0000][gc,metaspace  ] GC(98) Metaspace: 55622K(58928K)->55622K(58928K) NonClass: 48826K(50608K)->48826K(50608K) Class: 6796K(8320K)->6796K(8320K)
[2025-09-05T06:15:32.119+0000][gc            ] GC(98) Pause Young (Normal) (G1 Evacuation Pause) 324M->279M(1024M) 62.398ms
[2025-09-05T06:15:32.119+0000][gc,cpu        ] GC(98) User=0.32s Sys=0.02s Real=0.06s
[2025-09-05T06:18:16.645+0000][gc,start      ] GC(99) Pause Young (Normal) (G1 Evacuation Pause)
[2025-09-05T06:18:16.648+0000][gc,task       ] GC(99) Using 8 workers of 8 for evacuation
[2025-09-05T06:18:16.712+0000][gc,mmu        ] GC(99) MMU target violated: 21.0ms (20.0ms/21.0ms)
[2025-09-05T06:18:16.712+0000][gc,phases     ] GC(99)   Pre Evacuate Collection Set: 8.0ms
[2025-09-05T06:18:16.712+0000][gc,phases     ] GC(99)   Evacuate Collection Set: 53.0ms
[2025-09-05T06:18:16.712+0000][gc,phases     ] GC(99)   Post Evacuate Collection Set: 1.1ms
[2025-09-05T06:18:16.712+0000][gc,phases     ] GC(99)   Other: 5.5ms
[2025-09-05T06:18:16.712+0000][gc,heap       ] GC(99) Eden regions: 46->0(48)
[2025-09-05T06:18:16.713+0000][gc,heap       ] GC(99) Survivor regions: 5->3(7)
[2025-09-05T06:18:16.713+0000][gc,heap       ] GC(99) Old regions: 147->149
[2025-09-05T06:18:16.713+0000][gc,heap       ] GC(99) Humongous regions: 129->129
[2025-09-05T06:18:16.713+0000][gc,metaspace  ] GC(99) Metaspace: 55622K(58928K)->55622K(58928K) NonClass: 48826K(50608K)->48826K(50608K) Class: 6796K(8320K)->6796K(8320K)
[2025-09-05T06:18:16.713+0000][gc            ] GC(99) Pause Young (Normal) (G1 Evacuation Pause) 325M->280M(1024M) 67.649ms
[2025-09-05T06:18:16.713+0000][gc,cpu        ] GC(99) User=0.20s Sys=0.23s Real=0.07s
[2025-09-05T06:21:05.002+0000][gc,start      ] GC(100) Pause Young (Normal) (G1 Evacuation Pause)
[2025-09-05T06:21:05.005+0000][gc,task       ] GC(100) Using 8 workers of 8 for evacuation
[2025-09-05T06:21:05.057+0000][gc,mmu        ] GC(100) MMU target violated: 21.0ms (20.0ms/21.0ms)
[2025-09-05T06:21:05.057+0000][gc,phases     ] GC(100)   Pre Evacuate Collection Set: 11.9ms
[2025-09-05T06:21:05.057+0000][gc,phases     ] GC(100)   Evacuate Collection Set: 36.5ms
[2025-09-05T06:21:05.058+0000][gc,phases     ] GC(100)   Post Evacuate Collection Set: 1.4ms
[2025-09-05T06:21:05.058+0000][gc,phases     ] GC(100)   Other: 5.7ms
[2025-09-05T06:21:05.058+0000][gc,heap       ] GC(100) Eden regions: 48->0(46)
[2025-09-05T06:21:05.058+0000][gc,heap       ] GC(100) Survivor regions: 3->5(7)
[2025-09-05T06:21:05.058+0000][gc,heap       ] GC(100) Old regions: 149->149
[2025-09-05T06:21:05.058+0000][gc,heap       ] GC(100) Humongous regions: 129->129
[2025-09-05T06:21:05.058+0000][gc,metaspace  ] GC(100) Metaspace: 55622K(58928K)->55622K(58928K) NonClass: 48826K(50608K)->48826K(50608K) Class: 6796K(8320K)->6796K(8320K)
[2025-09-05T06:21:05.058+0000][gc            ] GC(100) Pause Young (Normal) (G1 Evacuation Pause) 328M->282M(1024M) 55.840ms
[2025-09-05T06:21:05.058+0000][gc,cpu        ] GC(100) User=0.30s Sys=0.00s Real=0.05s
[2025-09-05T06:23:49.482+0000][gc,start      ] GC(101) Pause Young (Normal) (G1 Evacuation Pause)
[2025-09-05T06:23:49.485+0000][gc,task       ] GC(101) Using 8 workers of 8 for evacuation
[2025-09-05T06:23:49.532+0000][gc,mmu        ] GC(101) MMU target violated: 21.0ms (20.0ms/21.0ms)
[2025-09-05T06:23:49.533+0000][gc,phases     ] GC(101)   Pre Evacuate Collection Set: 8.7ms
[2025-09-05T06:23:49.533+0000][gc,phases     ] GC(101)   Evacuate Collection Set: 35.3ms
[2025-09-05T06:23:49.533+0000][gc,phases     ] GC(101)   Post Evacuate Collection Set: 1.2ms
[2025-09-05T06:23:49.533+0000][gc,phases     ] GC(101)   Other: 5.9ms
[2025-09-05T06:23:49.533+0000][gc,heap       ] GC(101) Eden regions: 46->0(46)
[2025-09-05T06:23:49.533+0000][gc,heap       ] GC(101) Survivor regions: 5->5(7)
[2025-09-05T06:23:49.533+0000][gc,heap       ] GC(101) Old regions: 149->151
[2025-09-05T06:23:49.533+0000][gc,heap       ] GC(101) Humongous regions: 129->129
[2025-09-05T06:23:49.533+0000][gc,metaspace  ] GC(101) Metaspace: 55622K(58928K)->55622K(58928K) NonClass: 48826K(50608K)->48826K(50608K) Class: 6796K(8320K)->6796K(8320K)
[2025-09-05T06:23:49.534+0000][gc            ] GC(101) Pause Young (Normal) (G1 Evacuation Pause) 328M->283M(1024M) 51.509ms
[2025-09-05T06:23:49.534+0000][gc,cpu        ] GC(101) User=0.26s Sys=0.00s Real=0.05s
[2025-09-05T06:26:34.678+0000][gc,start      ] GC(102) Pause Young (Normal) (G1 Evacuation Pause)
[2025-09-05T06:26:34.680+0000][gc,task       ] GC(102) Using 8 workers of 8 for evacuation
[2025-09-05T06:26:34.731+0000][gc,mmu        ] GC(102) MMU target violated: 21.0ms (20.0ms/21.0ms)
[2025-09-05T06:26:34.731+0000][gc,phases     ] GC(102)   Pre Evacuate Collection Set: 16.8ms
[2025-09-05T06:26:34.731+0000][gc,phases     ] GC(102)   Evacuate Collection Set: 30.7ms
[2025-09-05T06:26:34.732+0000][gc,phases     ] GC(102)   Post Evacuate Collection Set: 1.4ms
[2025-09-05T06:26:34.732+0000][gc,phases     ] GC(102)   Other: 5.1ms
[2025-09-05T06:26:34.732+0000][gc,heap       ] GC(102) Eden regions: 46->0(47)
[2025-09-05T06:26:34.732+0000][gc,heap       ] GC(102) Survivor regions: 5->4(7)
[2025-09-05T06:26:34.732+0000][gc,heap       ] GC(102) Old regions: 151->152
[2025-09-05T06:26:34.732+0000][gc,heap       ] GC(102) Humongous regions: 129->129
[2025-09-05T06:26:34.732+0000][gc,metaspace  ] GC(102) Metaspace: 55622K(58928K)->55622K(58928K) NonClass: 48826K(50608K)->48826K(50608K) Class: 6796K(8320K)->6796K(8320K)
[2025-09-05T06:26:34.732+0000][gc            ] GC(102) Pause Young (Normal) (G1 Evacuation Pause) 329M->284M(1024M) 54.212ms
[2025-09-05T06:26:34.732+0000][gc,cpu        ] GC(102) User=0.25s Sys=0.02s Real=0.05s
[2025-09-05T06:29:23.638+0000][gc,start      ] GC(103) Pause Young (Normal) (G1 Evacuation Pause)
[2025-09-05T06:29:23.641+0000][gc,task       ] GC(103) Using 8 workers of 8 for evacuation
[2025-09-05T06:29:23.734+0000][gc,mmu        ] GC(103) MMU target violated: 21.0ms (20.0ms/21.0ms)
[2025-09-05T06:29:23.734+0000][gc,phases     ] GC(103)   Pre Evacuate Collection Set: 23.1ms
[2025-09-05T06:29:23.734+0000][gc,phases     ] GC(103)   Evacuate Collection Set: 67.8ms
[2025-09-05T06:29:23.734+0000][gc,phases     ] GC(103)   Post Evacuate Collection Set: 0.7ms
[2025-09-05T06:29:23.734+0000][gc,phases     ] GC(103)   Other: 4.6ms
[2025-09-05T06:29:23.734+0000][gc,heap       ] GC(103) Eden regions: 47->0(46)
[2025-09-05T06:29:23.734+0000][gc,heap       ] GC(103) Survivor regions: 4->5(7)
[2025-09-05T06:29:23.734+0000][gc,heap       ] GC(103) Old regions: 152->152
[2025-09-05T06:29:23.734+0000][gc,heap       ] GC(103) Humongous regions: 129->129
[2025-09-05T06:29:23.734+0000][gc,metaspace  ] GC(103) Metaspace: 55624K(58928K)->55624K(58928K) NonClass: 48828K(50608K)->48828K(50608K) Class: 6796K(8320K)->6796K(8320K)
[2025-09-05T06:29:23.734+0000][gc            ] GC(103) Pause Young (Normal) (G1 Evacuation Pause) 331M->285M(1024M) 96.164ms
[2025-09-05T06:29:23.735+0000][gc,cpu        ] GC(103) User=0.20s Sys=0.00s Real=0.10s
[2025-09-05T06:32:09.863+0000][gc,start      ] GC(104) Pause Young (Normal) (G1 Evacuation Pause)
[2025-09-05T06:32:09.875+0000][gc,task       ] GC(104) Using 8 workers of 8 for evacuation
[2025-09-05T06:32:09.916+0000][gc,mmu        ] GC(104) MMU target violated: 21.0ms (20.0ms/21.0ms)
[2025-09-05T06:32:09.916+0000][gc,phases     ] GC(104)   Pre Evacuate Collection Set: 7.3ms
[2025-09-05T06:32:09.917+0000][gc,phases     ] GC(104)   Evacuate Collection Set: 29.9ms
[2025-09-05T06:32:09.917+0000][gc,phases     ] GC(104)   Post Evacuate Collection Set: 2.5ms
[2025-09-05T06:32:09.917+0000][gc,phases     ] GC(104)   Other: 14.7ms
[2025-09-05T06:32:09.917+0000][gc,heap       ] GC(104) Eden regions: 46->0(46)
[2025-09-05T06:32:09.917+0000][gc,heap       ] GC(104) Survivor regions: 5->5(7)
[2025-09-05T06:32:09.917+0000][gc,heap       ] GC(104) Old regions: 152->154
[2025-09-05T06:32:09.917+0000][gc,heap       ] GC(104) Humongous regions: 129->129
[2025-09-05T06:32:09.918+0000][gc,metaspace  ] GC(104) Metaspace: 55624K(58928K)->55624K(58928K) NonClass: 48828K(50608K)->48828K(50608K) Class: 6796K(8320K)->6796K(8320K)
[2025-09-05T06:32:09.918+0000][gc            ] GC(104) Pause Young (Normal) (G1 Evacuation Pause) 331M->287M(1024M) 55.245ms
[2025-09-05T06:32:09.918+0000][gc,cpu        ] GC(104) User=0.22s Sys=0.04s Real=0.05s
[2025-09-05T06:34:55.257+0000][gc,start      ] GC(105) Pause Young (Normal) (G1 Evacuation Pause)
[2025-09-05T06:34:55.260+0000][gc,task       ] GC(105) Using 8 workers of 8 for evacuation
[2025-09-05T06:34:55.312+0000][gc,mmu        ] GC(105) MMU target violated: 21.0ms (20.0ms/21.0ms)
[2025-09-05T06:34:55.312+0000][gc,phases     ] GC(105)   Pre Evacuate Collection Set: 12.1ms
[2025-09-05T06:34:55.312+0000][gc,phases     ] GC(105)   Evacuate Collection Set: 35.8ms
[2025-09-05T06:34:55.312+0000][gc,phases     ] GC(105)   Post Evacuate Collection Set: 1.5ms
[2025-09-05T06:34:55.312+0000][gc,phases     ] GC(105)   Other: 6.2ms
[2025-09-05T06:34:55.313+0000][gc,heap       ] GC(105) Eden regions: 46->0(46)
[2025-09-05T06:34:55.313+0000][gc,heap       ] GC(105) Survivor regions: 5->5(7)
[2025-09-05T06:34:55.313+0000][gc,heap       ] GC(105) Old regions: 154->155
[2025-09-05T06:34:55.313+0000][gc,heap       ] GC(105) Humongous regions: 129->129
[2025-09-05T06:34:55.313+0000][gc,metaspace  ] GC(105) Metaspace: 55625K(58928K)->55625K(58928K) NonClass: 48829K(50608K)->48829K(50608K) Class: 6796K(8320K)->6796K(8320K)
[2025-09-05T06:34:55.313+0000][gc            ] GC(105) Pause Young (Normal) (G1 Evacuation Pause) 333M->288M(1024M) 56.049ms
[2025-09-05T06:34:55.313+0000][gc,cpu        ] GC(105) User=0.29s Sys=0.00s Real=0.06s
[2025-09-05T06:37:39.448+0000][gc,start      ] GC(106) Pause Young (Normal) (G1 Evacuation Pause)
[2025-09-05T06:37:39.451+0000][gc,task       ] GC(106) Using 8 workers of 8 for evacuation
[2025-09-05T06:37:39.497+0000][gc,mmu        ] GC(106) MMU target violated: 21.0ms (20.0ms/21.0ms)
[2025-09-05T06:37:39.498+0000][gc,phases     ] GC(106)   Pre Evacuate Collection Set: 21.1ms
[2025-09-05T06:37:39.498+0000][gc,phases     ] GC(106)   Evacuate Collection Set: 22.9ms
[2025-09-05T06:37:39.498+0000][gc,phases     ] GC(106)   Post Evacuate Collection Set: 1.2ms
[2025-09-05T06:37:39.498+0000][gc,phases     ] GC(106)   Other: 5.0ms
[2025-09-05T06:37:39.498+0000][gc,heap       ] GC(106) Eden regions: 46->0(46)
[2025-09-05T06:37:39.498+0000][gc,heap       ] GC(106) Survivor regions: 5->5(7)
[2025-09-05T06:37:39.498+0000][gc,heap       ] GC(106) Old regions: 155->157
[2025-09-05T06:37:39.498+0000][gc,heap       ] GC(106) Humongous regions: 129->129
[2025-09-05T06:37:39.498+0000][gc,metaspace  ] GC(106) Metaspace: 55625K(58928K)->55625K(58928K) NonClass: 48829K(50608K)->48829K(50608K) Class: 6796K(8320K)->6796K(8320K)
[2025-09-05T06:37:39.498+0000][gc            ] GC(106) Pause Young (Normal) (G1 Evacuation Pause) 334M->290M(1024M) 50.423ms
[2025-09-05T06:37:39.498+0000][gc,cpu        ] GC(106) User=0.19s Sys=0.02s Real=0.05s
[2025-09-05T06:40:25.623+0000][gc,start      ] GC(107) Pause Young (Normal) (G1 Evacuation Pause)
[2025-09-05T06:40:25.626+0000][gc,task       ] GC(107) Using 8 workers of 8 for evacuation
[2025-09-05T06:40:25.666+0000][gc,mmu        ] GC(107) MMU target violated: 21.0ms (20.0ms/21.0ms)
[2025-09-05T06:40:25.667+0000][gc,phases     ] GC(107)   Pre Evacuate Collection Set: 20.3ms
[2025-09-05T06:40:25.667+0000][gc,phases     ] GC(107)   Evacuate Collection Set: 18.1ms
[2025-09-05T06:40:25.667+0000][gc,phases     ] GC(107)   Post Evacuate Collection Set: 1.2ms
[2025-09-05T06:40:25.667+0000][gc,phases     ] GC(107)   Other: 4.4ms
[2025-09-05T06:40:25.667+0000][gc,heap       ] GC(107) Eden regions: 46->0(46)
[2025-09-05T06:40:25.667+0000][gc,heap       ] GC(107) Survivor regions: 5->5(7)
[2025-09-05T06:40:25.667+0000][gc,heap       ] GC(107) Old regions: 157->158
[2025-09-05T06:40:25.667+0000][gc,heap       ] GC(107) Humongous regions: 129->129
[2025-09-05T06:40:25.667+0000][gc,metaspace  ] GC(107) Metaspace: 55630K(58928K)->55630K(58928K) NonClass: 48834K(50608K)->48834K(50608K) Class: 6796K(8320K)->6796K(8320K)
[2025-09-05T06:40:25.667+0000][gc            ] GC(107) Pause Young (Normal) (G1 Evacuation Pause) 336M->291M(1024M) 44.515ms
[2025-09-05T06:40:25.668+0000][gc,cpu        ] GC(107) User=0.16s Sys=0.00s Real=0.04s
[2025-09-05T06:43:11.415+0000][gc,start      ] GC(108) Pause Young (Normal) (G1 Evacuation Pause)
[2025-09-05T06:43:11.418+0000][gc,task       ] GC(108) Using 8 workers of 8 for evacuation
[2025-09-05T06:43:11.506+0000][gc,mmu        ] GC(108) MMU target violated: 21.0ms (20.0ms/21.0ms)
[2025-09-05T06:43:11.506+0000][gc,phases     ] GC(108)   Pre Evacuate Collection Set: 12.2ms
[2025-09-05T06:43:11.506+0000][gc,phases     ] GC(108)   Evacuate Collection Set: 71.9ms
[2025-09-05T06:43:11.506+0000][gc,phases     ] GC(108)   Post Evacuate Collection Set: 0.7ms
[2025-09-05T06:43:11.506+0000][gc,phases     ] GC(108)   Other: 7.1ms
[2025-09-05T06:43:11.506+0000][gc,heap       ] GC(108) Eden regions: 46->0(44)
[2025-09-05T06:43:11.507+0000][gc,heap       ] GC(108) Survivor regions: 5->7(7)
[2025-09-05T06:43:11.507+0000][gc,heap       ] GC(108) Old regions: 158->161
[2025-09-05T06:43:11.507+0000][gc,heap       ] GC(108) Humongous regions: 129->129
[2025-09-05T06:43:11.507+0000][gc,metaspace  ] GC(108) Metaspace: 55630K(58928K)->55630K(58928K) NonClass: 48834K(50608K)->48834K(50608K) Class: 6796K(8320K)->6796K(8320K)
[2025-09-05T06:43:11.507+0000][gc            ] GC(108) Pause Young (Normal) (G1 Evacuation Pause) 337M->296M(1024M) 91.882ms
[2025-09-05T06:43:11.507+0000][gc,cpu        ] GC(108) User=0.57s Sys=0.00s Real=0.09s
[2025-09-05T06:45:50.896+0000][gc,start      ] GC(109) Pause Young (Normal) (G1 Evacuation Pause)
[2025-09-05T06:45:50.899+0000][gc,task       ] GC(109) Using 8 workers of 8 for evacuation
[2025-09-05T06:45:50.991+0000][gc,mmu        ] GC(109) MMU target violated: 21.0ms (20.0ms/21.0ms)
[2025-09-05T06:45:50.991+0000][gc,phases     ] GC(109)   Pre Evacuate Collection Set: 20.7ms
[2025-09-05T06:45:50.991+0000][gc,phases     ] GC(109)   Evacuate Collection Set: 68.3ms
[2025-09-05T06:45:50.991+0000][gc,phases     ] GC(109)   Post Evacuate Collection Set: 1.3ms
[2025-09-05T06:45:50.991+0000][gc,phases     ] GC(109)   Other: 4.7ms
[2025-09-05T06:45:50.991+0000][gc,heap       ] GC(109) Eden regions: 44->0(45)
[2025-09-05T06:45:50.991+0000][gc,heap       ] GC(109) Survivor regions: 7->6(7)
[2025-09-05T06:45:50.991+0000][gc,heap       ] GC(109) Old regions: 161->165
[2025-09-05T06:45:50.991+0000][gc,heap       ] GC(109) Humongous regions: 129->129
[2025-09-05T06:45:50.991+0000][gc,metaspace  ] GC(109) Metaspace: 55630K(58928K)->55630K(58928K) NonClass: 48834K(50608K)->48834K(50608K) Class: 6796K(8320K)->6796K(8320K)
[2025-09-05T06:45:50.992+0000][gc            ] GC(109) Pause Young (Normal) (G1 Evacuation Pause) 340M->298M(1024M) 95.053ms
[2025-09-05T06:45:50.992+0000][gc,cpu        ] GC(109) User=0.53s Sys=0.03s Real=0.10s
[2025-09-05T06:48:33.044+0000][gc,start      ] GC(110) Pause Young (Normal) (G1 Evacuation Pause)
[2025-09-05T06:48:33.048+0000][gc,task       ] GC(110) Using 8 workers of 8 for evacuation
[2025-09-05T06:48:33.127+0000][gc,mmu        ] GC(110) MMU target violated: 21.0ms (20.0ms/21.0ms)
[2025-09-05T06:48:33.128+0000][gc,phases     ] GC(110)   Pre Evacuate Collection Set: 8.4ms
[2025-09-05T06:48:33.128+0000][gc,phases     ] GC(110)   Evacuate Collection Set: 67.1ms
[2025-09-05T06:48:33.128+0000][gc,phases     ] GC(110)   Post Evacuate Collection Set: 1.6ms
[2025-09-05T06:48:33.128+0000][gc,phases     ] GC(110)   Other: 6.9ms
[2025-09-05T06:48:33.128+0000][gc,heap       ] GC(110) Eden regions: 45->0(45)
[2025-09-05T06:48:33.128+0000][gc,heap       ] GC(110) Survivor regions: 6->6(7)
[2025-09-05T06:48:33.128+0000][gc,heap       ] GC(110) Old regions: 165->167
[2025-09-05T06:48:33.128+0000][gc,heap       ] GC(110) Humongous regions: 129->129
[2025-09-05T06:48:33.128+0000][gc,metaspace  ] GC(110) Metaspace: 55630K(58928K)->55630K(58928K) NonClass: 48834K(50608K)->48834K(50608K) Class: 6796K(8320K)->6796K(8320K)
[2025-09-05T06:48:33.128+0000][gc            ] GC(110) Pause Young (Normal) (G1 Evacuation Pause) 343M->300M(1024M) 84.135ms
[2025-09-05T06:48:33.129+0000][gc,cpu        ] GC(110) User=0.51s Sys=0.01s Real=0.09s
[2025-09-05T06:51:15.246+0000][gc,start      ] GC(111) Pause Young (Normal) (G1 Evacuation Pause)
[2025-09-05T06:51:15.249+0000][gc,task       ] GC(111) Using 8 workers of 8 for evacuation
[2025-09-05T06:51:15.316+0000][gc,mmu        ] GC(111) MMU target violated: 21.0ms (20.0ms/21.0ms)
[2025-09-05T06:51:15.316+0000][gc,phases     ] GC(111)   Pre Evacuate Collection Set: 16.2ms
[2025-09-05T06:51:15.316+0000][gc,phases     ] GC(111)   Evacuate Collection Set: 48.2ms
[2025-09-05T06:51:15.317+0000][gc,phases     ] GC(111)   Post Evacuate Collection Set: 1.4ms
[2025-09-05T06:51:15.317+0000][gc,phases     ] GC(111)   Other: 5.0ms
[2025-09-05T06:51:15.317+0000][gc,heap       ] GC(111) Eden regions: 45->0(46)
[2025-09-05T06:51:15.317+0000][gc,heap       ] GC(111) Survivor regions: 6->5(7)
[2025-09-05T06:51:15.317+0000][gc,heap       ] GC(111) Old regions: 167->169
[2025-09-05T06:51:15.317+0000][gc,heap       ] GC(111) Humongous regions: 129->129
[2025-09-05T06:51:15.317+0000][gc,metaspace  ] GC(111) Metaspace: 55630K(58928K)->55630K(58928K) NonClass: 48834K(50608K)->48834K(50608K) Class: 6796K(8320K)->6796K(8320K)
[2025-09-05T06:51:15.317+0000][gc            ] GC(111) Pause Young (Normal) (G1 Evacuation Pause) 345M->302M(1024M) 71.137ms
[2025-09-05T06:51:15.317+0000][gc,cpu        ] GC(111) User=0.40s Sys=0.00s Real=0.07s
[2025-09-05T06:54:01.171+0000][gc,start      ] GC(112) Pause Young (Normal) (G1 Evacuation Pause)
[2025-09-05T06:54:01.174+0000][gc,task       ] GC(112) Using 8 workers of 8 for evacuation
[2025-09-05T06:54:01.229+0000][gc,mmu        ] GC(112) MMU target violated: 21.0ms (20.0ms/21.0ms)
[2025-09-05T06:54:01.230+0000][gc,phases     ] GC(112)   Pre Evacuate Collection Set: 8.2ms
[2025-09-05T06:54:01.230+0000][gc,phases     ] GC(112)   Evacuate Collection Set: 43.9ms
[2025-09-05T06:54:01.230+0000][gc,phases     ] GC(112)   Post Evacuate Collection Set: 2.0ms
[2025-09-05T06:54:01.230+0000][gc,phases     ] GC(112)   Other: 5.7ms
[2025-09-05T06:54:01.230+0000][gc,heap       ] GC(112) Eden regions: 46->0(46)
[2025-09-05T06:54:01.230+0000][gc,heap       ] GC(112) Survivor regions: 5->5(7)
[2025-09-05T06:54:01.230+0000][gc,heap       ] GC(112) Old regions: 169->170
[2025-09-05T06:54:01.230+0000][gc,heap       ] GC(112) Humongous regions: 129->129
[2025-09-05T06:54:01.230+0000][gc,metaspace  ] GC(112) Metaspace: 55630K(58928K)->55630K(58928K) NonClass: 48834K(50608K)->48834K(50608K) Class: 6796K(8320K)->6796K(8320K)
[2025-09-05T06:54:01.230+0000][gc            ] GC(112) Pause Young (Normal) (G1 Evacuation Pause) 348M->303M(1024M) 59.616ms
[2025-09-05T06:54:01.230+0000][gc,cpu        ] GC(112) User=0.35s Sys=0.00s Real=0.06s
[2025-09-05T06:56:47.479+0000][gc,start      ] GC(113) Pause Young (Normal) (G1 Evacuation Pause)
[2025-09-05T06:56:47.482+0000][gc,task       ] GC(113) Using 8 workers of 8 for evacuation
[2025-09-05T06:56:47.545+0000][gc,mmu        ] GC(113) MMU target violated: 21.0ms (20.0ms/21.0ms)
[2025-09-05T06:56:47.546+0000][gc,phases     ] GC(113)   Pre Evacuate Collection Set: 8.0ms
[2025-09-05T06:56:47.546+0000][gc,phases     ] GC(113)   Evacuate Collection Set: 51.5ms
[2025-09-05T06:56:47.546+0000][gc,phases     ] GC(113)   Post Evacuate Collection Set: 2.0ms
[2025-09-05T06:56:47.546+0000][gc,phases     ] GC(113)   Other: 5.6ms
[2025-09-05T06:56:47.546+0000][gc,heap       ] GC(113) Eden regions: 46->0(46)
[2025-09-05T06:56:47.546+0000][gc,heap       ] GC(113) Survivor regions: 5->5(7)
[2025-09-05T06:56:47.546+0000][gc,heap       ] GC(113) Old regions: 170->172
[2025-09-05T06:56:47.546+0000][gc,heap       ] GC(113) Humongous regions: 129->129
[2025-09-05T06:56:47.547+0000][gc,metaspace  ] GC(113) Metaspace: 55630K(58928K)->55630K(58928K) NonClass: 48834K(50608K)->48834K(50608K) Class: 6796K(8320K)->6796K(8320K)
[2025-09-05T06:56:47.547+0000][gc            ] GC(113) Pause Young (Normal) (G1 Evacuation Pause) 349M->305M(1024M) 67.550ms
[2025-09-05T06:56:47.547+0000][gc,cpu        ] GC(113) User=0.41s Sys=0.00s Real=0.07s
[2025-09-05T06:59:33.199+0000][gc,start      ] GC(114) Pause Young (Normal) (G1 Evacuation Pause)
[2025-09-05T06:59:33.201+0000][gc,task       ] GC(114) Using 8 workers of 8 for evacuation
[2025-09-05T06:59:33.269+0000][gc,mmu        ] GC(114) MMU target violated: 21.0ms (20.0ms/21.0ms)
[2025-09-05T06:59:33.270+0000][gc,phases     ] GC(114)   Pre Evacuate Collection Set: 12.7ms
[2025-09-05T06:59:33.270+0000][gc,phases     ] GC(114)   Evacuate Collection Set: 52.7ms
[2025-09-05T06:59:33.270+0000][gc,phases     ] GC(114)   Post Evacuate Collection Set: 1.2ms
[2025-09-05T06:59:33.270+0000][gc,phases     ] GC(114)   Other: 5.1ms
[2025-09-05T06:59:33.270+0000][gc,heap       ] GC(114) Eden regions: 46->0(46)
[2025-09-05T06:59:33.270+0000][gc,heap       ] GC(114) Survivor regions: 5->5(7)
[2025-09-05T06:59:33.270+0000][gc,heap       ] GC(114) Old regions: 172->174
[2025-09-05T06:59:33.270+0000][gc,heap       ] GC(114) Humongous regions: 129->129
[2025-09-05T06:59:33.270+0000][gc,metaspace  ] GC(114) Metaspace: 55631K(58928K)->55631K(58928K) NonClass: 48834K(50608K)->48834K(50608K) Class: 6796K(8320K)->6796K(8320K)
[2025-09-05T06:59:33.270+0000][gc            ] GC(114) Pause Young (Normal) (G1 Evacuation Pause) 351M->307M(1024M) 71.781ms
[2025-09-05T06:59:33.271+0000][gc,cpu        ] GC(114) User=0.41s Sys=0.00s Real=0.07s
[2025-09-05T07:02:18.973+0000][gc,start      ] GC(115) Pause Young (Normal) (G1 Evacuation Pause)
[2025-09-05T07:02:18.978+0000][gc,task       ] GC(115) Using 8 workers of 8 for evacuation
[2025-09-05T07:02:19.047+0000][gc,mmu        ] GC(115) MMU target violated: 21.0ms (20.0ms/21.0ms)
[2025-09-05T07:02:19.047+0000][gc,phases     ] GC(115)   Pre Evacuate Collection Set: 9.0ms
[2025-09-05T07:02:19.048+0000][gc,phases     ] GC(115)   Evacuate Collection Set: 58.4ms
[2025-09-05T07:02:19.048+0000][gc,phases     ] GC(115)   Post Evacuate Collection Set: 0.9ms
[2025-09-05T07:02:19.048+0000][gc,phases     ] GC(115)   Other: 6.6ms
[2025-09-05T07:02:19.048+0000][gc,heap       ] GC(115) Eden regions: 46->0(46)
[2025-09-05T07:02:19.048+0000][gc,heap       ] GC(115) Survivor regions: 5->5(7)
[2025-09-05T07:02:19.048+0000][gc,heap       ] GC(115) Old regions: 174->175
[2025-09-05T07:02:19.048+0000][gc,heap       ] GC(115) Humongous regions: 129->129
[2025-09-05T07:02:19.048+0000][gc,metaspace  ] GC(115) Metaspace: 55631K(58928K)->55631K(58928K) NonClass: 48834K(50608K)->48834K(50608K) Class: 6796K(8320K)->6796K(8320K)
[2025-09-05T07:02:19.048+0000][gc            ] GC(115) Pause Young (Normal) (G1 Evacuation Pause) 353M->308M(1024M) 74.922ms
[2025-09-05T07:02:19.048+0000][gc,cpu        ] GC(115) User=0.45s Sys=0.00s Real=0.07s
[2025-09-05T07:05:04.809+0000][gc,start      ] GC(116) Pause Young (Normal) (G1 Evacuation Pause)
[2025-09-05T07:05:04.812+0000][gc,task       ] GC(116) Using 8 workers of 8 for evacuation
[2025-09-05T07:05:04.894+0000][gc,mmu        ] GC(116) MMU target violated: 21.0ms (20.0ms/21.0ms)
[2025-09-05T07:05:04.895+0000][gc,phases     ] GC(116)   Pre Evacuate Collection Set: 9.3ms
[2025-09-05T07:05:04.895+0000][gc,phases     ] GC(116)   Evacuate Collection Set: 70.1ms
[2025-09-05T07:05:04.895+0000][gc,phases     ] GC(116)   Post Evacuate Collection Set: 1.1ms
[2025-09-05T07:05:04.895+0000][gc,phases     ] GC(116)   Other: 6.4ms
[2025-09-05T07:05:04.895+0000][gc,heap       ] GC(116) Eden regions: 46->0(46)
[2025-09-05T07:05:04.895+0000][gc,heap       ] GC(116) Survivor regions: 5->5(7)
[2025-09-05T07:05:04.895+0000][gc,heap       ] GC(116) Old regions: 175->177
[2025-09-05T07:05:04.895+0000][gc,heap       ] GC(116) Humongous regions: 129->129
[2025-09-05T07:05:04.895+0000][gc,metaspace  ] GC(116) Metaspace: 55631K(58928K)->55631K(58928K) NonClass: 48834K(50608K)->48834K(50608K) Class: 6796K(8320K)->6796K(8320K)
[2025-09-05T07:05:04.895+0000][gc            ] GC(116) Pause Young (Normal) (G1 Evacuation Pause) 354M->310M(1024M) 86.504ms
[2025-09-05T07:05:04.895+0000][gc,cpu        ] GC(116) User=0.54s Sys=0.00s Real=0.09s
[2025-09-05T07:07:50.818+0000][gc,start      ] GC(117) Pause Young (Normal) (G1 Evacuation Pause)
[2025-09-05T07:07:50.822+0000][gc,task       ] GC(117) Using 8 workers of 8 for evacuation
[2025-09-05T07:07:50.892+0000][gc,mmu        ] GC(117) MMU target violated: 21.0ms (20.0ms/21.0ms)
[2025-09-05T07:07:50.893+0000][gc,phases     ] GC(117)   Pre Evacuate Collection Set: 11.0ms
[2025-09-05T07:07:50.893+0000][gc,phases     ] GC(117)   Evacuate Collection Set: 55.2ms
[2025-09-05T07:07:50.893+0000][gc,phases     ] GC(117)   Post Evacuate Collection Set: 1.2ms
[2025-09-05T07:07:50.893+0000][gc,phases     ] GC(117)   Other: 7.5ms
[2025-09-05T07:07:50.893+0000][gc,heap       ] GC(117) Eden regions: 46->0(46)
[2025-09-05T07:07:50.893+0000][gc,heap       ] GC(117) Survivor regions: 5->5(7)
[2025-09-05T07:07:50.893+0000][gc,heap       ] GC(117) Old regions: 177->179
[2025-09-05T07:07:50.893+0000][gc,heap       ] GC(117) Humongous regions: 129->129
[2025-09-05T07:07:50.893+0000][gc,metaspace  ] GC(117) Metaspace: 55634K(58928K)->55634K(58928K) NonClass: 48837K(50608K)->48837K(50608K) Class: 6796K(8320K)->6796K(8320K)
[2025-09-05T07:07:50.893+0000][gc            ] GC(117) Pause Young (Normal) (G1 Evacuation Pause) 356M->311M(1024M) 75.002ms
[2025-09-05T07:07:50.893+0000][gc,cpu        ] GC(117) User=0.42s Sys=0.00s Real=0.08s
[2025-09-05T07:10:36.624+0000][gc,start      ] GC(118) Pause Young (Normal) (G1 Evacuation Pause)
[2025-09-05T07:10:36.626+0000][gc,task       ] GC(118) Using 8 workers of 8 for evacuation
[2025-09-05T07:10:36.681+0000][gc,mmu        ] GC(118) MMU target violated: 21.0ms (20.0ms/21.0ms)
[2025-09-05T07:10:36.681+0000][gc,phases     ] GC(118)   Pre Evacuate Collection Set: 11.5ms
[2025-09-05T07:10:36.681+0000][gc,phases     ] GC(118)   Evacuate Collection Set: 40.5ms
[2025-09-05T07:10:36.681+0000][gc,phases     ] GC(118)   Post Evacuate Collection Set: 1.5ms
[2025-09-05T07:10:36.681+0000][gc,phases     ] GC(118)   Other: 3.4ms
[2025-09-05T07:10:36.681+0000][gc,heap       ] GC(118) Eden regions: 46->0(46)
[2025-09-05T07:10:36.681+0000][gc,heap       ] GC(118) Survivor regions: 5->5(7)
[2025-09-05T07:10:36.681+0000][gc,heap       ] GC(118) Old regions: 179->180
[2025-09-05T07:10:36.681+0000][gc,heap       ] GC(118) Humongous regions: 129->129
[2025-09-05T07:10:36.682+0000][gc,metaspace  ] GC(118) Metaspace: 55634K(58928K)->55634K(58928K) NonClass: 48837K(50608K)->48837K(50608K) Class: 6796K(8320K)->6796K(8320K)
[2025-09-05T07:10:36.682+0000][gc            ] GC(118) Pause Young (Normal) (G1 Evacuation Pause) 357M->313M(1024M) 57.466ms
[2025-09-05T07:10:36.682+0000][gc,cpu        ] GC(118) User=0.33s Sys=0.00s Real=0.06s
[2025-09-05T07:13:15.555+0000][gc,start      ] GC(119) Pause Young (Normal) (G1 Evacuation Pause)
[2025-09-05T07:13:15.557+0000][gc,task       ] GC(119) Using 8 workers of 8 for evacuation
[2025-09-05T07:13:15.601+0000][gc,mmu        ] GC(119) MMU target violated: 21.0ms (20.0ms/21.0ms)
[2025-09-05T07:13:15.601+0000][gc,phases     ] GC(119)   Pre Evacuate Collection Set: 5.0ms
[2025-09-05T07:13:15.601+0000][gc,phases     ] GC(119)   Evacuate Collection Set: 37.3ms
[2025-09-05T07:13:15.602+0000][gc,phases     ] GC(119)   Post Evacuate Collection Set: 1.1ms
[2025-09-05T07:13:15.602+0000][gc,phases     ] GC(119)   Other: 4.3ms
[2025-09-05T07:13:15.602+0000][gc,heap       ] GC(119) Eden regions: 46->0(45)
[2025-09-05T07:13:15.602+0000][gc,heap       ] GC(119) Survivor regions: 5->6(7)
[2025-09-05T07:13:15.602+0000][gc,heap       ] GC(119) Old regions: 180->182
[2025-09-05T07:13:15.602+0000][gc,heap       ] GC(119) Humongous regions: 129->129
[2025-09-05T07:13:15.602+0000][gc,metaspace  ] GC(119) Metaspace: 55634K(58928K)->55634K(58928K) NonClass: 48837K(50608K)->48837K(50608K) Class: 6796K(8320K)->6796K(8320K)
[2025-09-05T07:13:15.602+0000][gc            ] GC(119) Pause Young (Normal) (G1 Evacuation Pause) 359M->315M(1024M) 46.797ms
[2025-09-05T07:13:15.602+0000][gc,cpu        ] GC(119) User=0.29s Sys=0.00s Real=0.05s
[2025-09-05T07:15:52.753+0000][gc,start      ] GC(120) Pause Young (Normal) (G1 Evacuation Pause)
[2025-09-05T07:15:52.754+0000][gc,task       ] GC(120) Using 8 workers of 8 for evacuation
[2025-09-05T07:15:52.845+0000][gc,mmu        ] GC(120) MMU target violated: 21.0ms (20.0ms/21.0ms)
[2025-09-05T07:15:52.846+0000][gc,phases     ] GC(120)   Pre Evacuate Collection Set: 7.7ms
[2025-09-05T07:15:52.846+0000][gc,phases     ] GC(120)   Evacuate Collection Set: 81.3ms
[2025-09-05T07:15:52.846+0000][gc,phases     ] GC(120)   Post Evacuate Collection Set: 1.0ms
[2025-09-05T07:15:52.846+0000][gc,phases     ] GC(120)   Other: 3.2ms
[2025-09-05T07:15:52.846+0000][gc,heap       ] GC(120) Eden regions: 45->0(47)
[2025-09-05T07:15:52.846+0000][gc,heap       ] GC(120) Survivor regions: 6->4(7)
[2025-09-05T07:15:52.846+0000][gc,heap       ] GC(120) Old regions: 182->184
[2025-09-05T07:15:52.846+0000][gc,heap       ] GC(120) Humongous regions: 129->129
[2025-09-05T07:15:52.846+0000][gc,metaspace  ] GC(120) Metaspace: 55636K(58928K)->55636K(58928K) NonClass: 48839K(50608K)->48839K(50608K) Class: 6796K(8320K)->6796K(8320K)
[2025-09-05T07:15:52.846+0000][gc            ] GC(120) Pause Young (Normal) (G1 Evacuation Pause) 360M->316M(1024M) 93.242ms
[2025-09-05T07:15:52.846+0000][gc,cpu        ] GC(120) User=0.56s Sys=0.03s Real=0.10s
[2025-09-05T07:18:41.531+0000][gc,start      ] GC(121) Pause Young (Normal) (G1 Evacuation Pause)
[2025-09-05T07:18:41.533+0000][gc,task       ] GC(121) Using 8 workers of 8 for evacuation
[2025-09-05T07:18:41.594+0000][gc,mmu        ] GC(121) MMU target violated: 21.0ms (20.0ms/21.0ms)
[2025-09-05T07:18:41.594+0000][gc,phases     ] GC(121)   Pre Evacuate Collection Set: 5.4ms
[2025-09-05T07:18:41.594+0000][gc,phases     ] GC(121)   Evacuate Collection Set: 53.3ms
[2025-09-05T07:18:41.594+0000][gc,phases     ] GC(121)   Post Evacuate Collection Set: 1.1ms
[2025-09-05T07:18:41.594+0000][gc,phases     ] GC(121)   Other: 3.3ms
[2025-09-05T07:18:41.594+0000][gc,heap       ] GC(121) Eden regions: 47->0(47)
[2025-09-05T07:18:41.594+0000][gc,heap       ] GC(121) Survivor regions: 4->4(7)
[2025-09-05T07:18:41.594+0000][gc,heap       ] GC(121) Old regions: 184->185
[2025-09-05T07:18:41.594+0000][gc,heap       ] GC(121) Humongous regions: 129->129
[2025-09-05T07:18:41.594+0000][gc,metaspace  ] GC(121) Metaspace: 55636K(58928K)->55636K(58928K) NonClass: 48839K(50608K)->48839K(50608K) Class: 6796K(8320K)->6796K(8320K)
[2025-09-05T07:18:41.594+0000][gc            ] GC(121) Pause Young (Normal) (G1 Evacuation Pause) 363M->317M(1024M) 63.280ms
[2025-09-05T07:18:41.595+0000][gc,cpu        ] GC(121) User=0.41s Sys=0.00s Real=0.06s
[2025-09-05T07:21:28.247+0000][gc,start      ] GC(122) Pause Young (Normal) (G1 Evacuation Pause)
[2025-09-05T07:21:28.250+0000][gc,task       ] GC(122) Using 8 workers of 8 for evacuation
[2025-09-05T07:21:28.313+0000][gc,mmu        ] GC(122) MMU target violated: 21.0ms (20.0ms/21.0ms)
[2025-09-05T07:21:28.313+0000][gc,phases     ] GC(122)   Pre Evacuate Collection Set: 8.3ms
[2025-09-05T07:21:28.313+0000][gc,phases     ] GC(122)   Evacuate Collection Set: 51.8ms
[2025-09-05T07:21:28.313+0000][gc,phases     ] GC(122)   Post Evacuate Collection Set: 1.4ms
[2025-09-05T07:21:28.314+0000][gc,phases     ] GC(122)   Other: 5.5ms
[2025-09-05T07:21:28.314+0000][gc,heap       ] GC(122) Eden regions: 47->0(46)
[2025-09-05T07:21:28.314+0000][gc,heap       ] GC(122) Survivor regions: 4->5(7)
[2025-09-05T07:21:28.314+0000][gc,heap       ] GC(122) Old regions: 185->187
[2025-09-05T07:21:28.314+0000][gc,heap       ] GC(122) Humongous regions: 129->129
[2025-09-05T07:21:28.314+0000][gc,metaspace  ] GC(122) Metaspace: 55636K(58928K)->55636K(58928K) NonClass: 48839K(50608K)->48839K(50608K) Class: 6796K(8320K)->6796K(8320K)
[2025-09-05T07:21:28.314+0000][gc            ] GC(122) Pause Young (Normal) (G1 Evacuation Pause) 364M->319M(1024M) 67.044ms
[2025-09-05T07:21:28.314+0000][gc,cpu        ] GC(122) User=0.37s Sys=0.03s Real=0.07s
[2025-09-05T07:24:13.480+0000][gc,start      ] GC(123) Pause Young (Normal) (G1 Evacuation Pause)
[2025-09-05T07:24:13.481+0000][gc,task       ] GC(123) Using 8 workers of 8 for evacuation
[2025-09-05T07:24:13.543+0000][gc,mmu        ] GC(123) MMU target violated: 21.0ms (20.0ms/21.0ms)
[2025-09-05T07:24:13.543+0000][gc,phases     ] GC(123)   Pre Evacuate Collection Set: 6.1ms
[2025-09-05T07:24:13.543+0000][gc,phases     ] GC(123)   Evacuate Collection Set: 53.0ms
[2025-09-05T07:24:13.543+0000][gc,phases     ] GC(123)   Post Evacuate Collection Set: 1.6ms
[2025-09-05T07:24:13.543+0000][gc,phases     ] GC(123)   Other: 3.1ms
[2025-09-05T07:24:13.543+0000][gc,heap       ] GC(123) Eden regions: 46->0(47)
[2025-09-05T07:24:13.543+0000][gc,heap       ] GC(123) Survivor regions: 5->4(7)
[2025-09-05T07:24:13.543+0000][gc,heap       ] GC(123) Old regions: 187->189
[2025-09-05T07:24:13.543+0000][gc,heap       ] GC(123) Humongous regions: 129->129
[2025-09-05T07:24:13.543+0000][gc,metaspace  ] GC(123) Metaspace: 55636K(58928K)->55636K(58928K) NonClass: 48839K(50608K)->48839K(50608K) Class: 6796K(8320K)->6796K(8320K)
[2025-09-05T07:24:13.543+0000][gc            ] GC(123) Pause Young (Normal) (G1 Evacuation Pause) 365M->321M(1024M) 63.908ms
[2025-09-05T07:24:13.544+0000][gc,cpu        ] GC(123) User=0.43s Sys=0.01s Real=0.06s
[2025-09-05T07:27:03.124+0000][gc,start      ] GC(124) Pause Young (Normal) (G1 Evacuation Pause)
[2025-09-05T07:27:03.127+0000][gc,task       ] GC(124) Using 8 workers of 8 for evacuation
[2025-09-05T07:27:03.174+0000][gc,mmu        ] GC(124) MMU target violated: 21.0ms (20.0ms/21.0ms)
[2025-09-05T07:27:03.174+0000][gc,phases     ] GC(124)   Pre Evacuate Collection Set: 7.1ms
[2025-09-05T07:27:03.174+0000][gc,phases     ] GC(124)   Evacuate Collection Set: 34.1ms
[2025-09-05T07:27:03.174+0000][gc,phases     ] GC(124)   Post Evacuate Collection Set: 2.4ms
[2025-09-05T07:27:03.174+0000][gc,phases     ] GC(124)   Other: 6.6ms
[2025-09-05T07:27:03.175+0000][gc,heap       ] GC(124) Eden regions: 47->0(46)
[2025-09-05T07:27:03.175+0000][gc,heap       ] GC(124) Survivor regions: 4->5(7)
[2025-09-05T07:27:03.175+0000][gc,heap       ] GC(124) Old regions: 189->191
[2025-09-05T07:27:03.175+0000][gc,heap       ] GC(124) Humongous regions: 129->129
[2025-09-05T07:27:03.175+0000][gc,metaspace  ] GC(124) Metaspace: 55636K(58928K)->55636K(58928K) NonClass: 48839K(50608K)->48839K(50608K) Class: 6796K(8320K)->6796K(8320K)
[2025-09-05T07:27:03.175+0000][gc            ] GC(124) Pause Young (Normal) (G1 Evacuation Pause) 368M->323M(1024M) 50.796ms
[2025-09-05T07:27:03.175+0000][gc,cpu        ] GC(124) User=0.27s Sys=0.01s Real=0.05s
[2025-09-05T07:29:48.256+0000][gc,start      ] GC(125) Pause Young (Normal) (G1 Evacuation Pause)
[2025-09-05T07:29:48.267+0000][gc,task       ] GC(125) Using 8 workers of 8 for evacuation
[2025-09-05T07:29:48.309+0000][gc,mmu        ] GC(125) MMU target violated: 21.0ms (20.0ms/21.0ms)
[2025-09-05T07:29:48.309+0000][gc,phases     ] GC(125)   Pre Evacuate Collection Set: 10.8ms
[2025-09-05T07:29:48.309+0000][gc,phases     ] GC(125)   Evacuate Collection Set: 29.3ms
[2025-09-05T07:29:48.309+0000][gc,phases     ] GC(125)   Post Evacuate Collection Set: 0.8ms
[2025-09-05T07:29:48.310+0000][gc,phases     ] GC(125)   Other: 14.6ms
[2025-09-05T07:29:48.310+0000][gc,heap       ] GC(125) Eden regions: 46->0(47)
[2025-09-05T07:29:48.310+0000][gc,heap       ] GC(125) Survivor regions: 5->4(7)
[2025-09-05T07:29:48.310+0000][gc,heap       ] GC(125) Old regions: 191->192
[2025-09-05T07:29:48.310+0000][gc,heap       ] GC(125) Humongous regions: 129->129
[2025-09-05T07:29:48.310+0000][gc,metaspace  ] GC(125) Metaspace: 55636K(58928K)->55636K(58928K) NonClass: 48839K(50608K)->48839K(50608K) Class: 6796K(8320K)->6796K(8320K)
[2025-09-05T07:29:48.310+0000][gc            ] GC(125) Pause Young (Normal) (G1 Evacuation Pause) 369M->324M(1024M) 54.454ms
[2025-09-05T07:29:48.310+0000][gc,cpu        ] GC(125) User=0.23s Sys=0.02s Real=0.05s
[2025-09-05T07:32:36.921+0000][gc,start      ] GC(126) Pause Young (Normal) (G1 Evacuation Pause)
[2025-09-05T07:32:36.925+0000][gc,task       ] GC(126) Using 8 workers of 8 for evacuation
[2025-09-05T07:32:36.988+0000][gc,mmu        ] GC(126) MMU target violated: 21.0ms (20.0ms/21.0ms)
[2025-09-05T07:32:36.988+0000][gc,phases     ] GC(126)   Pre Evacuate Collection Set: 10.0ms
[2025-09-05T07:32:36.988+0000][gc,phases     ] GC(126)   Evacuate Collection Set: 47.8ms
[2025-09-05T07:32:36.988+0000][gc,phases     ] GC(126)   Post Evacuate Collection Set: 1.9ms
[2025-09-05T07:32:36.988+0000][gc,phases     ] GC(126)   Other: 7.4ms
[2025-09-05T07:32:36.988+0000][gc,heap       ] GC(126) Eden regions: 47->0(47)
[2025-09-05T07:32:36.988+0000][gc,heap       ] GC(126) Survivor regions: 4->4(7)
[2025-09-05T07:32:36.988+0000][gc,heap       ] GC(126) Old regions: 192->194
[2025-09-05T07:32:36.988+0000][gc,heap       ] GC(126) Humongous regions: 129->129
[2025-09-05T07:32:36.988+0000][gc,metaspace  ] GC(126) Metaspace: 55636K(58928K)->55636K(58928K) NonClass: 48839K(50608K)->48839K(50608K) Class: 6796K(8320K)->6796K(8320K)
[2025-09-05T07:32:36.989+0000][gc            ] GC(126) Pause Young (Normal) (G1 Evacuation Pause) 371M->326M(1024M) 67.243ms
[2025-09-05T07:32:36.989+0000][gc,cpu        ] GC(126) User=0.37s Sys=0.00s Real=0.07s
[2025-09-05T07:35:25.276+0000][gc,start      ] GC(127) Pause Young (Normal) (G1 Evacuation Pause)
[2025-09-05T07:35:25.278+0000][gc,task       ] GC(127) Using 8 workers of 8 for evacuation
[2025-09-05T07:35:25.328+0000][gc,mmu        ] GC(127) MMU target violated: 21.0ms (20.0ms/21.0ms)
[2025-09-05T07:35:25.329+0000][gc,phases     ] GC(127)   Pre Evacuate Collection Set: 8.4ms
[2025-09-05T07:35:25.329+0000][gc,phases     ] GC(127)   Evacuate Collection Set: 39.2ms
[2025-09-05T07:35:25.329+0000][gc,phases     ] GC(127)   Post Evacuate Collection Set: 1.2ms
[2025-09-05T07:35:25.329+0000][gc,phases     ] GC(127)   Other: 5.0ms
[2025-09-05T07:35:25.329+0000][gc,heap       ] GC(127) Eden regions: 47->0(46)
[2025-09-05T07:35:25.329+0000][gc,heap       ] GC(127) Survivor regions: 4->5(7)
[2025-09-05T07:35:25.329+0000][gc,heap       ] GC(127) Old regions: 194->196
[2025-09-05T07:35:25.329+0000][gc,heap       ] GC(127) Humongous regions: 129->129
[2025-09-05T07:35:25.329+0000][gc,metaspace  ] GC(127) Metaspace: 55640K(58928K)->55640K(58928K) NonClass: 48843K(50608K)->48843K(50608K) Class: 6796K(8320K)->6796K(8320K)
[2025-09-05T07:35:25.330+0000][gc            ] GC(127) Pause Young (Normal) (G1 Evacuation Pause) 373M->328M(1024M) 53.883ms
[2025-09-05T07:35:25.330+0000][gc,cpu        ] GC(127) User=0.27s Sys=0.02s Real=0.05s
[2025-09-05T07:38:11.344+0000][gc,start      ] GC(128) Pause Young (Normal) (G1 Evacuation Pause)
[2025-09-05T07:38:11.362+0000][gc,task       ] GC(128) Using 8 workers of 8 for evacuation
[2025-09-05T07:38:11.503+0000][gc,mmu        ] GC(128) MMU target violated: 21.0ms (20.0ms/21.0ms)
[2025-09-05T07:38:11.504+0000][gc,phases     ] GC(128)   Pre Evacuate Collection Set: 18.0ms
[2025-09-05T07:38:11.504+0000][gc,phases     ] GC(128)   Evacuate Collection Set: 111.0ms
[2025-09-05T07:38:11.504+0000][gc,phases     ] GC(128)   Post Evacuate Collection Set: 3.8ms
[2025-09-05T07:38:11.505+0000][gc,phases     ] GC(128)   Other: 28.2ms
[2025-09-05T07:38:11.505+0000][gc,heap       ] GC(128) Eden regions: 46->0(47)
[2025-09-05T07:38:11.505+0000][gc,heap       ] GC(128) Survivor regions: 5->4(7)
[2025-09-05T07:38:11.505+0000][gc,heap       ] GC(128) Old regions: 196->197
[2025-09-05T07:38:11.505+0000][gc,heap       ] GC(128) Humongous regions: 129->129
[2025-09-05T07:38:11.506+0000][gc,metaspace  ] GC(128) Metaspace: 55647K(58928K)->55647K(58928K) NonClass: 48850K(50608K)->48850K(50608K) Class: 6796K(8320K)->6796K(8320K)
[2025-09-05T07:38:11.506+0000][gc            ] GC(128) Pause Young (Normal) (G1 Evacuation Pause) 374M->329M(1024M) 162.082ms
[2025-09-05T07:38:11.506+0000][gc,cpu        ] GC(128) User=0.36s Sys=0.03s Real=0.17s
[2025-09-05T07:44:11.293+0000][gc,start      ] GC(129) Pause Young (Normal) (G1 Evacuation Pause)
[2025-09-05T07:44:11.295+0000][gc,task       ] GC(129) Using 8 workers of 8 for evacuation
[2025-09-05T07:44:11.358+0000][gc,mmu        ] GC(129) MMU target violated: 21.0ms (20.0ms/21.0ms)
[2025-09-05T07:44:11.358+0000][gc,phases     ] GC(129)   Pre Evacuate Collection Set: 12.7ms
[2025-09-05T07:44:11.358+0000][gc,phases     ] GC(129)   Evacuate Collection Set: 46.9ms
[2025-09-05T07:44:11.358+0000][gc,phases     ] GC(129)   Post Evacuate Collection Set: 1.4ms
[2025-09-05T07:44:11.358+0000][gc,phases     ] GC(129)   Other: 4.8ms
[2025-09-05T07:44:11.358+0000][gc,heap       ] GC(129) Eden regions: 47->0(47)
[2025-09-05T07:44:11.359+0000][gc,heap       ] GC(129) Survivor regions: 4->4(7)
[2025-09-05T07:44:11.359+0000][gc,heap       ] GC(129) Old regions: 197->199
[2025-09-05T07:44:11.359+0000][gc,heap       ] GC(129) Humongous regions: 129->129
[2025-09-05T07:44:11.359+0000][gc,metaspace  ] GC(129) Metaspace: 55649K(58928K)->55649K(58928K) NonClass: 48852K(50608K)->48852K(50608K) Class: 6796K(8320K)->6796K(8320K)
[2025-09-05T07:44:11.359+0000][gc            ] GC(129) Pause Young (Normal) (G1 Evacuation Pause) 376M->331M(1024M) 65.884ms
[2025-09-05T07:44:11.359+0000][gc,cpu        ] GC(129) User=0.36s Sys=0.02s Real=0.06s
[2025-09-05T07:47:00.018+0000][gc,start      ] GC(130) Pause Young (Normal) (G1 Evacuation Pause)
[2025-09-05T07:47:00.020+0000][gc,task       ] GC(130) Using 8 workers of 8 for evacuation
[2025-09-05T07:47:00.074+0000][gc,mmu        ] GC(130) MMU target violated: 21.0ms (20.0ms/21.0ms)
[2025-09-05T07:47:00.075+0000][gc,phases     ] GC(130)   Pre Evacuate Collection Set: 9.5ms
[2025-09-05T07:47:00.075+0000][gc,phases     ] GC(130)   Evacuate Collection Set: 41.8ms
[2025-09-05T07:47:00.075+0000][gc,phases     ] GC(130)   Post Evacuate Collection Set: 1.3ms
[2025-09-05T07:47:00.075+0000][gc,phases     ] GC(130)   Other: 4.1ms
[2025-09-05T07:47:00.075+0000][gc,heap       ] GC(130) Eden regions: 47->0(46)
[2025-09-05T07:47:00.075+0000][gc,heap       ] GC(130) Survivor regions: 4->5(7)
[2025-09-05T07:47:00.075+0000][gc,heap       ] GC(130) Old regions: 199->201
[2025-09-05T07:47:00.075+0000][gc,heap       ] GC(130) Humongous regions: 129->129
[2025-09-05T07:47:00.075+0000][gc,metaspace  ] GC(130) Metaspace: 55671K(58928K)->55671K(58928K) NonClass: 48874K(50608K)->48874K(50608K) Class: 6796K(8320K)->6796K(8320K)
[2025-09-05T07:47:00.075+0000][gc            ] GC(130) Pause Young (Normal) (G1 Evacuation Pause) 378M->333M(1024M) 56.853ms
[2025-09-05T07:47:00.075+0000][gc,cpu        ] GC(130) User=0.33s Sys=0.01s Real=0.06s
