[2025-09-04T10:22:26.632+0000][gc,heap] Heap region size: 1M
[2025-09-04T10:22:26.646+0000][gc     ] Using G1
[2025-09-04T10:22:26.646+0000][gc,heap,coops] Heap address: 0x00000000c0000000, size: 1024 MB, Compressed Oops mode: 32-bit
[2025-09-04T10:22:28.100+0000][gc,start     ] GC(0) Pause Young (Concurrent Start) (Metadata GC Threshold)
[2025-09-04T10:22:28.104+0000][gc,task      ] GC(0) Using 8 workers of 8 for evacuation
[2025-09-04T10:22:28.213+0000][gc,mmu       ] GC(0) MMU target violated: 21.0ms (20.0ms/21.0ms)
[2025-09-04T10:22:28.216+0000][gc,phases    ] GC(0)   Pre Evacuate Collection Set: 0.2ms
[2025-09-04T10:22:28.216+0000][gc,phases    ] GC(0)   Evacuate Collection Set: 84.0ms
[2025-09-04T10:22:28.216+0000][gc,phases    ] GC(0)   Post Evacuate Collection Set: 4.3ms
[2025-09-04T10:22:28.216+0000][gc,phases    ] GC(0)   Other: 26.9ms
[2025-09-04T10:22:28.216+0000][gc,heap      ] GC(0) Eden regions: 43->0(44)
[2025-09-04T10:22:28.216+0000][gc,heap      ] GC(0) Survivor regions: 0->7(7)
[2025-09-04T10:22:28.216+0000][gc,heap      ] GC(0) Old regions: 0->0
[2025-09-04T10:22:28.216+0000][gc,heap      ] GC(0) Humongous regions: 0->0
[2025-09-04T10:22:28.216+0000][gc,metaspace ] GC(0) Metaspace: 20854K(21296K)->20854K(21296K) NonClass: 18629K(18864K)->18629K(18864K) Class: 2224K(2432K)->2224K(2432K)
[2025-09-04T10:22:28.217+0000][gc           ] GC(0) Pause Young (Concurrent Start) (Metadata GC Threshold) 43M->6M(1024M) 116.232ms
[2025-09-04T10:22:28.217+0000][gc,cpu       ] GC(0) User=0.12s Sys=0.09s Real=0.11s
[2025-09-04T10:22:28.218+0000][gc           ] GC(1) Concurrent Cycle
[2025-09-04T10:22:28.222+0000][gc,marking   ] GC(1) Concurrent Clear Claimed Marks
[2025-09-04T10:22:28.223+0000][gc,marking   ] GC(1) Concurrent Clear Claimed Marks 1.007ms
[2025-09-04T10:22:28.224+0000][gc,marking   ] GC(1) Concurrent Scan Root Regions
[2025-09-04T10:22:28.228+0000][gc,marking   ] GC(1) Concurrent Scan Root Regions 4.634ms
[2025-09-04T10:22:28.229+0000][gc,marking   ] GC(1) Concurrent Mark (1.601s)
[2025-09-04T10:22:28.233+0000][gc,marking   ] GC(1) Concurrent Mark From Roots
[2025-09-04T10:22:28.235+0000][gc,task      ] GC(1) Using 2 workers of 2 for marking
[2025-09-04T10:22:28.241+0000][gc,marking   ] GC(1) Concurrent Mark From Roots 7.354ms
[2025-09-04T10:22:28.241+0000][gc,marking   ] GC(1) Concurrent Preclean
[2025-09-04T10:22:28.244+0000][gc,marking   ] GC(1) Concurrent Preclean 2.561ms
[2025-09-04T10:22:28.245+0000][gc,marking   ] GC(1) Concurrent Mark (1.601s, 1.617s) 16.073ms
[2025-09-04T10:22:28.247+0000][gc,start     ] GC(1) Pause Remark
[2025-09-04T10:22:28.257+0000][gc,stringtable] GC(1) Cleaned string and symbol table, strings: 7302 processed, 0 removed, symbols: 65370 processed, 22 removed
[2025-09-04T10:22:28.260+0000][gc            ] GC(1) Pause Remark 7M->7M(1024M) 12.775ms
[2025-09-04T10:22:28.261+0000][gc,cpu        ] GC(1) User=0.02s Sys=0.00s Real=0.02s
[2025-09-04T10:22:28.262+0000][gc,marking    ] GC(1) Concurrent Rebuild Remembered Sets
[2025-09-04T10:22:28.263+0000][gc,marking    ] GC(1) Concurrent Rebuild Remembered Sets 1.046ms
[2025-09-04T10:22:28.264+0000][gc,start      ] GC(1) Pause Cleanup
[2025-09-04T10:22:28.264+0000][gc            ] GC(1) Pause Cleanup 7M->7M(1024M) 0.220ms
[2025-09-04T10:22:28.264+0000][gc,cpu        ] GC(1) User=0.00s Sys=0.00s Real=0.00s
[2025-09-04T10:22:28.264+0000][gc,marking    ] GC(1) Concurrent Cleanup for Next Mark
[2025-09-04T10:22:28.366+0000][gc,marking    ] GC(1) Concurrent Cleanup for Next Mark 102.039ms
[2025-09-04T10:22:28.366+0000][gc            ] GC(1) Concurrent Cycle 148.815ms
[2025-09-04T10:22:30.446+0000][gc,start      ] GC(2) Pause Young (Normal) (G1 Evacuation Pause)
[2025-09-04T10:22:30.447+0000][gc,task       ] GC(2) Using 8 workers of 8 for evacuation
[2025-09-04T10:22:30.494+0000][gc,mmu        ] GC(2) MMU target violated: 21.0ms (20.0ms/21.0ms)
[2025-09-04T10:22:30.494+0000][gc,phases     ] GC(2)   Pre Evacuate Collection Set: 1.8ms
[2025-09-04T10:22:30.494+0000][gc,phases     ] GC(2)   Evacuate Collection Set: 41.3ms
[2025-09-04T10:22:30.495+0000][gc,phases     ] GC(2)   Post Evacuate Collection Set: 2.0ms
[2025-09-04T10:22:30.495+0000][gc,phases     ] GC(2)   Other: 3.6ms
[2025-09-04T10:22:30.495+0000][gc,heap       ] GC(2) Eden regions: 44->0(48)
[2025-09-04T10:22:30.495+0000][gc,heap       ] GC(2) Survivor regions: 7->3(7)
[2025-09-04T10:22:30.496+0000][gc,heap       ] GC(2) Old regions: 0->7
[2025-09-04T10:22:30.496+0000][gc,heap       ] GC(2) Humongous regions: 129->129
[2025-09-04T10:22:30.496+0000][gc,metaspace  ] GC(2) Metaspace: 30601K(31536K)->30601K(31536K) NonClass: 27093K(27568K)->27093K(27568K) Class: 3508K(3968K)->3508K(3968K)
[2025-09-04T10:22:30.496+0000][gc            ] GC(2) Pause Young (Normal) (G1 Evacuation Pause) 179M->137M(1024M) 50.399ms
[2025-09-04T10:22:30.496+0000][gc,cpu        ] GC(2) User=0.11s Sys=0.02s Real=0.05s
[2025-09-04T10:22:30.931+0000][gc,start      ] GC(3) Pause Young (Concurrent Start) (Metadata GC Threshold)
[2025-09-04T10:22:30.931+0000][gc,task       ] GC(3) Using 8 workers of 8 for evacuation
[2025-09-04T10:22:30.946+0000][gc,phases     ] GC(3)   Pre Evacuate Collection Set: 1.7ms
[2025-09-04T10:22:30.946+0000][gc,phases     ] GC(3)   Evacuate Collection Set: 6.0ms
[2025-09-04T10:22:30.946+0000][gc,phases     ] GC(3)   Post Evacuate Collection Set: 0.5ms
[2025-09-04T10:22:30.946+0000][gc,phases     ] GC(3)   Other: 6.5ms
[2025-09-04T10:22:30.946+0000][gc,heap       ] GC(3) Eden regions: 24->0(48)
[2025-09-04T10:22:30.946+0000][gc,heap       ] GC(3) Survivor regions: 3->3(7)
[2025-09-04T10:22:30.947+0000][gc,heap       ] GC(3) Old regions: 7->7
[2025-09-04T10:22:30.947+0000][gc,heap       ] GC(3) Humongous regions: 129->129
[2025-09-04T10:22:30.947+0000][gc,metaspace  ] GC(3) Metaspace: 35055K(35888K)->35055K(35888K) NonClass: 31258K(31664K)->31258K(31664K) Class: 3796K(4224K)->3796K(4224K)
[2025-09-04T10:22:30.947+0000][gc            ] GC(3) Pause Young (Concurrent Start) (Metadata GC Threshold) 161M->138M(1024M) 15.926ms
[2025-09-04T10:22:30.947+0000][gc,cpu        ] GC(3) User=0.02s Sys=0.00s Real=0.02s
[2025-09-04T10:22:30.947+0000][gc            ] GC(4) Concurrent Cycle
[2025-09-04T10:22:30.948+0000][gc,marking    ] GC(4) Concurrent Clear Claimed Marks
[2025-09-04T10:22:30.948+0000][gc,marking    ] GC(4) Concurrent Clear Claimed Marks 0.241ms
[2025-09-04T10:22:30.948+0000][gc,marking    ] GC(4) Concurrent Scan Root Regions
[2025-09-04T10:22:30.952+0000][gc,marking    ] GC(4) Concurrent Scan Root Regions 4.303ms
[2025-09-04T10:22:30.957+0000][gc,marking    ] GC(4) Concurrent Mark (4.330s)
[2025-09-04T10:22:30.957+0000][gc,marking    ] GC(4) Concurrent Mark From Roots
[2025-09-04T10:22:30.958+0000][gc,task       ] GC(4) Using 2 workers of 2 for marking
[2025-09-04T10:22:30.967+0000][gc,marking    ] GC(4) Concurrent Mark From Roots 9.822ms
[2025-09-04T10:22:30.969+0000][gc,marking    ] GC(4) Concurrent Preclean
[2025-09-04T10:22:30.970+0000][gc,marking    ] GC(4) Concurrent Preclean 0.732ms
[2025-09-04T10:22:30.970+0000][gc,marking    ] GC(4) Concurrent Mark (4.330s, 4.343s) 13.018ms
[2025-09-04T10:22:30.974+0000][gc,start      ] GC(4) Pause Remark
[2025-09-04T10:22:30.985+0000][gc,stringtable] GC(4) Cleaned string and symbol table, strings: 10953 processed, 10 removed, symbols: 97505 processed, 22 removed
[2025-09-04T10:22:30.987+0000][gc            ] GC(4) Pause Remark 139M->139M(1024M) 12.473ms
[2025-09-04T10:22:30.987+0000][gc,cpu        ] GC(4) User=0.01s Sys=0.00s Real=0.02s
[2025-09-04T10:22:30.987+0000][gc,marking    ] GC(4) Concurrent Rebuild Remembered Sets
[2025-09-04T10:22:30.991+0000][gc,marking    ] GC(4) Concurrent Rebuild Remembered Sets 3.361ms
[2025-09-04T10:22:30.995+0000][gc,start      ] GC(4) Pause Cleanup
[2025-09-04T10:22:30.996+0000][gc            ] GC(4) Pause Cleanup 139M->139M(1024M) 0.687ms
[2025-09-04T10:22:30.996+0000][gc,cpu        ] GC(4) User=0.00s Sys=0.00s Real=0.01s
[2025-09-04T10:22:30.997+0000][gc,marking    ] GC(4) Concurrent Cleanup for Next Mark
[2025-09-04T10:22:31.021+0000][gc,marking    ] GC(4) Concurrent Cleanup for Next Mark 23.949ms
[2025-09-04T10:22:31.022+0000][gc            ] GC(4) Concurrent Cycle 74.731ms
[2025-09-04T10:22:33.866+0000][gc,start      ] GC(5) Pause Young (Normal) (G1 Evacuation Pause)
[2025-09-04T10:22:33.866+0000][gc,task       ] GC(5) Using 8 workers of 8 for evacuation
[2025-09-04T10:22:33.888+0000][gc,mmu        ] GC(5) MMU target violated: 21.0ms (20.0ms/21.0ms)
[2025-09-04T10:22:33.888+0000][gc,phases     ] GC(5)   Pre Evacuate Collection Set: 2.0ms
[2025-09-04T10:22:33.889+0000][gc,phases     ] GC(5)   Evacuate Collection Set: 19.1ms
[2025-09-04T10:22:33.889+0000][gc,phases     ] GC(5)   Post Evacuate Collection Set: 0.9ms
[2025-09-04T10:22:33.889+0000][gc,phases     ] GC(5)   Other: 1.4ms
[2025-09-04T10:22:33.889+0000][gc,heap       ] GC(5) Eden regions: 48->0(44)
[2025-09-04T10:22:33.889+0000][gc,heap       ] GC(5) Survivor regions: 3->7(7)
[2025-09-04T10:22:33.889+0000][gc,heap       ] GC(5) Old regions: 7->7
[2025-09-04T10:22:33.889+0000][gc,heap       ] GC(5) Humongous regions: 129->129
[2025-09-04T10:22:33.889+0000][gc,metaspace  ] GC(5) Metaspace: 43443K(45104K)->43443K(45104K) NonClass: 38649K(39600K)->38649K(39600K) Class: 4794K(5504K)->4794K(5504K)
[2025-09-04T10:22:33.890+0000][gc            ] GC(5) Pause Young (Normal) (G1 Evacuation Pause) 186M->142M(1024M) 23.977ms
[2025-09-04T10:22:33.890+0000][gc,cpu        ] GC(5) User=0.10s Sys=0.02s Real=0.03s
[2025-09-04T10:39:12.984+0000][gc,start      ] GC(6) Pause Young (Normal) (G1 Evacuation Pause)
[2025-09-04T10:39:12.985+0000][gc,task       ] GC(6) Using 8 workers of 8 for evacuation
[2025-09-04T10:39:13.054+0000][gc,mmu        ] GC(6) MMU target violated: 21.0ms (20.0ms/21.0ms)
[2025-09-04T10:39:13.054+0000][gc,phases     ] GC(6)   Pre Evacuate Collection Set: 8.0ms
[2025-09-04T10:39:13.054+0000][gc,phases     ] GC(6)   Evacuate Collection Set: 56.3ms
[2025-09-04T10:39:13.054+0000][gc,phases     ] GC(6)   Post Evacuate Collection Set: 3.6ms
[2025-09-04T10:39:13.055+0000][gc,phases     ] GC(6)   Other: 2.9ms
[2025-09-04T10:39:13.055+0000][gc,heap       ] GC(6) Eden regions: 44->0(47)
[2025-09-04T10:39:13.055+0000][gc,heap       ] GC(6) Survivor regions: 7->4(7)
[2025-09-04T10:39:13.055+0000][gc,heap       ] GC(6) Old regions: 7->14
[2025-09-04T10:39:13.055+0000][gc,heap       ] GC(6) Humongous regions: 129->129
[2025-09-04T10:39:13.055+0000][gc,metaspace  ] GC(6) Metaspace: 49580K(51760K)->49580K(51760K) NonClass: 43822K(44976K)->43822K(44976K) Class: 5758K(6784K)->5758K(6784K)
[2025-09-04T10:39:13.055+0000][gc            ] GC(6) Pause Young (Normal) (G1 Evacuation Pause) 186M->145M(1024M) 71.093ms
[2025-09-04T10:39:13.055+0000][gc,cpu        ] GC(6) User=0.43s Sys=0.03s Real=0.07s
[2025-09-04T10:46:14.672+0000][gc,start      ] GC(7) Pause Young (Normal) (G1 Evacuation Pause)
[2025-09-04T10:46:14.673+0000][gc,task       ] GC(7) Using 8 workers of 8 for evacuation
[2025-09-04T10:46:14.721+0000][gc,mmu        ] GC(7) MMU target violated: 21.0ms (20.0ms/21.0ms)
[2025-09-04T10:46:14.721+0000][gc,phases     ] GC(7)   Pre Evacuate Collection Set: 7.8ms
[2025-09-04T10:46:14.721+0000][gc,phases     ] GC(7)   Evacuate Collection Set: 35.7ms
[2025-09-04T10:46:14.721+0000][gc,phases     ] GC(7)   Post Evacuate Collection Set: 2.7ms
[2025-09-04T10:46:14.722+0000][gc,phases     ] GC(7)   Other: 3.5ms
[2025-09-04T10:46:14.722+0000][gc,heap       ] GC(7) Eden regions: 47->0(48)
[2025-09-04T10:46:14.722+0000][gc,heap       ] GC(7) Survivor regions: 4->3(7)
[2025-09-04T10:46:14.722+0000][gc,heap       ] GC(7) Old regions: 14->14
[2025-09-04T10:46:14.722+0000][gc,heap       ] GC(7) Humongous regions: 129->129
[2025-09-04T10:46:14.722+0000][gc,metaspace  ] GC(7) Metaspace: 49848K(52144K)->49848K(52144K) NonClass: 44081K(45232K)->44081K(45232K) Class: 5767K(6912K)->5767K(6912K)
[2025-09-04T10:46:14.722+0000][gc            ] GC(7) Pause Young (Normal) (G1 Evacuation Pause) 192M->145M(1024M) 50.349ms
[2025-09-04T10:46:14.722+0000][gc,cpu        ] GC(7) User=0.28s Sys=0.00s Real=0.05s
[2025-09-04T10:54:12.559+0000][gc,start      ] GC(8) Pause Young (Normal) (G1 Evacuation Pause)
[2025-09-04T10:54:12.560+0000][gc,task       ] GC(8) Using 8 workers of 8 for evacuation
[2025-09-04T10:54:12.618+0000][gc,mmu        ] GC(8) MMU target violated: 21.0ms (20.0ms/21.0ms)
[2025-09-04T10:54:12.618+0000][gc,phases     ] GC(8)   Pre Evacuate Collection Set: 4.6ms
[2025-09-04T10:54:12.618+0000][gc,phases     ] GC(8)   Evacuate Collection Set: 48.1ms
[2025-09-04T10:54:12.618+0000][gc,phases     ] GC(8)   Post Evacuate Collection Set: 3.0ms
[2025-09-04T10:54:12.618+0000][gc,phases     ] GC(8)   Other: 3.3ms
[2025-09-04T10:54:12.618+0000][gc,heap       ] GC(8) Eden regions: 48->0(48)
[2025-09-04T10:54:12.618+0000][gc,heap       ] GC(8) Survivor regions: 3->3(7)
[2025-09-04T10:54:12.618+0000][gc,heap       ] GC(8) Old regions: 14->14
[2025-09-04T10:54:12.618+0000][gc,heap       ] GC(8) Humongous regions: 129->129
[2025-09-04T10:54:12.619+0000][gc,metaspace  ] GC(8) Metaspace: 50012K(52400K)->50012K(52400K) NonClass: 44244K(45488K)->44244K(45488K) Class: 5768K(6912K)->5768K(6912K)
[2025-09-04T10:54:12.619+0000][gc            ] GC(8) Pause Young (Normal) (G1 Evacuation Pause) 193M->145M(1024M) 59.659ms
[2025-09-04T10:54:12.619+0000][gc,cpu        ] GC(8) User=0.38s Sys=0.00s Real=0.06s
[2025-09-04T11:02:31.796+0000][gc,start      ] GC(9) Pause Young (Normal) (G1 Evacuation Pause)
[2025-09-04T11:02:31.797+0000][gc,task       ] GC(9) Using 8 workers of 8 for evacuation
[2025-09-04T11:02:32.294+0000][gc,mmu        ] GC(9) MMU target violated: 21.0ms (20.0ms/21.0ms)
[2025-09-04T11:02:32.297+0000][gc,phases     ] GC(9)   Pre Evacuate Collection Set: 9.1ms
[2025-09-04T11:02:32.297+0000][gc,phases     ] GC(9)   Evacuate Collection Set: 342.2ms
[2025-09-04T11:02:32.302+0000][gc,phases     ] GC(9)   Post Evacuate Collection Set: 143.1ms
[2025-09-04T11:02:32.302+0000][gc,phases     ] GC(9)   Other: 6.2ms
[2025-09-04T11:02:32.305+0000][gc,heap       ] GC(9) Eden regions: 48->0(48)
[2025-09-04T11:02:32.305+0000][gc,heap       ] GC(9) Survivor regions: 3->3(7)
[2025-09-04T11:02:32.307+0000][gc,heap       ] GC(9) Old regions: 14->14
[2025-09-04T11:02:32.307+0000][gc,heap       ] GC(9) Humongous regions: 129->129
[2025-09-04T11:02:32.307+0000][gc,metaspace  ] GC(9) Metaspace: 50103K(52400K)->50103K(52400K) NonClass: 44334K(45488K)->44334K(45488K) Class: 5768K(6912K)->5768K(6912K)
[2025-09-04T11:02:32.307+0000][gc            ] GC(9) Pause Young (Normal) (G1 Evacuation Pause) 193M->145M(1024M) 510.881ms
[2025-09-04T11:02:32.308+0000][gc,cpu        ] GC(9) User=1.88s Sys=0.24s Real=0.51s
[2025-09-04T11:11:19.665+0000][gc,start      ] GC(10) Pause Young (Normal) (G1 Evacuation Pause)
[2025-09-04T11:11:19.667+0000][gc,task       ] GC(10) Using 8 workers of 8 for evacuation
[2025-09-04T11:11:19.751+0000][gc,mmu        ] GC(10) MMU target violated: 21.0ms (20.0ms/21.0ms)
[2025-09-04T11:11:19.752+0000][gc,phases     ] GC(10)   Pre Evacuate Collection Set: 18.5ms
[2025-09-04T11:11:19.752+0000][gc,phases     ] GC(10)   Evacuate Collection Set: 61.2ms
[2025-09-04T11:11:19.752+0000][gc,phases     ] GC(10)   Post Evacuate Collection Set: 1.7ms
[2025-09-04T11:11:19.752+0000][gc,phases     ] GC(10)   Other: 6.1ms
[2025-09-04T11:11:19.752+0000][gc,heap       ] GC(10) Eden regions: 48->0(48)
[2025-09-04T11:11:19.752+0000][gc,heap       ] GC(10) Survivor regions: 3->3(7)
[2025-09-04T11:11:19.752+0000][gc,heap       ] GC(10) Old regions: 14->14
[2025-09-04T11:11:19.752+0000][gc,heap       ] GC(10) Humongous regions: 129->129
[2025-09-04T11:11:19.752+0000][gc,metaspace  ] GC(10) Metaspace: 50159K(52656K)->50159K(52656K) NonClass: 44390K(45744K)->44390K(45744K) Class: 5768K(6912K)->5768K(6912K)
[2025-09-04T11:11:19.752+0000][gc            ] GC(10) Pause Young (Normal) (G1 Evacuation Pause) 193M->145M(1024M) 87.234ms
[2025-09-04T11:11:19.752+0000][gc,cpu        ] GC(10) User=0.48s Sys=0.00s Real=0.09s
[2025-09-04T11:20:07.105+0000][gc,start      ] GC(11) Pause Young (Normal) (G1 Evacuation Pause)
[2025-09-04T11:20:07.107+0000][gc,task       ] GC(11) Using 8 workers of 8 for evacuation
[2025-09-04T11:20:07.175+0000][gc,mmu        ] GC(11) MMU target violated: 21.0ms (20.0ms/21.0ms)
[2025-09-04T11:20:07.176+0000][gc,phases     ] GC(11)   Pre Evacuate Collection Set: 8.4ms
[2025-09-04T11:20:07.176+0000][gc,phases     ] GC(11)   Evacuate Collection Set: 50.5ms
[2025-09-04T11:20:07.176+0000][gc,phases     ] GC(11)   Post Evacuate Collection Set: 1.7ms
[2025-09-04T11:20:07.176+0000][gc,phases     ] GC(11)   Other: 10.9ms
[2025-09-04T11:20:07.176+0000][gc,heap       ] GC(11) Eden regions: 48->0(47)
[2025-09-04T11:20:07.176+0000][gc,heap       ] GC(11) Survivor regions: 3->4(7)
[2025-09-04T11:20:07.176+0000][gc,heap       ] GC(11) Old regions: 14->14
[2025-09-04T11:20:07.176+0000][gc,heap       ] GC(11) Humongous regions: 129->129
[2025-09-04T11:20:07.176+0000][gc,metaspace  ] GC(11) Metaspace: 50219K(52656K)->50219K(52656K) NonClass: 44450K(45744K)->44450K(45744K) Class: 5768K(6912K)->5768K(6912K)
[2025-09-04T11:20:07.177+0000][gc            ] GC(11) Pause Young (Normal) (G1 Evacuation Pause) 193M->145M(1024M) 72.081ms
[2025-09-04T11:20:07.177+0000][gc,cpu        ] GC(11) User=0.40s Sys=0.00s Real=0.07s
[2025-09-04T11:28:14.326+0000][gc,start      ] GC(12) Pause Young (Normal) (G1 Evacuation Pause)
[2025-09-04T11:28:14.328+0000][gc,task       ] GC(12) Using 8 workers of 8 for evacuation
[2025-09-04T11:28:14.391+0000][gc,mmu        ] GC(12) MMU target violated: 21.0ms (20.0ms/21.0ms)
[2025-09-04T11:28:14.391+0000][gc,phases     ] GC(12)   Pre Evacuate Collection Set: 4.1ms
[2025-09-04T11:28:14.392+0000][gc,phases     ] GC(12)   Evacuate Collection Set: 55.4ms
[2025-09-04T11:28:14.392+0000][gc,phases     ] GC(12)   Post Evacuate Collection Set: 2.3ms
[2025-09-04T11:28:14.392+0000][gc,phases     ] GC(12)   Other: 6.5ms
[2025-09-04T11:28:14.392+0000][gc,heap       ] GC(12) Eden regions: 47->0(47)
[2025-09-04T11:28:14.392+0000][gc,heap       ] GC(12) Survivor regions: 4->4(7)
[2025-09-04T11:28:14.392+0000][gc,heap       ] GC(12) Old regions: 14->14
[2025-09-04T11:28:14.392+0000][gc,heap       ] GC(12) Humongous regions: 129->129
[2025-09-04T11:28:14.392+0000][gc,metaspace  ] GC(12) Metaspace: 50343K(52656K)->50343K(52656K) NonClass: 44566K(45744K)->44566K(45744K) Class: 5777K(6912K)->5777K(6912K)
[2025-09-04T11:28:14.392+0000][gc            ] GC(12) Pause Young (Normal) (G1 Evacuation Pause) 192M->145M(1024M) 66.603ms
[2025-09-04T11:28:14.392+0000][gc,cpu        ] GC(12) User=0.42s Sys=0.00s Real=0.07s
[2025-09-04T11:32:07.892+0000][gc,start      ] GC(13) Pause Young (Normal) (G1 Evacuation Pause)
[2025-09-04T11:32:07.894+0000][gc,task       ] GC(13) Using 8 workers of 8 for evacuation
[2025-09-04T11:32:07.929+0000][gc,mmu        ] GC(13) MMU target violated: 21.0ms (20.0ms/21.0ms)
[2025-09-04T11:32:07.929+0000][gc,phases     ] GC(13)   Pre Evacuate Collection Set: 7.5ms
[2025-09-04T11:32:07.929+0000][gc,phases     ] GC(13)   Evacuate Collection Set: 25.4ms
[2025-09-04T11:32:07.929+0000][gc,phases     ] GC(13)   Post Evacuate Collection Set: 1.5ms
[2025-09-04T11:32:07.929+0000][gc,phases     ] GC(13)   Other: 1.9ms
[2025-09-04T11:32:07.929+0000][gc,heap       ] GC(13) Eden regions: 47->0(46)
[2025-09-04T11:32:07.929+0000][gc,heap       ] GC(13) Survivor regions: 4->5(7)
[2025-09-04T11:32:07.929+0000][gc,heap       ] GC(13) Old regions: 14->14
[2025-09-04T11:32:07.929+0000][gc,heap       ] GC(13) Humongous regions: 129->129
[2025-09-04T11:32:07.929+0000][gc,metaspace  ] GC(13) Metaspace: 52196K(54960K)->52196K(54960K) NonClass: 46056K(47536K)->46056K(47536K) Class: 6140K(7424K)->6140K(7424K)
[2025-09-04T11:32:07.929+0000][gc            ] GC(13) Pause Young (Normal) (G1 Evacuation Pause) 192M->147M(1024M) 36.741ms
[2025-09-04T11:32:07.929+0000][gc,cpu        ] GC(13) User=0.18s Sys=0.00s Real=0.04s
[2025-09-04T11:35:02.298+0000][gc,start      ] GC(14) Pause Young (Normal) (G1 Evacuation Pause)
[2025-09-04T11:35:02.299+0000][gc,task       ] GC(14) Using 8 workers of 8 for evacuation
[2025-09-04T11:35:02.401+0000][gc,mmu        ] GC(14) MMU target violated: 21.0ms (20.0ms/21.0ms)
[2025-09-04T11:35:02.401+0000][gc,phases     ] GC(14)   Pre Evacuate Collection Set: 9.8ms
[2025-09-04T11:35:02.402+0000][gc,phases     ] GC(14)   Evacuate Collection Set: 88.5ms
[2025-09-04T11:35:02.402+0000][gc,phases     ] GC(14)   Post Evacuate Collection Set: 2.2ms
[2025-09-04T11:35:02.402+0000][gc,phases     ] GC(14)   Other: 3.4ms
[2025-09-04T11:35:02.402+0000][gc,heap       ] GC(14) Eden regions: 46->0(44)
[2025-09-04T11:35:02.402+0000][gc,heap       ] GC(14) Survivor regions: 5->7(7)
[2025-09-04T11:35:02.402+0000][gc,heap       ] GC(14) Old regions: 14->15
[2025-09-04T11:35:02.402+0000][gc,heap       ] GC(14) Humongous regions: 129->129
[2025-09-04T11:35:02.402+0000][gc,metaspace  ] GC(14) Metaspace: 52483K(55216K)->52483K(55216K) NonClass: 46297K(47792K)->46297K(47792K) Class: 6185K(7424K)->6185K(7424K)
[2025-09-04T11:35:02.402+0000][gc            ] GC(14) Pause Young (Normal) (G1 Evacuation Pause) 193M->150M(1024M) 104.183ms
[2025-09-04T11:35:02.402+0000][gc,cpu        ] GC(14) User=0.69s Sys=0.01s Real=0.10s
[2025-09-04T11:38:23.697+0000][gc,start      ] GC(15) Pause Young (Normal) (G1 Evacuation Pause)
[2025-09-04T11:38:23.698+0000][gc,task       ] GC(15) Using 8 workers of 8 for evacuation
[2025-09-04T11:38:23.745+0000][gc,mmu        ] GC(15) MMU target violated: 21.0ms (20.0ms/21.0ms)
[2025-09-04T11:38:23.746+0000][gc,phases     ] GC(15)   Pre Evacuate Collection Set: 7.6ms
[2025-09-04T11:38:23.746+0000][gc,phases     ] GC(15)   Evacuate Collection Set: 37.1ms
[2025-09-04T11:38:23.746+0000][gc,phases     ] GC(15)   Post Evacuate Collection Set: 0.9ms
[2025-09-04T11:38:23.746+0000][gc,phases     ] GC(15)   Other: 3.4ms
[2025-09-04T11:38:23.746+0000][gc,heap       ] GC(15) Eden regions: 44->0(47)
[2025-09-04T11:38:23.746+0000][gc,heap       ] GC(15) Survivor regions: 7->4(7)
[2025-09-04T11:38:23.746+0000][gc,heap       ] GC(15) Old regions: 15->17
[2025-09-04T11:38:23.746+0000][gc,heap       ] GC(15) Humongous regions: 129->129
[2025-09-04T11:38:23.746+0000][gc,metaspace  ] GC(15) Metaspace: 52510K(55216K)->52510K(55216K) NonClass: 46324K(47792K)->46324K(47792K) Class: 6185K(7424K)->6185K(7424K)
[2025-09-04T11:38:23.746+0000][gc            ] GC(15) Pause Young (Normal) (G1 Evacuation Pause) 194M->149M(1024M) 49.220ms
[2025-09-04T11:38:23.746+0000][gc,cpu        ] GC(15) User=0.28s Sys=0.00s Real=0.05s
[2025-09-04T11:56:36.675+0000][gc,start      ] GC(16) Pause Young (Normal) (G1 Evacuation Pause)
[2025-09-04T11:56:36.680+0000][gc,task       ] GC(16) Using 8 workers of 8 for evacuation
[2025-09-04T11:56:36.728+0000][gc,mmu        ] GC(16) MMU target violated: 21.0ms (20.0ms/21.0ms)
[2025-09-04T11:56:36.728+0000][gc,phases     ] GC(16)   Pre Evacuate Collection Set: 5.6ms
[2025-09-04T11:56:36.728+0000][gc,phases     ] GC(16)   Evacuate Collection Set: 38.4ms
[2025-09-04T11:56:36.728+0000][gc,phases     ] GC(16)   Post Evacuate Collection Set: 1.4ms
[2025-09-04T11:56:36.728+0000][gc,phases     ] GC(16)   Other: 7.6ms
[2025-09-04T11:56:36.728+0000][gc,heap       ] GC(16) Eden regions: 47->0(47)
[2025-09-04T11:56:36.728+0000][gc,heap       ] GC(16) Survivor regions: 4->4(7)
[2025-09-04T11:56:36.728+0000][gc,heap       ] GC(16) Old regions: 17->17
[2025-09-04T11:56:36.728+0000][gc,heap       ] GC(16) Humongous regions: 129->129
[2025-09-04T11:56:36.729+0000][gc,metaspace  ] GC(16) Metaspace: 52528K(55216K)->52528K(55216K) NonClass: 46342K(47792K)->46342K(47792K) Class: 6185K(7424K)->6185K(7424K)
[2025-09-04T11:56:36.729+0000][gc            ] GC(16) Pause Young (Normal) (G1 Evacuation Pause) 196M->149M(1024M) 53.405ms
[2025-09-04T11:56:36.729+0000][gc,cpu        ] GC(16) User=0.30s Sys=0.00s Real=0.05s
[2025-09-04T12:04:12.575+0000][gc,start      ] GC(17) Pause Young (Normal) (G1 Evacuation Pause)
[2025-09-04T12:04:12.577+0000][gc,task       ] GC(17) Using 8 workers of 8 for evacuation
[2025-09-04T12:04:12.618+0000][gc,mmu        ] GC(17) MMU target violated: 21.0ms (20.0ms/21.0ms)
[2025-09-04T12:04:12.618+0000][gc,phases     ] GC(17)   Pre Evacuate Collection Set: 6.4ms
[2025-09-04T12:04:12.619+0000][gc,phases     ] GC(17)   Evacuate Collection Set: 31.7ms
[2025-09-04T12:04:12.619+0000][gc,phases     ] GC(17)   Post Evacuate Collection Set: 1.0ms
[2025-09-04T12:04:12.619+0000][gc,phases     ] GC(17)   Other: 4.6ms
[2025-09-04T12:04:12.619+0000][gc,heap       ] GC(17) Eden regions: 47->0(47)
[2025-09-04T12:04:12.619+0000][gc,heap       ] GC(17) Survivor regions: 4->4(7)
[2025-09-04T12:04:12.619+0000][gc,heap       ] GC(17) Old regions: 17->17
[2025-09-04T12:04:12.619+0000][gc,heap       ] GC(17) Humongous regions: 129->129
[2025-09-04T12:04:12.619+0000][gc,metaspace  ] GC(17) Metaspace: 52540K(55216K)->52540K(55216K) NonClass: 46355K(47792K)->46355K(47792K) Class: 6185K(7424K)->6185K(7424K)
[2025-09-04T12:04:12.620+0000][gc            ] GC(17) Pause Young (Normal) (G1 Evacuation Pause) 196M->149M(1024M) 44.448ms
[2025-09-04T12:04:12.620+0000][gc,cpu        ] GC(17) User=0.23s Sys=0.01s Real=0.04s
[2025-09-04T12:07:25.131+0000][gc,start      ] GC(18) Pause Young (Normal) (G1 Evacuation Pause)
[2025-09-04T12:07:25.133+0000][gc,task       ] GC(18) Using 8 workers of 8 for evacuation
[2025-09-04T12:07:25.210+0000][gc,mmu        ] GC(18) MMU target violated: 21.0ms (20.0ms/21.0ms)
[2025-09-04T12:07:25.210+0000][gc,phases     ] GC(18)   Pre Evacuate Collection Set: 7.0ms
[2025-09-04T12:07:25.210+0000][gc,phases     ] GC(18)   Evacuate Collection Set: 66.1ms
[2025-09-04T12:07:25.210+0000][gc,phases     ] GC(18)   Post Evacuate Collection Set: 1.3ms
[2025-09-04T12:07:25.210+0000][gc,phases     ] GC(18)   Other: 4.9ms
[2025-09-04T12:07:25.210+0000][gc,heap       ] GC(18) Eden regions: 47->0(44)
[2025-09-04T12:07:25.210+0000][gc,heap       ] GC(18) Survivor regions: 4->7(7)
[2025-09-04T12:07:25.210+0000][gc,heap       ] GC(18) Old regions: 17->18
[2025-09-04T12:07:25.210+0000][gc,heap       ] GC(18) Humongous regions: 129->129
[2025-09-04T12:07:25.211+0000][gc,metaspace  ] GC(18) Metaspace: 52612K(55216K)->52612K(55216K) NonClass: 46417K(47792K)->46417K(47792K) Class: 6194K(7424K)->6194K(7424K)
[2025-09-04T12:07:25.211+0000][gc            ] GC(18) Pause Young (Normal) (G1 Evacuation Pause) 196M->153M(1024M) 79.305ms
[2025-09-04T12:07:25.211+0000][gc,cpu        ] GC(18) User=0.51s Sys=0.01s Real=0.08s
[2025-09-04T12:10:26.475+0000][gc,start      ] GC(19) Pause Young (Normal) (G1 Evacuation Pause)
[2025-09-04T12:10:26.477+0000][gc,task       ] GC(19) Using 8 workers of 8 for evacuation
[2025-09-04T12:10:26.542+0000][gc,mmu        ] GC(19) MMU target violated: 21.0ms (20.0ms/21.0ms)
[2025-09-04T12:10:26.543+0000][gc,phases     ] GC(19)   Pre Evacuate Collection Set: 3.3ms
[2025-09-04T12:10:26.543+0000][gc,phases     ] GC(19)   Evacuate Collection Set: 58.8ms
[2025-09-04T12:10:26.543+0000][gc,phases     ] GC(19)   Post Evacuate Collection Set: 2.8ms
[2025-09-04T12:10:26.543+0000][gc,phases     ] GC(19)   Other: 3.4ms
[2025-09-04T12:10:26.543+0000][gc,heap       ] GC(19) Eden regions: 44->0(47)
[2025-09-04T12:10:26.543+0000][gc,heap       ] GC(19) Survivor regions: 7->4(7)
[2025-09-04T12:10:26.543+0000][gc,heap       ] GC(19) Old regions: 18->22
[2025-09-04T12:10:26.544+0000][gc,heap       ] GC(19) Humongous regions: 129->129
[2025-09-04T12:10:26.544+0000][gc,metaspace  ] GC(19) Metaspace: 52639K(55216K)->52639K(55216K) NonClass: 46445K(47792K)->46445K(47792K) Class: 6194K(7424K)->6194K(7424K)
[2025-09-04T12:10:26.544+0000][gc            ] GC(19) Pause Young (Normal) (G1 Evacuation Pause) 197M->154M(1024M) 68.867ms
[2025-09-04T12:10:26.544+0000][gc,cpu        ] GC(19) User=0.44s Sys=0.02s Real=0.07s
[2025-09-04T12:15:17.257+0000][gc,start      ] GC(20) Pause Young (Normal) (G1 Evacuation Pause)
[2025-09-04T12:15:17.258+0000][gc,task       ] GC(20) Using 8 workers of 8 for evacuation
[2025-09-04T12:15:17.305+0000][gc,mmu        ] GC(20) MMU target violated: 21.0ms (20.0ms/21.0ms)
[2025-09-04T12:15:17.305+0000][gc,phases     ] GC(20)   Pre Evacuate Collection Set: 6.8ms
[2025-09-04T12:15:17.305+0000][gc,phases     ] GC(20)   Evacuate Collection Set: 37.6ms
[2025-09-04T12:15:17.305+0000][gc,phases     ] GC(20)   Post Evacuate Collection Set: 0.9ms
[2025-09-04T12:15:17.305+0000][gc,phases     ] GC(20)   Other: 3.8ms
[2025-09-04T12:15:17.305+0000][gc,heap       ] GC(20) Eden regions: 47->0(48)
[2025-09-04T12:15:17.305+0000][gc,heap       ] GC(20) Survivor regions: 4->3(7)
[2025-09-04T12:15:17.305+0000][gc,heap       ] GC(20) Old regions: 22->24
[2025-09-04T12:15:17.305+0000][gc,heap       ] GC(20) Humongous regions: 129->129
[2025-09-04T12:15:17.305+0000][gc,metaspace  ] GC(20) Metaspace: 52647K(55216K)->52647K(55216K) NonClass: 46452K(47792K)->46452K(47792K) Class: 6194K(7424K)->6194K(7424K)
[2025-09-04T12:15:17.306+0000][gc            ] GC(20) Pause Young (Normal) (G1 Evacuation Pause) 201M->155M(1024M) 48.668ms
[2025-09-04T12:15:17.306+0000][gc,cpu        ] GC(20) User=0.30s Sys=0.01s Real=0.05s
[2025-09-04T12:18:39.236+0000][gc,start      ] GC(21) Pause Young (Normal) (G1 Evacuation Pause)
[2025-09-04T12:18:39.238+0000][gc,task       ] GC(21) Using 8 workers of 8 for evacuation
[2025-09-04T12:18:39.291+0000][gc,mmu        ] GC(21) MMU target violated: 21.0ms (20.0ms/21.0ms)
[2025-09-04T12:18:39.291+0000][gc,phases     ] GC(21)   Pre Evacuate Collection Set: 7.1ms
[2025-09-04T12:18:39.291+0000][gc,phases     ] GC(21)   Evacuate Collection Set: 43.1ms
[2025-09-04T12:18:39.291+0000][gc,phases     ] GC(21)   Post Evacuate Collection Set: 1.3ms
[2025-09-04T12:18:39.291+0000][gc,phases     ] GC(21)   Other: 3.8ms
[2025-09-04T12:18:39.291+0000][gc,heap       ] GC(21) Eden regions: 48->0(47)
[2025-09-04T12:18:39.291+0000][gc,heap       ] GC(21) Survivor regions: 3->4(7)
[2025-09-04T12:18:39.291+0000][gc,heap       ] GC(21) Old regions: 24->24
[2025-09-04T12:18:39.291+0000][gc,heap       ] GC(21) Humongous regions: 129->129
[2025-09-04T12:18:39.291+0000][gc,metaspace  ] GC(21) Metaspace: 52650K(55216K)->52650K(55216K) NonClass: 46455K(47792K)->46455K(47792K) Class: 6194K(7424K)->6194K(7424K)
[2025-09-04T12:18:39.292+0000][gc            ] GC(21) Pause Young (Normal) (G1 Evacuation Pause) 203M->155M(1024M) 55.380ms
[2025-09-04T12:18:39.292+0000][gc,cpu        ] GC(21) User=0.33s Sys=0.00s Real=0.05s
[2025-09-04T12:21:35.522+0000][gc,start      ] GC(22) Pause Young (Normal) (G1 Evacuation Pause)
[2025-09-04T12:21:35.523+0000][gc,task       ] GC(22) Using 8 workers of 8 for evacuation
[2025-09-04T12:21:35.590+0000][gc,mmu        ] GC(22) MMU target violated: 21.0ms (20.0ms/21.0ms)
[2025-09-04T12:21:35.591+0000][gc,phases     ] GC(22)   Pre Evacuate Collection Set: 6.1ms
[2025-09-04T12:21:35.591+0000][gc,phases     ] GC(22)   Evacuate Collection Set: 58.4ms
[2025-09-04T12:21:35.591+0000][gc,phases     ] GC(22)   Post Evacuate Collection Set: 1.3ms
[2025-09-04T12:21:35.591+0000][gc,phases     ] GC(22)   Other: 3.4ms
[2025-09-04T12:21:35.591+0000][gc,heap       ] GC(22) Eden regions: 47->0(44)
[2025-09-04T12:21:35.591+0000][gc,heap       ] GC(22) Survivor regions: 4->7(7)
[2025-09-04T12:21:35.591+0000][gc,heap       ] GC(22) Old regions: 24->24
[2025-09-04T12:21:35.591+0000][gc,heap       ] GC(22) Humongous regions: 129->129
[2025-09-04T12:21:35.591+0000][gc,metaspace  ] GC(22) Metaspace: 53011K(55856K)->53011K(55856K) NonClass: 46746K(48304K)->46746K(48304K) Class: 6265K(7552K)->6265K(7552K)
[2025-09-04T12:21:35.591+0000][gc            ] GC(22) Pause Young (Normal) (G1 Evacuation Pause) 202M->159M(1024M) 69.084ms
[2025-09-04T12:21:35.591+0000][gc,cpu        ] GC(22) User=0.44s Sys=0.00s Real=0.07s
[2025-09-04T12:23:51.901+0000][gc,start      ] GC(23) Pause Young (Normal) (G1 Evacuation Pause)
[2025-09-04T12:23:51.903+0000][gc,task       ] GC(23) Using 8 workers of 8 for evacuation
[2025-09-04T12:23:51.995+0000][gc,mmu        ] GC(23) MMU target violated: 21.0ms (20.0ms/21.0ms)
[2025-09-04T12:23:51.995+0000][gc,phases     ] GC(23)   Pre Evacuate Collection Set: 9.4ms
[2025-09-04T12:23:51.995+0000][gc,phases     ] GC(23)   Evacuate Collection Set: 78.8ms
[2025-09-04T12:23:51.995+0000][gc,phases     ] GC(23)   Post Evacuate Collection Set: 1.2ms
[2025-09-04T12:23:51.995+0000][gc,phases     ] GC(23)   Other: 5.1ms
[2025-09-04T12:23:51.995+0000][gc,heap       ] GC(23) Eden regions: 44->0(46)
[2025-09-04T12:23:51.995+0000][gc,heap       ] GC(23) Survivor regions: 7->5(7)
[2025-09-04T12:23:51.995+0000][gc,heap       ] GC(23) Old regions: 24->28
[2025-09-04T12:23:51.995+0000][gc,heap       ] GC(23) Humongous regions: 129->129
[2025-09-04T12:23:51.995+0000][gc,metaspace  ] GC(23) Metaspace: 53222K(56112K)->53222K(56112K) NonClass: 46943K(48560K)->46943K(48560K) Class: 6279K(7552K)->6279K(7552K)
[2025-09-04T12:23:51.995+0000][gc            ] GC(23) Pause Young (Normal) (G1 Evacuation Pause) 203M->161M(1024M) 94.434ms
[2025-09-04T12:23:51.995+0000][gc,cpu        ] GC(23) User=0.49s Sys=0.03s Real=0.10s
[2025-09-04T12:27:05.083+0000][gc,start      ] GC(24) Pause Young (Normal) (G1 Evacuation Pause)
[2025-09-04T12:27:05.085+0000][gc,task       ] GC(24) Using 8 workers of 8 for evacuation
[2025-09-04T12:27:05.150+0000][gc,mmu        ] GC(24) MMU target violated: 21.0ms (20.0ms/21.0ms)
[2025-09-04T12:27:05.151+0000][gc,phases     ] GC(24)   Pre Evacuate Collection Set: 6.3ms
[2025-09-04T12:27:05.151+0000][gc,phases     ] GC(24)   Evacuate Collection Set: 55.2ms
[2025-09-04T12:27:05.151+0000][gc,phases     ] GC(24)   Post Evacuate Collection Set: 1.2ms
[2025-09-04T12:27:05.151+0000][gc,phases     ] GC(24)   Other: 6.2ms
[2025-09-04T12:27:05.151+0000][gc,heap       ] GC(24) Eden regions: 46->0(47)
[2025-09-04T12:27:05.151+0000][gc,heap       ] GC(24) Survivor regions: 5->4(7)
[2025-09-04T12:27:05.151+0000][gc,heap       ] GC(24) Old regions: 28->30
[2025-09-04T12:27:05.151+0000][gc,heap       ] GC(24) Humongous regions: 129->129
[2025-09-04T12:27:05.151+0000][gc,metaspace  ] GC(24) Metaspace: 53233K(56112K)->53233K(56112K) NonClass: 46954K(48560K)->46954K(48560K) Class: 6279K(7552K)->6279K(7552K)
[2025-09-04T12:27:05.151+0000][gc            ] GC(24) Pause Young (Normal) (G1 Evacuation Pause) 207M->161M(1024M) 68.919ms
[2025-09-04T12:27:05.151+0000][gc,cpu        ] GC(24) User=0.42s Sys=0.02s Real=0.07s
[2025-09-04T12:29:48.268+0000][gc,start      ] GC(25) Pause Young (Normal) (G1 Evacuation Pause)
[2025-09-04T12:29:48.270+0000][gc,task       ] GC(25) Using 8 workers of 8 for evacuation
[2025-09-04T12:29:48.328+0000][gc,mmu        ] GC(25) MMU target violated: 21.0ms (20.0ms/21.0ms)
[2025-09-04T12:29:48.328+0000][gc,phases     ] GC(25)   Pre Evacuate Collection Set: 11.1ms
[2025-09-04T12:29:48.328+0000][gc,phases     ] GC(25)   Evacuate Collection Set: 43.9ms
[2025-09-04T12:29:48.328+0000][gc,phases     ] GC(25)   Post Evacuate Collection Set: 1.2ms
[2025-09-04T12:29:48.328+0000][gc,phases     ] GC(25)   Other: 4.6ms
[2025-09-04T12:29:48.328+0000][gc,heap       ] GC(25) Eden regions: 47->0(46)
[2025-09-04T12:29:48.328+0000][gc,heap       ] GC(25) Survivor regions: 4->5(7)
[2025-09-04T12:29:48.328+0000][gc,heap       ] GC(25) Old regions: 30->30
[2025-09-04T12:29:48.328+0000][gc,heap       ] GC(25) Humongous regions: 129->129
[2025-09-04T12:29:48.328+0000][gc,metaspace  ] GC(25) Metaspace: 53294K(56112K)->53294K(56112K) NonClass: 47012K(48560K)->47012K(48560K) Class: 6281K(7552K)->6281K(7552K)
[2025-09-04T12:29:48.328+0000][gc            ] GC(25) Pause Young (Normal) (G1 Evacuation Pause) 208M->162M(1024M) 60.831ms
[2025-09-04T12:29:48.328+0000][gc,cpu        ] GC(25) User=0.34s Sys=0.00s Real=0.07s
[2025-09-04T12:31:21.351+0000][gc,start      ] GC(26) Pause Young (Normal) (G1 Evacuation Pause)
[2025-09-04T12:31:21.355+0000][gc,task       ] GC(26) Using 8 workers of 8 for evacuation
[2025-09-04T12:31:21.548+0000][gc,mmu        ] GC(26) MMU target violated: 21.0ms (20.0ms/21.0ms)
[2025-09-04T12:31:21.580+0000][gc,phases     ] GC(26)   Pre Evacuate Collection Set: 14.6ms
[2025-09-04T12:31:21.581+0000][gc,phases     ] GC(26)   Evacuate Collection Set: 162.4ms
[2025-09-04T12:31:21.581+0000][gc,phases     ] GC(26)   Post Evacuate Collection Set: 12.6ms
[2025-09-04T12:31:21.581+0000][gc,phases     ] GC(26)   Other: 40.1ms
[2025-09-04T12:31:21.583+0000][gc,heap       ] GC(26) Eden regions: 46->0(45)
[2025-09-04T12:31:21.583+0000][gc,heap       ] GC(26) Survivor regions: 5->6(7)
[2025-09-04T12:31:21.583+0000][gc,heap       ] GC(26) Old regions: 30->31
[2025-09-04T12:31:21.583+0000][gc,heap       ] GC(26) Humongous regions: 129->129
[2025-09-04T12:31:21.583+0000][gc,metaspace  ] GC(26) Metaspace: 54082K(57136K)->54082K(57136K) NonClass: 47639K(49328K)->47639K(49328K) Class: 6442K(7808K)->6442K(7808K)
[2025-09-04T12:31:21.583+0000][gc            ] GC(26) Pause Young (Normal) (G1 Evacuation Pause) 208M->164M(1024M) 232.095ms
[2025-09-04T12:31:21.584+0000][gc,cpu        ] GC(26) User=0.94s Sys=0.08s Real=0.23s
[2025-09-04T12:34:21.380+0000][gc,start      ] GC(27) Pause Young (Normal) (G1 Evacuation Pause)
[2025-09-04T12:34:21.381+0000][gc,task       ] GC(27) Using 8 workers of 8 for evacuation
[2025-09-04T12:34:21.527+0000][gc,mmu        ] GC(27) MMU target violated: 21.0ms (20.0ms/21.0ms)
[2025-09-04T12:34:21.527+0000][gc,phases     ] GC(27)   Pre Evacuate Collection Set: 5.4ms
[2025-09-04T12:34:21.527+0000][gc,phases     ] GC(27)   Evacuate Collection Set: 131.4ms
[2025-09-04T12:34:21.528+0000][gc,phases     ] GC(27)   Post Evacuate Collection Set: 7.1ms
[2025-09-04T12:34:21.528+0000][gc,phases     ] GC(27)   Other: 4.2ms
[2025-09-04T12:34:21.528+0000][gc,heap       ] GC(27) Eden regions: 45->0(45)
[2025-09-04T12:34:21.528+0000][gc,heap       ] GC(27) Survivor regions: 6->6(7)
[2025-09-04T12:34:21.528+0000][gc,heap       ] GC(27) Old regions: 31->32
[2025-09-04T12:34:21.528+0000][gc,heap       ] GC(27) Humongous regions: 129->129
[2025-09-04T12:34:21.528+0000][gc,metaspace  ] GC(27) Metaspace: 54103K(57136K)->54103K(57136K) NonClass: 47660K(49328K)->47660K(49328K) Class: 6442K(7808K)->6442K(7808K)
[2025-09-04T12:34:21.528+0000][gc            ] GC(27) Pause Young (Normal) (G1 Evacuation Pause) 209M->166M(1024M) 148.316ms
[2025-09-04T12:34:21.528+0000][gc,cpu        ] GC(27) User=0.93s Sys=0.01s Real=0.15s
[2025-09-04T12:36:49.381+0000][gc,start      ] GC(28) Pause Young (Normal) (G1 Evacuation Pause)
[2025-09-04T12:36:49.382+0000][gc,task       ] GC(28) Using 8 workers of 8 for evacuation
[2025-09-04T12:36:49.451+0000][gc,mmu        ] GC(28) MMU target violated: 21.0ms (20.0ms/21.0ms)
[2025-09-04T12:36:49.451+0000][gc,phases     ] GC(28)   Pre Evacuate Collection Set: 4.7ms
[2025-09-04T12:36:49.451+0000][gc,phases     ] GC(28)   Evacuate Collection Set: 59.8ms
[2025-09-04T12:36:49.451+0000][gc,phases     ] GC(28)   Post Evacuate Collection Set: 1.7ms
[2025-09-04T12:36:49.451+0000][gc,phases     ] GC(28)   Other: 4.0ms
[2025-09-04T12:36:49.451+0000][gc,heap       ] GC(28) Eden regions: 45->0(47)
[2025-09-04T12:36:49.451+0000][gc,heap       ] GC(28) Survivor regions: 6->4(7)
[2025-09-04T12:36:49.451+0000][gc,heap       ] GC(28) Old regions: 32->36
[2025-09-04T12:36:49.451+0000][gc,heap       ] GC(28) Humongous regions: 129->129
[2025-09-04T12:36:49.452+0000][gc,metaspace  ] GC(28) Metaspace: 54380K(57520K)->54380K(57520K) NonClass: 47906K(49584K)->47906K(49584K) Class: 6474K(7936K)->6474K(7936K)
[2025-09-04T12:36:49.452+0000][gc            ] GC(28) Pause Young (Normal) (G1 Evacuation Pause) 211M->167M(1024M) 70.230ms
[2025-09-04T12:36:49.452+0000][gc,cpu        ] GC(28) User=0.37s Sys=0.08s Real=0.07s
[2025-09-04T12:39:37.022+0000][gc,start      ] GC(29) Pause Young (Normal) (G1 Evacuation Pause)
[2025-09-04T12:39:37.028+0000][gc,task       ] GC(29) Using 8 workers of 8 for evacuation
[2025-09-04T12:39:37.088+0000][gc,mmu        ] GC(29) MMU target violated: 21.0ms (20.0ms/21.0ms)
[2025-09-04T12:39:37.089+0000][gc,phases     ] GC(29)   Pre Evacuate Collection Set: 6.1ms
[2025-09-04T12:39:37.089+0000][gc,phases     ] GC(29)   Evacuate Collection Set: 50.6ms
[2025-09-04T12:39:37.089+0000][gc,phases     ] GC(29)   Post Evacuate Collection Set: 2.3ms
[2025-09-04T12:39:37.089+0000][gc,phases     ] GC(29)   Other: 8.7ms
[2025-09-04T12:39:37.089+0000][gc,heap       ] GC(29) Eden regions: 47->0(46)
[2025-09-04T12:39:37.089+0000][gc,heap       ] GC(29) Survivor regions: 4->5(7)
[2025-09-04T12:39:37.089+0000][gc,heap       ] GC(29) Old regions: 36->36
[2025-09-04T12:39:37.089+0000][gc,heap       ] GC(29) Humongous regions: 129->129
[2025-09-04T12:39:37.089+0000][gc,metaspace  ] GC(29) Metaspace: 54381K(57520K)->54381K(57520K) NonClass: 47907K(49584K)->47907K(49584K) Class: 6474K(7936K)->6474K(7936K)
[2025-09-04T12:39:37.089+0000][gc            ] GC(29) Pause Young (Normal) (G1 Evacuation Pause) 214M->168M(1024M) 67.700ms
[2025-09-04T12:39:37.089+0000][gc,cpu        ] GC(29) User=0.37s Sys=0.00s Real=0.07s
[2025-09-04T12:57:23.264+0000][gc,start      ] GC(30) Pause Young (Normal) (G1 Evacuation Pause)
[2025-09-04T12:57:23.269+0000][gc,task       ] GC(30) Using 8 workers of 8 for evacuation
[2025-09-04T12:57:23.325+0000][gc,mmu        ] GC(30) MMU target violated: 21.0ms (20.0ms/21.0ms)
[2025-09-04T12:57:23.325+0000][gc,phases     ] GC(30)   Pre Evacuate Collection Set: 12.3ms
[2025-09-04T12:57:23.326+0000][gc,phases     ] GC(30)   Evacuate Collection Set: 39.4ms
[2025-09-04T12:57:23.326+0000][gc,phases     ] GC(30)   Post Evacuate Collection Set: 1.4ms
[2025-09-04T12:57:23.326+0000][gc,phases     ] GC(30)   Other: 10.0ms
[2025-09-04T12:57:23.326+0000][gc,heap       ] GC(30) Eden regions: 46->0(46)
[2025-09-04T12:57:23.326+0000][gc,heap       ] GC(30) Survivor regions: 5->5(7)
[2025-09-04T12:57:23.326+0000][gc,heap       ] GC(30) Old regions: 36->37
[2025-09-04T12:57:23.326+0000][gc,heap       ] GC(30) Humongous regions: 129->129
[2025-09-04T12:57:23.326+0000][gc,metaspace  ] GC(30) Metaspace: 54387K(57520K)->54387K(57520K) NonClass: 47913K(49584K)->47913K(49584K) Class: 6474K(7936K)->6474K(7936K)
[2025-09-04T12:57:23.326+0000][gc            ] GC(30) Pause Young (Normal) (G1 Evacuation Pause) 214M->170M(1024M) 62.203ms
[2025-09-04T12:57:23.326+0000][gc,cpu        ] GC(30) User=0.31s Sys=0.00s Real=0.06s
[2025-09-04T13:15:21.889+0000][gc,start      ] GC(31) Pause Young (Normal) (G1 Evacuation Pause)
[2025-09-04T13:15:21.895+0000][gc,task       ] GC(31) Using 8 workers of 8 for evacuation
[2025-09-04T13:15:21.966+0000][gc,mmu        ] GC(31) MMU target violated: 21.0ms (20.0ms/21.0ms)
[2025-09-04T13:15:21.966+0000][gc,phases     ] GC(31)   Pre Evacuate Collection Set: 14.5ms
[2025-09-04T13:15:21.966+0000][gc,phases     ] GC(31)   Evacuate Collection Set: 52.6ms
[2025-09-04T13:15:21.967+0000][gc,phases     ] GC(31)   Post Evacuate Collection Set: 1.5ms
[2025-09-04T13:15:21.967+0000][gc,phases     ] GC(31)   Other: 9.6ms
[2025-09-04T13:15:21.967+0000][gc,heap       ] GC(31) Eden regions: 46->0(45)
[2025-09-04T13:15:21.967+0000][gc,heap       ] GC(31) Survivor regions: 5->6(7)
[2025-09-04T13:15:21.967+0000][gc,heap       ] GC(31) Old regions: 37->39
[2025-09-04T13:15:21.967+0000][gc,heap       ] GC(31) Humongous regions: 129->129
[2025-09-04T13:15:21.967+0000][gc,metaspace  ] GC(31) Metaspace: 54395K(57520K)->54395K(57520K) NonClass: 47921K(49584K)->47921K(49584K) Class: 6474K(7936K)->6474K(7936K)
[2025-09-04T13:15:21.967+0000][gc            ] GC(31) Pause Young (Normal) (G1 Evacuation Pause) 216M->173M(1024M) 77.657ms
[2025-09-04T13:15:21.967+0000][gc,cpu        ] GC(31) User=0.41s Sys=0.01s Real=0.08s
[2025-09-04T13:18:03.237+0000][gc,start      ] GC(32) Pause Young (Normal) (G1 Evacuation Pause)
[2025-09-04T13:18:03.241+0000][gc,task       ] GC(32) Using 8 workers of 8 for evacuation
[2025-09-04T13:18:03.322+0000][gc,mmu        ] GC(32) MMU target violated: 21.0ms (20.0ms/21.0ms)
[2025-09-04T13:18:03.322+0000][gc,phases     ] GC(32)   Pre Evacuate Collection Set: 14.8ms
[2025-09-04T13:18:03.322+0000][gc,phases     ] GC(32)   Evacuate Collection Set: 61.6ms
[2025-09-04T13:18:03.322+0000][gc,phases     ] GC(32)   Post Evacuate Collection Set: 2.0ms
[2025-09-04T13:18:03.322+0000][gc,phases     ] GC(32)   Other: 6.7ms
[2025-09-04T13:18:03.322+0000][gc,heap       ] GC(32) Eden regions: 45->0(48)
[2025-09-04T13:18:03.322+0000][gc,heap       ] GC(32) Survivor regions: 6->3(7)
[2025-09-04T13:18:03.322+0000][gc,heap       ] GC(32) Old regions: 39->42
[2025-09-04T13:18:03.322+0000][gc,heap       ] GC(32) Humongous regions: 129->129
[2025-09-04T13:18:03.322+0000][gc,metaspace  ] GC(32) Metaspace: 54396K(57520K)->54396K(57520K) NonClass: 47922K(49584K)->47922K(49584K) Class: 6474K(7936K)->6474K(7936K)
[2025-09-04T13:18:03.322+0000][gc            ] GC(32) Pause Young (Normal) (G1 Evacuation Pause) 218M->173M(1024M) 85.027ms
[2025-09-04T13:18:03.322+0000][gc,cpu        ] GC(32) User=0.36s Sys=0.14s Real=0.08s
[2025-09-04T13:20:56.411+0000][gc,start      ] GC(33) Pause Young (Normal) (G1 Evacuation Pause)
[2025-09-04T13:20:56.415+0000][gc,task       ] GC(33) Using 8 workers of 8 for evacuation
[2025-09-04T13:20:56.468+0000][gc,mmu        ] GC(33) MMU target violated: 21.0ms (20.0ms/21.0ms)
[2025-09-04T13:20:56.469+0000][gc,phases     ] GC(33)   Pre Evacuate Collection Set: 4.5ms
[2025-09-04T13:20:56.469+0000][gc,phases     ] GC(33)   Evacuate Collection Set: 45.3ms
[2025-09-04T13:20:56.469+0000][gc,phases     ] GC(33)   Post Evacuate Collection Set: 1.9ms
[2025-09-04T13:20:56.469+0000][gc,phases     ] GC(33)   Other: 5.6ms
[2025-09-04T13:20:56.469+0000][gc,heap       ] GC(33) Eden regions: 48->0(47)
[2025-09-04T13:20:56.469+0000][gc,heap       ] GC(33) Survivor regions: 3->4(7)
[2025-09-04T13:20:56.469+0000][gc,heap       ] GC(33) Old regions: 42->42
[2025-09-04T13:20:56.469+0000][gc,heap       ] GC(33) Humongous regions: 129->129
[2025-09-04T13:20:56.469+0000][gc,metaspace  ] GC(33) Metaspace: 54410K(57520K)->54410K(57520K) NonClass: 47936K(49584K)->47936K(49584K) Class: 6474K(7936K)->6474K(7936K)
[2025-09-04T13:20:56.469+0000][gc            ] GC(33) Pause Young (Normal) (G1 Evacuation Pause) 221M->174M(1024M) 57.630ms
[2025-09-04T13:20:56.469+0000][gc,cpu        ] GC(33) User=0.36s Sys=0.00s Real=0.06s
[2025-09-04T13:23:43.845+0000][gc,start      ] GC(34) Pause Young (Normal) (G1 Evacuation Pause)
[2025-09-04T13:23:43.848+0000][gc,task       ] GC(34) Using 8 workers of 8 for evacuation
[2025-09-04T13:23:43.911+0000][gc,mmu        ] GC(34) MMU target violated: 21.0ms (20.0ms/21.0ms)
[2025-09-04T13:23:43.911+0000][gc,phases     ] GC(34)   Pre Evacuate Collection Set: 14.5ms
[2025-09-04T13:23:43.911+0000][gc,phases     ] GC(34)   Evacuate Collection Set: 44.2ms
[2025-09-04T13:23:43.911+0000][gc,phases     ] GC(34)   Post Evacuate Collection Set: 1.6ms
[2025-09-04T13:23:43.911+0000][gc,phases     ] GC(34)   Other: 8.2ms
[2025-09-04T13:23:43.911+0000][gc,heap       ] GC(34) Eden regions: 47->0(46)
[2025-09-04T13:23:43.911+0000][gc,heap       ] GC(34) Survivor regions: 4->5(7)
[2025-09-04T13:23:43.912+0000][gc,heap       ] GC(34) Old regions: 42->44
[2025-09-04T13:23:43.912+0000][gc,heap       ] GC(34) Humongous regions: 129->129
[2025-09-04T13:23:43.912+0000][gc,metaspace  ] GC(34) Metaspace: 54429K(57520K)->54429K(57520K) NonClass: 47955K(49584K)->47955K(49584K) Class: 6474K(7936K)->6474K(7936K)
[2025-09-04T13:23:43.912+0000][gc            ] GC(34) Pause Young (Normal) (G1 Evacuation Pause) 221M->177M(1024M) 67.271ms
[2025-09-04T13:23:43.912+0000][gc,cpu        ] GC(34) User=0.35s Sys=0.02s Real=0.06s
[2025-09-04T13:26:31.338+0000][gc,start      ] GC(35) Pause Young (Normal) (G1 Evacuation Pause)
[2025-09-04T13:26:31.339+0000][gc,task       ] GC(35) Using 8 workers of 8 for evacuation
[2025-09-04T13:26:31.379+0000][gc,mmu        ] GC(35) MMU target violated: 21.0ms (20.0ms/21.0ms)
[2025-09-04T13:26:31.380+0000][gc,phases     ] GC(35)   Pre Evacuate Collection Set: 3.1ms
[2025-09-04T13:26:31.380+0000][gc,phases     ] GC(35)   Evacuate Collection Set: 34.5ms
[2025-09-04T13:26:31.381+0000][gc,phases     ] GC(35)   Post Evacuate Collection Set: 1.7ms
[2025-09-04T13:26:31.381+0000][gc,phases     ] GC(35)   Other: 3.2ms
[2025-09-04T13:26:31.381+0000][gc,heap       ] GC(35) Eden regions: 46->0(46)
[2025-09-04T13:26:31.381+0000][gc,heap       ] GC(35) Survivor regions: 5->5(7)
[2025-09-04T13:26:31.381+0000][gc,heap       ] GC(35) Old regions: 44->45
[2025-09-04T13:26:31.382+0000][gc,heap       ] GC(35) Humongous regions: 129->129
[2025-09-04T13:26:31.382+0000][gc,metaspace  ] GC(35) Metaspace: 54431K(57520K)->54431K(57520K) NonClass: 47957K(49584K)->47957K(49584K) Class: 6474K(7936K)->6474K(7936K)
[2025-09-04T13:26:31.382+0000][gc            ] GC(35) Pause Young (Normal) (G1 Evacuation Pause) 223M->178M(1024M) 43.684ms
[2025-09-04T13:26:31.382+0000][gc,cpu        ] GC(35) User=0.20s Sys=0.03s Real=0.05s
[2025-09-04T13:29:18.196+0000][gc,start      ] GC(36) Pause Young (Normal) (G1 Evacuation Pause)
[2025-09-04T13:29:18.198+0000][gc,task       ] GC(36) Using 8 workers of 8 for evacuation
[2025-09-04T13:29:18.260+0000][gc,mmu        ] GC(36) MMU target violated: 21.0ms (20.0ms/21.0ms)
[2025-09-04T13:29:18.260+0000][gc,phases     ] GC(36)   Pre Evacuate Collection Set: 5.6ms
[2025-09-04T13:29:18.260+0000][gc,phases     ] GC(36)   Evacuate Collection Set: 53.6ms
[2025-09-04T13:29:18.260+0000][gc,phases     ] GC(36)   Post Evacuate Collection Set: 1.4ms
[2025-09-04T13:29:18.260+0000][gc,phases     ] GC(36)   Other: 3.5ms
[2025-09-04T13:29:18.260+0000][gc,heap       ] GC(36) Eden regions: 46->0(47)
[2025-09-04T13:29:18.260+0000][gc,heap       ] GC(36) Survivor regions: 5->4(7)
[2025-09-04T13:29:18.260+0000][gc,heap       ] GC(36) Old regions: 45->47
[2025-09-04T13:29:18.260+0000][gc,heap       ] GC(36) Humongous regions: 129->129
[2025-09-04T13:29:18.260+0000][gc,metaspace  ] GC(36) Metaspace: 54433K(57520K)->54433K(57520K) NonClass: 47959K(49584K)->47959K(49584K) Class: 6474K(7936K)->6474K(7936K)
[2025-09-04T13:29:18.261+0000][gc            ] GC(36) Pause Young (Normal) (G1 Evacuation Pause) 224M->179M(1024M) 64.693ms
[2025-09-04T13:29:18.261+0000][gc,cpu        ] GC(36) User=0.41s Sys=0.02s Real=0.07s
[2025-09-04T13:32:09.415+0000][gc,start      ] GC(37) Pause Young (Normal) (G1 Evacuation Pause)
[2025-09-04T13:32:09.416+0000][gc,task       ] GC(37) Using 8 workers of 8 for evacuation
[2025-09-04T13:32:09.472+0000][gc,mmu        ] GC(37) MMU target violated: 21.0ms (20.0ms/21.0ms)
[2025-09-04T13:32:09.472+0000][gc,phases     ] GC(37)   Pre Evacuate Collection Set: 15.5ms
[2025-09-04T13:32:09.472+0000][gc,phases     ] GC(37)   Evacuate Collection Set: 38.1ms
[2025-09-04T13:32:09.472+0000][gc,phases     ] GC(37)   Post Evacuate Collection Set: 1.2ms
[2025-09-04T13:32:09.472+0000][gc,phases     ] GC(37)   Other: 3.5ms
[2025-09-04T13:32:09.473+0000][gc,heap       ] GC(37) Eden regions: 47->0(46)
[2025-09-04T13:32:09.473+0000][gc,heap       ] GC(37) Survivor regions: 4->5(7)
[2025-09-04T13:32:09.473+0000][gc,heap       ] GC(37) Old regions: 47->49
[2025-09-04T13:32:09.473+0000][gc,heap       ] GC(37) Humongous regions: 129->129
[2025-09-04T13:32:09.473+0000][gc,metaspace  ] GC(37) Metaspace: 54441K(57520K)->54441K(57520K) NonClass: 47966K(49584K)->47966K(49584K) Class: 6474K(7936K)->6474K(7936K)
[2025-09-04T13:32:09.473+0000][gc            ] GC(37) Pause Young (Normal) (G1 Evacuation Pause) 226M->181M(1024M) 57.990ms
[2025-09-04T13:32:09.473+0000][gc,cpu        ] GC(37) User=0.29s Sys=0.02s Real=0.05s
[2025-09-04T13:34:53.174+0000][gc,start      ] GC(38) Pause Young (Normal) (G1 Evacuation Pause)
[2025-09-04T13:34:53.176+0000][gc,task       ] GC(38) Using 8 workers of 8 for evacuation
[2025-09-04T13:34:53.227+0000][gc,mmu        ] GC(38) MMU target violated: 21.0ms (20.0ms/21.0ms)
[2025-09-04T13:34:53.227+0000][gc,phases     ] GC(38)   Pre Evacuate Collection Set: 8.2ms
[2025-09-04T13:34:53.227+0000][gc,phases     ] GC(38)   Evacuate Collection Set: 39.8ms
[2025-09-04T13:34:53.227+0000][gc,phases     ] GC(38)   Post Evacuate Collection Set: 1.2ms
[2025-09-04T13:34:53.227+0000][gc,phases     ] GC(38)   Other: 4.0ms
[2025-09-04T13:34:53.227+0000][gc,heap       ] GC(38) Eden regions: 46->0(46)
[2025-09-04T13:34:53.227+0000][gc,heap       ] GC(38) Survivor regions: 5->5(7)
[2025-09-04T13:34:53.227+0000][gc,heap       ] GC(38) Old regions: 49->50
[2025-09-04T13:34:53.227+0000][gc,heap       ] GC(38) Humongous regions: 129->129
[2025-09-04T13:34:53.227+0000][gc,metaspace  ] GC(38) Metaspace: 54464K(57520K)->54464K(57520K) NonClass: 47989K(49584K)->47989K(49584K) Class: 6474K(7936K)->6474K(7936K)
[2025-09-04T13:34:53.227+0000][gc            ] GC(38) Pause Young (Normal) (G1 Evacuation Pause) 227M->182M(1024M) 53.305ms
[2025-09-04T13:34:53.228+0000][gc,cpu        ] GC(38) User=0.31s Sys=0.00s Real=0.05s
[2025-09-04T13:37:40.181+0000][gc,start      ] GC(39) Pause Young (Normal) (G1 Evacuation Pause)
[2025-09-04T13:37:40.181+0000][gc,task       ] GC(39) Using 8 workers of 8 for evacuation
[2025-09-04T13:37:40.206+0000][gc,mmu        ] GC(39) MMU target violated: 21.0ms (20.0ms/21.0ms)
[2025-09-04T13:37:40.206+0000][gc,phases     ] GC(39)   Pre Evacuate Collection Set: 2.8ms
[2025-09-04T13:37:40.206+0000][gc,phases     ] GC(39)   Evacuate Collection Set: 20.3ms
[2025-09-04T13:37:40.206+0000][gc,phases     ] GC(39)   Post Evacuate Collection Set: 1.0ms
[2025-09-04T13:37:40.207+0000][gc,phases     ] GC(39)   Other: 1.7ms
[2025-09-04T13:37:40.207+0000][gc,heap       ] GC(39) Eden regions: 46->0(46)
[2025-09-04T13:37:40.207+0000][gc,heap       ] GC(39) Survivor regions: 5->5(7)
[2025-09-04T13:37:40.207+0000][gc,heap       ] GC(39) Old regions: 50->52
[2025-09-04T13:37:40.207+0000][gc,heap       ] GC(39) Humongous regions: 129->129
[2025-09-04T13:37:40.207+0000][gc,metaspace  ] GC(39) Metaspace: 54475K(57776K)->54475K(57776K) NonClass: 48001K(49840K)->48001K(49840K) Class: 6474K(7936K)->6474K(7936K)
[2025-09-04T13:37:40.207+0000][gc            ] GC(39) Pause Young (Normal) (G1 Evacuation Pause) 228M->184M(1024M) 25.970ms
[2025-09-04T13:37:40.207+0000][gc,cpu        ] GC(39) User=0.15s Sys=0.01s Real=0.02s
[2025-09-04T13:40:26.873+0000][gc,start      ] GC(40) Pause Young (Normal) (G1 Evacuation Pause)
[2025-09-04T13:40:26.875+0000][gc,task       ] GC(40) Using 8 workers of 8 for evacuation
[2025-09-04T13:40:26.910+0000][gc,mmu        ] GC(40) MMU target violated: 21.0ms (20.0ms/21.0ms)
[2025-09-04T13:40:26.910+0000][gc,phases     ] GC(40)   Pre Evacuate Collection Set: 5.2ms
[2025-09-04T13:40:26.910+0000][gc,phases     ] GC(40)   Evacuate Collection Set: 26.8ms
[2025-09-04T13:40:26.910+0000][gc,phases     ] GC(40)   Post Evacuate Collection Set: 1.8ms
[2025-09-04T13:40:26.910+0000][gc,phases     ] GC(40)   Other: 3.2ms
[2025-09-04T13:40:26.910+0000][gc,heap       ] GC(40) Eden regions: 46->0(46)
[2025-09-04T13:40:26.910+0000][gc,heap       ] GC(40) Survivor regions: 5->5(7)
[2025-09-04T13:40:26.910+0000][gc,heap       ] GC(40) Old regions: 52->53
[2025-09-04T13:40:26.911+0000][gc,heap       ] GC(40) Humongous regions: 129->129
[2025-09-04T13:40:26.911+0000][gc,metaspace  ] GC(40) Metaspace: 54492K(57776K)->54492K(57776K) NonClass: 48018K(49840K)->48018K(49840K) Class: 6474K(7936K)->6474K(7936K)
[2025-09-04T13:40:26.911+0000][gc            ] GC(40) Pause Young (Normal) (G1 Evacuation Pause) 230M->186M(1024M) 37.516ms
[2025-09-04T13:40:26.911+0000][gc,cpu        ] GC(40) User=0.20s Sys=0.02s Real=0.04s
[2025-09-04T13:43:12.118+0000][gc,start      ] GC(41) Pause Young (Normal) (G1 Evacuation Pause)
[2025-09-04T13:43:12.120+0000][gc,task       ] GC(41) Using 8 workers of 8 for evacuation
[2025-09-04T13:43:12.169+0000][gc,mmu        ] GC(41) MMU target violated: 21.0ms (20.0ms/21.0ms)
[2025-09-04T13:43:12.169+0000][gc,phases     ] GC(41)   Pre Evacuate Collection Set: 4.2ms
[2025-09-04T13:43:12.169+0000][gc,phases     ] GC(41)   Evacuate Collection Set: 39.1ms
[2025-09-04T13:43:12.169+0000][gc,phases     ] GC(41)   Post Evacuate Collection Set: 2.6ms
[2025-09-04T13:43:12.170+0000][gc,phases     ] GC(41)   Other: 6.3ms
[2025-09-04T13:43:12.170+0000][gc,heap       ] GC(41) Eden regions: 46->0(47)
[2025-09-04T13:43:12.170+0000][gc,heap       ] GC(41) Survivor regions: 5->4(7)
[2025-09-04T13:43:12.170+0000][gc,heap       ] GC(41) Old regions: 53->55
[2025-09-04T13:43:12.170+0000][gc,heap       ] GC(41) Humongous regions: 129->129
[2025-09-04T13:43:12.170+0000][gc,metaspace  ] GC(41) Metaspace: 54493K(57776K)->54493K(57776K) NonClass: 48019K(49840K)->48019K(49840K) Class: 6474K(7936K)->6474K(7936K)
[2025-09-04T13:43:12.170+0000][gc            ] GC(41) Pause Young (Normal) (G1 Evacuation Pause) 232M->187M(1024M) 51.691ms
[2025-09-04T13:43:12.170+0000][gc,cpu        ] GC(41) User=0.28s Sys=0.02s Real=0.05s
[2025-09-04T13:46:02.040+0000][gc,start      ] GC(42) Pause Young (Normal) (G1 Evacuation Pause)
[2025-09-04T13:46:02.042+0000][gc,task       ] GC(42) Using 8 workers of 8 for evacuation
[2025-09-04T13:46:02.102+0000][gc,mmu        ] GC(42) MMU target violated: 21.0ms (20.0ms/21.0ms)
[2025-09-04T13:46:02.102+0000][gc,phases     ] GC(42)   Pre Evacuate Collection Set: 16.0ms
[2025-09-04T13:46:02.102+0000][gc,phases     ] GC(42)   Evacuate Collection Set: 40.6ms
[2025-09-04T13:46:02.102+0000][gc,phases     ] GC(42)   Post Evacuate Collection Set: 1.6ms
[2025-09-04T13:46:02.103+0000][gc,phases     ] GC(42)   Other: 4.5ms
[2025-09-04T13:46:02.103+0000][gc,heap       ] GC(42) Eden regions: 47->0(47)
[2025-09-04T13:46:02.103+0000][gc,heap       ] GC(42) Survivor regions: 4->4(7)
[2025-09-04T13:46:02.103+0000][gc,heap       ] GC(42) Old regions: 55->57
[2025-09-04T13:46:02.103+0000][gc,heap       ] GC(42) Humongous regions: 129->129
[2025-09-04T13:46:02.103+0000][gc,metaspace  ] GC(42) Metaspace: 54493K(57776K)->54493K(57776K) NonClass: 48019K(49840K)->48019K(49840K) Class: 6474K(7936K)->6474K(7936K)
[2025-09-04T13:46:02.103+0000][gc            ] GC(42) Pause Young (Normal) (G1 Evacuation Pause) 234M->189M(1024M) 63.295ms
[2025-09-04T13:46:02.103+0000][gc,cpu        ] GC(42) User=0.29s Sys=0.03s Real=0.06s
[2025-09-04T13:48:52.238+0000][gc,start      ] GC(43) Pause Young (Normal) (G1 Evacuation Pause)
[2025-09-04T13:48:52.244+0000][gc,task       ] GC(43) Using 8 workers of 8 for evacuation
[2025-09-04T13:48:52.294+0000][gc,mmu        ] GC(43) MMU target violated: 21.0ms (20.0ms/21.0ms)
[2025-09-04T13:48:52.295+0000][gc,phases     ] GC(43)   Pre Evacuate Collection Set: 5.9ms
[2025-09-04T13:48:52.295+0000][gc,phases     ] GC(43)   Evacuate Collection Set: 41.6ms
[2025-09-04T13:48:52.295+0000][gc,phases     ] GC(43)   Post Evacuate Collection Set: 1.2ms
[2025-09-04T13:48:52.295+0000][gc,phases     ] GC(43)   Other: 9.6ms
[2025-09-04T13:48:52.295+0000][gc,heap       ] GC(43) Eden regions: 47->0(46)
[2025-09-04T13:48:52.295+0000][gc,heap       ] GC(43) Survivor regions: 4->5(7)
[2025-09-04T13:48:52.295+0000][gc,heap       ] GC(43) Old regions: 57->58
[2025-09-04T13:48:52.295+0000][gc,heap       ] GC(43) Humongous regions: 129->129
[2025-09-04T13:48:52.295+0000][gc,metaspace  ] GC(43) Metaspace: 54495K(57776K)->54495K(57776K) NonClass: 48020K(49840K)->48020K(49840K) Class: 6474K(7936K)->6474K(7936K)
[2025-09-04T13:48:52.295+0000][gc            ] GC(43) Pause Young (Normal) (G1 Evacuation Pause) 236M->190M(1024M) 57.735ms
[2025-09-04T13:48:52.295+0000][gc,cpu        ] GC(43) User=0.33s Sys=0.00s Real=0.06s
[2025-09-04T13:54:59.660+0000][gc,start      ] GC(44) Pause Young (Normal) (G1 Evacuation Pause)
[2025-09-04T13:54:59.662+0000][gc,task       ] GC(44) Using 8 workers of 8 for evacuation
[2025-09-04T13:54:59.708+0000][gc,mmu        ] GC(44) MMU target violated: 21.0ms (20.0ms/21.0ms)
[2025-09-04T13:54:59.709+0000][gc,phases     ] GC(44)   Pre Evacuate Collection Set: 6.8ms
[2025-09-04T13:54:59.709+0000][gc,phases     ] GC(44)   Evacuate Collection Set: 36.1ms
[2025-09-04T13:54:59.709+0000][gc,phases     ] GC(44)   Post Evacuate Collection Set: 1.3ms
[2025-09-04T13:54:59.709+0000][gc,phases     ] GC(44)   Other: 5.2ms
[2025-09-04T13:54:59.709+0000][gc,heap       ] GC(44) Eden regions: 46->0(47)
[2025-09-04T13:54:59.709+0000][gc,heap       ] GC(44) Survivor regions: 5->4(7)
[2025-09-04T13:54:59.709+0000][gc,heap       ] GC(44) Old regions: 58->60
[2025-09-04T13:54:59.709+0000][gc,heap       ] GC(44) Humongous regions: 129->129
[2025-09-04T13:54:59.709+0000][gc,metaspace  ] GC(44) Metaspace: 54495K(57776K)->54495K(57776K) NonClass: 48021K(49840K)->48021K(49840K) Class: 6474K(7936K)->6474K(7936K)
[2025-09-04T13:54:59.709+0000][gc            ] GC(44) Pause Young (Normal) (G1 Evacuation Pause) 236M->192M(1024M) 49.289ms
[2025-09-04T13:54:59.709+0000][gc,cpu        ] GC(44) User=0.26s Sys=0.03s Real=0.05s
[2025-09-04T13:57:50.131+0000][gc,start      ] GC(45) Pause Young (Normal) (G1 Evacuation Pause)
[2025-09-04T13:57:50.133+0000][gc,task       ] GC(45) Using 8 workers of 8 for evacuation
[2025-09-04T13:57:50.179+0000][gc,mmu        ] GC(45) MMU target violated: 21.0ms (20.0ms/21.0ms)
[2025-09-04T13:57:50.180+0000][gc,phases     ] GC(45)   Pre Evacuate Collection Set: 5.0ms
[2025-09-04T13:57:50.180+0000][gc,phases     ] GC(45)   Evacuate Collection Set: 37.6ms
[2025-09-04T13:57:50.180+0000][gc,phases     ] GC(45)   Post Evacuate Collection Set: 1.1ms
[2025-09-04T13:57:50.180+0000][gc,phases     ] GC(45)   Other: 5.0ms
[2025-09-04T13:57:50.180+0000][gc,heap       ] GC(45) Eden regions: 47->0(46)
[2025-09-04T13:57:50.180+0000][gc,heap       ] GC(45) Survivor regions: 4->5(7)
[2025-09-04T13:57:50.180+0000][gc,heap       ] GC(45) Old regions: 60->61
[2025-09-04T13:57:50.180+0000][gc,heap       ] GC(45) Humongous regions: 129->129
[2025-09-04T13:57:50.180+0000][gc,metaspace  ] GC(45) Metaspace: 54495K(57776K)->54495K(57776K) NonClass: 48021K(49840K)->48021K(49840K) Class: 6474K(7936K)->6474K(7936K)
[2025-09-04T13:57:50.180+0000][gc            ] GC(45) Pause Young (Normal) (G1 Evacuation Pause) 239M->194M(1024M) 49.071ms
[2025-09-04T13:57:50.180+0000][gc,cpu        ] GC(45) User=0.27s Sys=0.02s Real=0.05s
[2025-09-04T14:00:36.389+0000][gc,start      ] GC(46) Pause Young (Normal) (G1 Evacuation Pause)
[2025-09-04T14:00:36.392+0000][gc,task       ] GC(46) Using 8 workers of 8 for evacuation
[2025-09-04T14:00:36.444+0000][gc,mmu        ] GC(46) MMU target violated: 21.0ms (20.0ms/21.0ms)
[2025-09-04T14:00:36.444+0000][gc,phases     ] GC(46)   Pre Evacuate Collection Set: 5.4ms
[2025-09-04T14:00:36.444+0000][gc,phases     ] GC(46)   Evacuate Collection Set: 42.0ms
[2025-09-04T14:00:36.444+0000][gc,phases     ] GC(46)   Post Evacuate Collection Set: 2.2ms
[2025-09-04T14:00:36.444+0000][gc,phases     ] GC(46)   Other: 5.8ms
[2025-09-04T14:00:36.444+0000][gc,heap       ] GC(46) Eden regions: 46->0(46)
[2025-09-04T14:00:36.444+0000][gc,heap       ] GC(46) Survivor regions: 5->5(7)
[2025-09-04T14:00:36.444+0000][gc,heap       ] GC(46) Old regions: 61->63
[2025-09-04T14:00:36.444+0000][gc,heap       ] GC(46) Humongous regions: 129->129
[2025-09-04T14:00:36.444+0000][gc,metaspace  ] GC(46) Metaspace: 54495K(57776K)->54495K(57776K) NonClass: 48021K(49840K)->48021K(49840K) Class: 6474K(7936K)->6474K(7936K)
[2025-09-04T14:00:36.445+0000][gc            ] GC(46) Pause Young (Normal) (G1 Evacuation Pause) 240M->195M(1024M) 55.389ms
[2025-09-04T14:00:36.445+0000][gc,cpu        ] GC(46) User=0.26s Sys=0.02s Real=0.06s
[2025-09-04T14:03:22.346+0000][gc,start      ] GC(47) Pause Young (Normal) (G1 Evacuation Pause)
[2025-09-04T14:03:22.349+0000][gc,task       ] GC(47) Using 8 workers of 8 for evacuation
[2025-09-04T14:03:22.411+0000][gc,mmu        ] GC(47) MMU target violated: 21.0ms (20.0ms/21.0ms)
[2025-09-04T14:03:22.411+0000][gc,phases     ] GC(47)   Pre Evacuate Collection Set: 10.3ms
[2025-09-04T14:03:22.411+0000][gc,phases     ] GC(47)   Evacuate Collection Set: 48.5ms
[2025-09-04T14:03:22.411+0000][gc,phases     ] GC(47)   Post Evacuate Collection Set: 1.6ms
[2025-09-04T14:03:22.411+0000][gc,phases     ] GC(47)   Other: 5.9ms
[2025-09-04T14:03:22.411+0000][gc,heap       ] GC(47) Eden regions: 46->0(47)
[2025-09-04T14:03:22.411+0000][gc,heap       ] GC(47) Survivor regions: 5->4(7)
[2025-09-04T14:03:22.412+0000][gc,heap       ] GC(47) Old regions: 63->65
[2025-09-04T14:03:22.412+0000][gc,heap       ] GC(47) Humongous regions: 129->129
[2025-09-04T14:03:22.412+0000][gc,metaspace  ] GC(47) Metaspace: 54495K(57776K)->54495K(57776K) NonClass: 48021K(49840K)->48021K(49840K) Class: 6474K(7936K)->6474K(7936K)
[2025-09-04T14:03:22.412+0000][gc            ] GC(47) Pause Young (Normal) (G1 Evacuation Pause) 241M->197M(1024M) 66.085ms
[2025-09-04T14:03:22.412+0000][gc,cpu        ] GC(47) User=0.35s Sys=0.03s Real=0.06s
[2025-09-04T14:06:12.101+0000][gc,start      ] GC(48) Pause Young (Normal) (G1 Evacuation Pause)
[2025-09-04T14:06:12.105+0000][gc,task       ] GC(48) Using 8 workers of 8 for evacuation
[2025-09-04T14:06:12.178+0000][gc,mmu        ] GC(48) MMU target violated: 21.0ms (20.0ms/21.0ms)
[2025-09-04T14:06:12.179+0000][gc,phases     ] GC(48)   Pre Evacuate Collection Set: 8.3ms
[2025-09-04T14:06:12.179+0000][gc,phases     ] GC(48)   Evacuate Collection Set: 61.9ms
[2025-09-04T14:06:12.179+0000][gc,phases     ] GC(48)   Post Evacuate Collection Set: 1.8ms
[2025-09-04T14:06:12.179+0000][gc,phases     ] GC(48)   Other: 6.2ms
[2025-09-04T14:06:12.180+0000][gc,heap       ] GC(48) Eden regions: 47->0(46)
[2025-09-04T14:06:12.180+0000][gc,heap       ] GC(48) Survivor regions: 4->5(7)
[2025-09-04T14:06:12.180+0000][gc,heap       ] GC(48) Old regions: 65->66
[2025-09-04T14:06:12.180+0000][gc,heap       ] GC(48) Humongous regions: 129->129
[2025-09-04T14:06:12.180+0000][gc,metaspace  ] GC(48) Metaspace: 54496K(57776K)->54496K(57776K) NonClass: 48022K(49840K)->48022K(49840K) Class: 6474K(7936K)->6474K(7936K)
[2025-09-04T14:06:12.181+0000][gc            ] GC(48) Pause Young (Normal) (G1 Evacuation Pause) 244M->198M(1024M) 79.373ms
[2025-09-04T14:06:12.181+0000][gc,cpu        ] GC(48) User=0.39s Sys=0.04s Real=0.08s
[2025-09-04T14:08:58.740+0000][gc,start      ] GC(49) Pause Young (Normal) (G1 Evacuation Pause)
[2025-09-04T14:08:58.741+0000][gc,task       ] GC(49) Using 8 workers of 8 for evacuation
[2025-09-04T14:08:58.796+0000][gc,mmu        ] GC(49) MMU target violated: 21.0ms (20.0ms/21.0ms)
[2025-09-04T14:08:58.797+0000][gc,phases     ] GC(49)   Pre Evacuate Collection Set: 4.4ms
[2025-09-04T14:08:58.797+0000][gc,phases     ] GC(49)   Evacuate Collection Set: 48.8ms
[2025-09-04T14:08:58.797+0000][gc,phases     ] GC(49)   Post Evacuate Collection Set: 1.0ms
[2025-09-04T14:08:58.797+0000][gc,phases     ] GC(49)   Other: 2.3ms
[2025-09-04T14:08:58.797+0000][gc,heap       ] GC(49) Eden regions: 46->0(46)
[2025-09-04T14:08:58.797+0000][gc,heap       ] GC(49) Survivor regions: 5->5(7)
[2025-09-04T14:08:58.797+0000][gc,heap       ] GC(49) Old regions: 66->68
[2025-09-04T14:08:58.797+0000][gc,heap       ] GC(49) Humongous regions: 129->129
[2025-09-04T14:08:58.797+0000][gc,metaspace  ] GC(49) Metaspace: 54498K(57776K)->54498K(57776K) NonClass: 48024K(49840K)->48024K(49840K) Class: 6474K(7936K)->6474K(7936K)
[2025-09-04T14:08:58.797+0000][gc            ] GC(49) Pause Young (Normal) (G1 Evacuation Pause) 244M->200M(1024M) 56.870ms
[2025-09-04T14:08:58.797+0000][gc,cpu        ] GC(49) User=0.35s Sys=0.03s Real=0.06s
[2025-09-04T14:11:45.964+0000][gc,start      ] GC(50) Pause Young (Normal) (G1 Evacuation Pause)
[2025-09-04T14:11:45.967+0000][gc,task       ] GC(50) Using 8 workers of 8 for evacuation
[2025-09-04T14:11:46.023+0000][gc,mmu        ] GC(50) MMU target violated: 21.0ms (20.0ms/21.0ms)
[2025-09-04T14:11:46.024+0000][gc,phases     ] GC(50)   Pre Evacuate Collection Set: 5.7ms
[2025-09-04T14:11:46.024+0000][gc,phases     ] GC(50)   Evacuate Collection Set: 46.8ms
[2025-09-04T14:11:46.024+0000][gc,phases     ] GC(50)   Post Evacuate Collection Set: 2.0ms
[2025-09-04T14:11:46.024+0000][gc,phases     ] GC(50)   Other: 5.5ms
[2025-09-04T14:11:46.024+0000][gc,heap       ] GC(50) Eden regions: 46->0(47)
[2025-09-04T14:11:46.024+0000][gc,heap       ] GC(50) Survivor regions: 5->4(7)
[2025-09-04T14:11:46.024+0000][gc,heap       ] GC(50) Old regions: 68->69
[2025-09-04T14:11:46.024+0000][gc,heap       ] GC(50) Humongous regions: 129->129
[2025-09-04T14:11:46.024+0000][gc,metaspace  ] GC(50) Metaspace: 54498K(57776K)->54498K(57776K) NonClass: 48024K(49840K)->48024K(49840K) Class: 6474K(7936K)->6474K(7936K)
[2025-09-04T14:11:46.024+0000][gc            ] GC(50) Pause Young (Normal) (G1 Evacuation Pause) 246M->201M(1024M) 60.445ms
[2025-09-04T14:11:46.025+0000][gc,cpu        ] GC(50) User=0.36s Sys=0.01s Real=0.06s
[2025-09-04T14:14:35.853+0000][gc,start      ] GC(51) Pause Young (Normal) (G1 Evacuation Pause)
[2025-09-04T14:14:35.855+0000][gc,task       ] GC(51) Using 8 workers of 8 for evacuation
[2025-09-04T14:14:35.910+0000][gc,mmu        ] GC(51) MMU target violated: 21.0ms (20.0ms/21.0ms)
[2025-09-04T14:14:35.910+0000][gc,phases     ] GC(51)   Pre Evacuate Collection Set: 6.4ms
[2025-09-04T14:14:35.910+0000][gc,phases     ] GC(51)   Evacuate Collection Set: 45.3ms
[2025-09-04T14:14:35.910+0000][gc,phases     ] GC(51)   Post Evacuate Collection Set: 1.4ms
[2025-09-04T14:14:35.911+0000][gc,phases     ] GC(51)   Other: 4.6ms
[2025-09-04T14:14:35.911+0000][gc,heap       ] GC(51) Eden regions: 47->0(46)
[2025-09-04T14:14:35.911+0000][gc,heap       ] GC(51) Survivor regions: 4->5(7)
[2025-09-04T14:14:35.911+0000][gc,heap       ] GC(51) Old regions: 69->71
[2025-09-04T14:14:35.911+0000][gc,heap       ] GC(51) Humongous regions: 129->129
[2025-09-04T14:14:35.911+0000][gc,metaspace  ] GC(51) Metaspace: 54510K(57776K)->54510K(57776K) NonClass: 48035K(49840K)->48035K(49840K) Class: 6474K(7936K)->6474K(7936K)
[2025-09-04T14:14:35.911+0000][gc            ] GC(51) Pause Young (Normal) (G1 Evacuation Pause) 248M->203M(1024M) 58.360ms
[2025-09-04T14:14:35.911+0000][gc,cpu        ] GC(51) User=0.31s Sys=0.01s Real=0.06s
[2025-09-04T14:17:23.054+0000][gc,start      ] GC(52) Pause Young (Normal) (G1 Evacuation Pause)
[2025-09-04T14:17:23.057+0000][gc,task       ] GC(52) Using 8 workers of 8 for evacuation
[2025-09-04T14:17:23.144+0000][gc,mmu        ] GC(52) MMU target violated: 21.0ms (20.0ms/21.0ms)
[2025-09-04T14:17:23.144+0000][gc,phases     ] GC(52)   Pre Evacuate Collection Set: 6.1ms
[2025-09-04T14:17:23.144+0000][gc,phases     ] GC(52)   Evacuate Collection Set: 77.5ms
[2025-09-04T14:17:23.144+0000][gc,phases     ] GC(52)   Post Evacuate Collection Set: 1.6ms
[2025-09-04T14:17:23.144+0000][gc,phases     ] GC(52)   Other: 5.1ms
[2025-09-04T14:17:23.144+0000][gc,heap       ] GC(52) Eden regions: 46->0(46)
[2025-09-04T14:17:23.144+0000][gc,heap       ] GC(52) Survivor regions: 5->5(7)
[2025-09-04T14:17:23.144+0000][gc,heap       ] GC(52) Old regions: 71->73
[2025-09-04T14:17:23.144+0000][gc,heap       ] GC(52) Humongous regions: 129->129
[2025-09-04T14:17:23.144+0000][gc,metaspace  ] GC(52) Metaspace: 54510K(57776K)->54510K(57776K) NonClass: 48035K(49840K)->48035K(49840K) Class: 6474K(7936K)->6474K(7936K)
[2025-09-04T14:17:23.145+0000][gc            ] GC(52) Pause Young (Normal) (G1 Evacuation Pause) 249M->205M(1024M) 90.284ms
[2025-09-04T14:17:23.145+0000][gc,cpu        ] GC(52) User=0.23s Sys=0.33s Real=0.09s
[2025-09-04T14:19:59.208+0000][gc,start      ] GC(53) Pause Young (Normal) (G1 Evacuation Pause)
[2025-09-04T14:19:59.210+0000][gc,task       ] GC(53) Using 8 workers of 8 for evacuation
[2025-09-04T14:19:59.260+0000][gc,mmu        ] GC(53) MMU target violated: 21.0ms (20.0ms/21.0ms)
[2025-09-04T14:19:59.260+0000][gc,phases     ] GC(53)   Pre Evacuate Collection Set: 6.1ms
[2025-09-04T14:19:59.260+0000][gc,phases     ] GC(53)   Evacuate Collection Set: 40.1ms
[2025-09-04T14:19:59.260+0000][gc,phases     ] GC(53)   Post Evacuate Collection Set: 1.6ms
[2025-09-04T14:19:59.260+0000][gc,phases     ] GC(53)   Other: 5.0ms
[2025-09-04T14:19:59.260+0000][gc,heap       ] GC(53) Eden regions: 46->0(46)
[2025-09-04T14:19:59.260+0000][gc,heap       ] GC(53) Survivor regions: 5->5(7)
[2025-09-04T14:19:59.260+0000][gc,heap       ] GC(53) Old regions: 73->74
[2025-09-04T14:19:59.261+0000][gc,heap       ] GC(53) Humongous regions: 129->129
[2025-09-04T14:19:59.261+0000][gc,metaspace  ] GC(53) Metaspace: 54511K(57776K)->54511K(57776K) NonClass: 48036K(49840K)->48036K(49840K) Class: 6474K(7936K)->6474K(7936K)
[2025-09-04T14:19:59.261+0000][gc            ] GC(53) Pause Young (Normal) (G1 Evacuation Pause) 251M->207M(1024M) 52.812ms
[2025-09-04T14:19:59.261+0000][gc,cpu        ] GC(53) User=0.31s Sys=0.00s Real=0.06s
[2025-09-04T14:23:16.141+0000][gc,start      ] GC(54) Pause Young (Normal) (G1 Evacuation Pause)
[2025-09-04T14:23:16.145+0000][gc,task       ] GC(54) Using 8 workers of 8 for evacuation
[2025-09-04T14:23:16.291+0000][gc,mmu        ] GC(54) MMU target violated: 21.0ms (20.0ms/21.0ms)
[2025-09-04T14:23:16.291+0000][gc,phases     ] GC(54)   Pre Evacuate Collection Set: 4.3ms
[2025-09-04T14:23:16.291+0000][gc,phases     ] GC(54)   Evacuate Collection Set: 136.2ms
[2025-09-04T14:23:16.291+0000][gc,phases     ] GC(54)   Post Evacuate Collection Set: 1.4ms
[2025-09-04T14:23:16.291+0000][gc,phases     ] GC(54)   Other: 9.7ms
[2025-09-04T14:23:16.291+0000][gc,heap       ] GC(54) Eden regions: 46->0(47)
[2025-09-04T14:23:16.291+0000][gc,heap       ] GC(54) Survivor regions: 5->4(7)
[2025-09-04T14:23:16.291+0000][gc,heap       ] GC(54) Old regions: 74->76
[2025-09-04T14:23:16.291+0000][gc,heap       ] GC(54) Humongous regions: 129->129
[2025-09-04T14:23:16.291+0000][gc,metaspace  ] GC(54) Metaspace: 54527K(57776K)->54527K(57776K) NonClass: 48053K(49840K)->48053K(49840K) Class: 6474K(7936K)->6474K(7936K)
[2025-09-04T14:23:16.292+0000][gc            ] GC(54) Pause Young (Normal) (G1 Evacuation Pause) 253M->208M(1024M) 150.615ms
[2025-09-04T14:23:16.292+0000][gc,cpu        ] GC(54) User=0.42s Sys=0.57s Real=0.16s
[2025-09-04T14:55:21.354+0000][gc,start      ] GC(55) Pause Young (Normal) (G1 Evacuation Pause)
[2025-09-04T14:55:21.354+0000][gc,task       ] GC(55) Using 8 workers of 8 for evacuation
[2025-09-04T14:55:21.389+0000][gc,mmu        ] GC(55) MMU target violated: 21.0ms (20.0ms/21.0ms)
[2025-09-04T14:55:21.389+0000][gc,phases     ] GC(55)   Pre Evacuate Collection Set: 2.3ms
[2025-09-04T14:55:21.389+0000][gc,phases     ] GC(55)   Evacuate Collection Set: 30.4ms
[2025-09-04T14:55:21.389+0000][gc,phases     ] GC(55)   Post Evacuate Collection Set: 0.9ms
[2025-09-04T14:55:21.389+0000][gc,phases     ] GC(55)   Other: 2.0ms
[2025-09-04T14:55:21.389+0000][gc,heap       ] GC(55) Eden regions: 47->0(47)
[2025-09-04T14:55:21.389+0000][gc,heap       ] GC(55) Survivor regions: 4->4(7)
[2025-09-04T14:55:21.389+0000][gc,heap       ] GC(55) Old regions: 76->78
[2025-09-04T14:55:21.389+0000][gc,heap       ] GC(55) Humongous regions: 129->129
[2025-09-04T14:55:21.389+0000][gc,metaspace  ] GC(55) Metaspace: 54530K(57776K)->54530K(57776K) NonClass: 48056K(49840K)->48056K(49840K) Class: 6474K(7936K)->6474K(7936K)
[2025-09-04T14:55:21.389+0000][gc            ] GC(55) Pause Young (Normal) (G1 Evacuation Pause) 255M->209M(1024M) 35.602ms
[2025-09-04T14:55:21.389+0000][gc,cpu        ] GC(55) User=0.22s Sys=0.00s Real=0.04s
[2025-09-04T15:18:34.478+0000][gc,start      ] GC(56) Pause Young (Normal) (G1 Evacuation Pause)
[2025-09-04T15:18:34.479+0000][gc,task       ] GC(56) Using 8 workers of 8 for evacuation
[2025-09-04T15:18:34.530+0000][gc,mmu        ] GC(56) MMU target violated: 21.0ms (20.0ms/21.0ms)
[2025-09-04T15:18:34.531+0000][gc,phases     ] GC(56)   Pre Evacuate Collection Set: 8.1ms
[2025-09-04T15:18:34.531+0000][gc,phases     ] GC(56)   Evacuate Collection Set: 39.7ms
[2025-09-04T15:18:34.531+0000][gc,phases     ] GC(56)   Post Evacuate Collection Set: 2.0ms
[2025-09-04T15:18:34.531+0000][gc,phases     ] GC(56)   Other: 2.7ms
[2025-09-04T15:18:34.531+0000][gc,heap       ] GC(56) Eden regions: 47->0(46)
[2025-09-04T15:18:34.531+0000][gc,heap       ] GC(56) Survivor regions: 4->5(7)
[2025-09-04T15:18:34.531+0000][gc,heap       ] GC(56) Old regions: 78->78
[2025-09-04T15:18:34.531+0000][gc,heap       ] GC(56) Humongous regions: 129->129
[2025-09-04T15:18:34.531+0000][gc,metaspace  ] GC(56) Metaspace: 54531K(57776K)->54531K(57776K) NonClass: 48057K(49840K)->48057K(49840K) Class: 6474K(7936K)->6474K(7936K)
[2025-09-04T15:18:34.531+0000][gc            ] GC(56) Pause Young (Normal) (G1 Evacuation Pause) 256M->210M(1024M) 52.812ms
[2025-09-04T15:18:34.531+0000][gc,cpu        ] GC(56) User=0.31s Sys=0.00s Real=0.05s
[2025-09-04T15:21:19.666+0000][gc,start      ] GC(57) Pause Young (Normal) (G1 Evacuation Pause)
[2025-09-04T15:21:19.667+0000][gc,task       ] GC(57) Using 8 workers of 8 for evacuation
[2025-09-04T15:21:19.729+0000][gc,mmu        ] GC(57) MMU target violated: 21.0ms (20.0ms/21.0ms)
[2025-09-04T15:21:19.730+0000][gc,phases     ] GC(57)   Pre Evacuate Collection Set: 4.9ms
[2025-09-04T15:21:19.730+0000][gc,phases     ] GC(57)   Evacuate Collection Set: 54.9ms
[2025-09-04T15:21:19.730+0000][gc,phases     ] GC(57)   Post Evacuate Collection Set: 1.5ms
[2025-09-04T15:21:19.730+0000][gc,phases     ] GC(57)   Other: 2.9ms
[2025-09-04T15:21:19.730+0000][gc,heap       ] GC(57) Eden regions: 46->0(46)
[2025-09-04T15:21:19.730+0000][gc,heap       ] GC(57) Survivor regions: 5->5(7)
[2025-09-04T15:21:19.730+0000][gc,heap       ] GC(57) Old regions: 78->78
[2025-09-04T15:21:19.730+0000][gc,heap       ] GC(57) Humongous regions: 129->129
[2025-09-04T15:21:19.730+0000][gc,metaspace  ] GC(57) Metaspace: 54539K(57776K)->54539K(57776K) NonClass: 48065K(49840K)->48065K(49840K) Class: 6474K(7936K)->6474K(7936K)
[2025-09-04T15:21:19.731+0000][gc            ] GC(57) Pause Young (Normal) (G1 Evacuation Pause) 256M->211M(1024M) 64.799ms
[2025-09-04T15:21:19.731+0000][gc,cpu        ] GC(57) User=0.41s Sys=0.03s Real=0.07s
[2025-09-04T15:24:06.426+0000][gc,start      ] GC(58) Pause Young (Normal) (G1 Evacuation Pause)
[2025-09-04T15:24:06.429+0000][gc,task       ] GC(58) Using 8 workers of 8 for evacuation
[2025-09-04T15:24:06.474+0000][gc,mmu        ] GC(58) MMU target violated: 21.0ms (20.0ms/21.0ms)
[2025-09-04T15:24:06.475+0000][gc,phases     ] GC(58)   Pre Evacuate Collection Set: 10.0ms
[2025-09-04T15:24:06.475+0000][gc,phases     ] GC(58)   Evacuate Collection Set: 32.1ms
[2025-09-04T15:24:06.475+0000][gc,phases     ] GC(58)   Post Evacuate Collection Set: 1.3ms
[2025-09-04T15:24:06.475+0000][gc,phases     ] GC(58)   Other: 5.9ms
[2025-09-04T15:24:06.475+0000][gc,heap       ] GC(58) Eden regions: 46->0(46)
[2025-09-04T15:24:06.475+0000][gc,heap       ] GC(58) Survivor regions: 5->5(7)
[2025-09-04T15:24:06.475+0000][gc,heap       ] GC(58) Old regions: 78->80
[2025-09-04T15:24:06.475+0000][gc,heap       ] GC(58) Humongous regions: 129->129
[2025-09-04T15:24:06.475+0000][gc,metaspace  ] GC(58) Metaspace: 54539K(57776K)->54539K(57776K) NonClass: 48065K(49840K)->48065K(49840K) Class: 6474K(7936K)->6474K(7936K)
[2025-09-04T15:24:06.475+0000][gc            ] GC(58) Pause Young (Normal) (G1 Evacuation Pause) 257M->213M(1024M) 49.311ms
[2025-09-04T15:24:06.475+0000][gc,cpu        ] GC(58) User=0.26s Sys=0.01s Real=0.05s
[2025-09-04T15:41:56.071+0000][gc,start      ] GC(59) Pause Young (Normal) (G1 Evacuation Pause)
[2025-09-04T15:41:56.075+0000][gc,task       ] GC(59) Using 8 workers of 8 for evacuation
[2025-09-04T15:41:56.124+0000][gc,mmu        ] GC(59) MMU target violated: 21.0ms (20.0ms/21.0ms)
[2025-09-04T15:41:56.125+0000][gc,phases     ] GC(59)   Pre Evacuate Collection Set: 12.2ms
[2025-09-04T15:41:56.125+0000][gc,phases     ] GC(59)   Evacuate Collection Set: 32.5ms
[2025-09-04T15:41:56.125+0000][gc,phases     ] GC(59)   Post Evacuate Collection Set: 1.3ms
[2025-09-04T15:41:56.125+0000][gc,phases     ] GC(59)   Other: 8.2ms
[2025-09-04T15:41:56.125+0000][gc,heap       ] GC(59) Eden regions: 46->0(46)
[2025-09-04T15:41:56.125+0000][gc,heap       ] GC(59) Survivor regions: 5->5(7)
[2025-09-04T15:41:56.125+0000][gc,heap       ] GC(59) Old regions: 80->81
[2025-09-04T15:41:56.125+0000][gc,heap       ] GC(59) Humongous regions: 129->129
[2025-09-04T15:41:56.125+0000][gc,metaspace  ] GC(59) Metaspace: 54541K(57776K)->54541K(57776K) NonClass: 48067K(49840K)->48067K(49840K) Class: 6474K(7936K)->6474K(7936K)
[2025-09-04T15:41:56.125+0000][gc            ] GC(59) Pause Young (Normal) (G1 Evacuation Pause) 259M->214M(1024M) 54.183ms
[2025-09-04T15:41:56.125+0000][gc,cpu        ] GC(59) User=0.26s Sys=0.01s Real=0.05s
[2025-09-04T16:19:35.820+0000][gc,start      ] GC(60) Pause Young (Normal) (G1 Evacuation Pause)
[2025-09-04T16:19:35.822+0000][gc,task       ] GC(60) Using 8 workers of 8 for evacuation
[2025-09-04T16:19:35.869+0000][gc,mmu        ] GC(60) MMU target violated: 21.0ms (20.0ms/21.0ms)
[2025-09-04T16:19:35.869+0000][gc,phases     ] GC(60)   Pre Evacuate Collection Set: 7.9ms
[2025-09-04T16:19:35.869+0000][gc,phases     ] GC(60)   Evacuate Collection Set: 35.7ms
[2025-09-04T16:19:35.869+0000][gc,phases     ] GC(60)   Post Evacuate Collection Set: 1.4ms
[2025-09-04T16:19:35.869+0000][gc,phases     ] GC(60)   Other: 4.2ms
[2025-09-04T16:19:35.869+0000][gc,heap       ] GC(60) Eden regions: 46->0(46)
[2025-09-04T16:19:35.870+0000][gc,heap       ] GC(60) Survivor regions: 5->5(7)
[2025-09-04T16:19:35.870+0000][gc,heap       ] GC(60) Old regions: 81->82
[2025-09-04T16:19:35.870+0000][gc,heap       ] GC(60) Humongous regions: 129->129
[2025-09-04T16:19:35.870+0000][gc,metaspace  ] GC(60) Metaspace: 54541K(57776K)->54541K(57776K) NonClass: 48067K(49840K)->48067K(49840K) Class: 6474K(7936K)->6474K(7936K)
[2025-09-04T16:19:35.870+0000][gc            ] GC(60) Pause Young (Normal) (G1 Evacuation Pause) 260M->215M(1024M) 49.416ms
[2025-09-04T16:19:35.870+0000][gc,cpu        ] GC(60) User=0.24s Sys=0.01s Real=0.05s
[2025-09-04T16:22:23.072+0000][gc,start      ] GC(61) Pause Young (Normal) (G1 Evacuation Pause)
[2025-09-04T16:22:23.074+0000][gc,task       ] GC(61) Using 8 workers of 8 for evacuation
[2025-09-04T16:22:23.119+0000][gc,mmu        ] GC(61) MMU target violated: 21.0ms (20.0ms/21.0ms)
[2025-09-04T16:22:23.119+0000][gc,phases     ] GC(61)   Pre Evacuate Collection Set: 5.5ms
[2025-09-04T16:22:23.119+0000][gc,phases     ] GC(61)   Evacuate Collection Set: 35.7ms
[2025-09-04T16:22:23.119+0000][gc,phases     ] GC(61)   Post Evacuate Collection Set: 2.1ms
[2025-09-04T16:22:23.119+0000][gc,phases     ] GC(61)   Other: 4.0ms
[2025-09-04T16:22:23.119+0000][gc,heap       ] GC(61) Eden regions: 46->0(46)
[2025-09-04T16:22:23.120+0000][gc,heap       ] GC(61) Survivor regions: 5->5(7)
[2025-09-04T16:22:23.120+0000][gc,heap       ] GC(61) Old regions: 82->84
[2025-09-04T16:22:23.120+0000][gc,heap       ] GC(61) Humongous regions: 129->129
[2025-09-04T16:22:23.120+0000][gc,metaspace  ] GC(61) Metaspace: 54541K(57776K)->54541K(57776K) NonClass: 48067K(49840K)->48067K(49840K) Class: 6474K(7936K)->6474K(7936K)
[2025-09-04T16:22:23.120+0000][gc            ] GC(61) Pause Young (Normal) (G1 Evacuation Pause) 261M->217M(1024M) 48.043ms
[2025-09-04T16:22:23.120+0000][gc,cpu        ] GC(61) User=0.27s Sys=0.00s Real=0.05s
[2025-09-04T16:25:09.813+0000][gc,start      ] GC(62) Pause Young (Normal) (G1 Evacuation Pause)
[2025-09-04T16:25:09.815+0000][gc,task       ] GC(62) Using 8 workers of 8 for evacuation
[2025-09-04T16:25:09.872+0000][gc,mmu        ] GC(62) MMU target violated: 21.0ms (20.0ms/21.0ms)
[2025-09-04T16:25:09.872+0000][gc,phases     ] GC(62)   Pre Evacuate Collection Set: 21.3ms
[2025-09-04T16:25:09.872+0000][gc,phases     ] GC(62)   Evacuate Collection Set: 32.6ms
[2025-09-04T16:25:09.872+0000][gc,phases     ] GC(62)   Post Evacuate Collection Set: 1.6ms
[2025-09-04T16:25:09.873+0000][gc,phases     ] GC(62)   Other: 4.8ms
[2025-09-04T16:25:09.873+0000][gc,heap       ] GC(62) Eden regions: 46->0(45)
[2025-09-04T16:25:09.873+0000][gc,heap       ] GC(62) Survivor regions: 5->6(7)
[2025-09-04T16:25:09.873+0000][gc,heap       ] GC(62) Old regions: 84->85
[2025-09-04T16:25:09.873+0000][gc,heap       ] GC(62) Humongous regions: 129->129
[2025-09-04T16:25:09.873+0000][gc,metaspace  ] GC(62) Metaspace: 54544K(57776K)->54544K(57776K) NonClass: 48069K(49840K)->48069K(49840K) Class: 6474K(7936K)->6474K(7936K)
[2025-09-04T16:25:09.873+0000][gc            ] GC(62) Pause Young (Normal) (G1 Evacuation Pause) 263M->219M(1024M) 60.229ms
[2025-09-04T16:25:09.873+0000][gc,cpu        ] GC(62) User=0.27s Sys=0.01s Real=0.06s
[2025-09-04T16:27:54.166+0000][gc,start      ] GC(63) Pause Young (Normal) (G1 Evacuation Pause)
[2025-09-04T16:27:54.168+0000][gc,task       ] GC(63) Using 8 workers of 8 for evacuation
[2025-09-04T16:27:54.210+0000][gc,mmu        ] GC(63) MMU target violated: 21.0ms (20.0ms/21.0ms)
[2025-09-04T16:27:54.211+0000][gc,phases     ] GC(63)   Pre Evacuate Collection Set: 4.0ms
[2025-09-04T16:27:54.211+0000][gc,phases     ] GC(63)   Evacuate Collection Set: 33.7ms
[2025-09-04T16:27:54.211+0000][gc,phases     ] GC(63)   Post Evacuate Collection Set: 3.2ms
[2025-09-04T16:27:54.211+0000][gc,phases     ] GC(63)   Other: 4.5ms
[2025-09-04T16:27:54.212+0000][gc,heap       ] GC(63) Eden regions: 45->0(46)
[2025-09-04T16:27:54.212+0000][gc,heap       ] GC(63) Survivor regions: 6->5(7)
[2025-09-04T16:27:54.212+0000][gc,heap       ] GC(63) Old regions: 85->87
[2025-09-04T16:27:54.212+0000][gc,heap       ] GC(63) Humongous regions: 129->129
[2025-09-04T16:27:54.212+0000][gc,metaspace  ] GC(63) Metaspace: 54544K(57776K)->54544K(57776K) NonClass: 48069K(49840K)->48069K(49840K) Class: 6474K(7936K)->6474K(7936K)
[2025-09-04T16:27:54.212+0000][gc            ] GC(63) Pause Young (Normal) (G1 Evacuation Pause) 264M->220M(1024M) 45.945ms
[2025-09-04T16:27:54.212+0000][gc,cpu        ] GC(63) User=0.26s Sys=0.02s Real=0.04s
[2025-09-04T16:30:39.862+0000][gc,start      ] GC(64) Pause Young (Normal) (G1 Evacuation Pause)
[2025-09-04T16:30:39.865+0000][gc,task       ] GC(64) Using 8 workers of 8 for evacuation
[2025-09-04T16:30:39.918+0000][gc,mmu        ] GC(64) MMU target violated: 21.0ms (20.0ms/21.0ms)
[2025-09-04T16:30:39.918+0000][gc,phases     ] GC(64)   Pre Evacuate Collection Set: 6.1ms
[2025-09-04T16:30:39.918+0000][gc,phases     ] GC(64)   Evacuate Collection Set: 44.0ms
[2025-09-04T16:30:39.918+0000][gc,phases     ] GC(64)   Post Evacuate Collection Set: 1.5ms
[2025-09-04T16:30:39.919+0000][gc,phases     ] GC(64)   Other: 5.2ms
[2025-09-04T16:30:39.919+0000][gc,heap       ] GC(64) Eden regions: 46->0(45)
[2025-09-04T16:30:39.919+0000][gc,heap       ] GC(64) Survivor regions: 5->6(7)
[2025-09-04T16:30:39.919+0000][gc,heap       ] GC(64) Old regions: 87->89
[2025-09-04T16:30:39.919+0000][gc,heap       ] GC(64) Humongous regions: 129->129
[2025-09-04T16:30:39.919+0000][gc,metaspace  ] GC(64) Metaspace: 54578K(57776K)->54578K(57776K) NonClass: 48104K(49840K)->48104K(49840K) Class: 6474K(7936K)->6474K(7936K)
[2025-09-04T16:30:39.919+0000][gc            ] GC(64) Pause Young (Normal) (G1 Evacuation Pause) 266M->222M(1024M) 57.128ms
[2025-09-04T16:30:39.919+0000][gc,cpu        ] GC(64) User=0.33s Sys=0.01s Real=0.05s
[2025-09-04T16:33:23.494+0000][gc,start      ] GC(65) Pause Young (Normal) (G1 Evacuation Pause)
[2025-09-04T16:33:23.495+0000][gc,task       ] GC(65) Using 8 workers of 8 for evacuation
[2025-09-04T16:33:23.544+0000][gc,mmu        ] GC(65) MMU target violated: 21.0ms (20.0ms/21.0ms)
[2025-09-04T16:33:23.544+0000][gc,phases     ] GC(65)   Pre Evacuate Collection Set: 6.5ms
[2025-09-04T16:33:23.545+0000][gc,phases     ] GC(65)   Evacuate Collection Set: 39.7ms
[2025-09-04T16:33:23.545+0000][gc,phases     ] GC(65)   Post Evacuate Collection Set: 1.5ms
[2025-09-04T16:33:23.545+0000][gc,phases     ] GC(65)   Other: 4.8ms
[2025-09-04T16:33:23.545+0000][gc,heap       ] GC(65) Eden regions: 45->0(46)
[2025-09-04T16:33:23.545+0000][gc,heap       ] GC(65) Survivor regions: 6->5(7)
[2025-09-04T16:33:23.545+0000][gc,heap       ] GC(65) Old regions: 89->90
[2025-09-04T16:33:23.545+0000][gc,heap       ] GC(65) Humongous regions: 129->129
[2025-09-04T16:33:23.545+0000][gc,metaspace  ] GC(65) Metaspace: 54578K(57776K)->54578K(57776K) NonClass: 48104K(49840K)->48104K(49840K) Class: 6474K(7936K)->6474K(7936K)
[2025-09-04T16:33:23.545+0000][gc            ] GC(65) Pause Young (Normal) (G1 Evacuation Pause) 267M->223M(1024M) 51.745ms
[2025-09-04T16:33:23.546+0000][gc,cpu        ] GC(65) User=0.30s Sys=0.02s Real=0.05s
[2025-09-04T16:36:09.533+0000][gc,start      ] GC(66) Pause Young (Normal) (G1 Evacuation Pause)
[2025-09-04T16:36:09.536+0000][gc,task       ] GC(66) Using 8 workers of 8 for evacuation
[2025-09-04T16:36:09.622+0000][gc,mmu        ] GC(66) MMU target violated: 21.0ms (20.0ms/21.0ms)
[2025-09-04T16:36:09.622+0000][gc,phases     ] GC(66)   Pre Evacuate Collection Set: 19.9ms
[2025-09-04T16:36:09.622+0000][gc,phases     ] GC(66)   Evacuate Collection Set: 64.0ms
[2025-09-04T16:36:09.622+0000][gc,phases     ] GC(66)   Post Evacuate Collection Set: 0.7ms
[2025-09-04T16:36:09.622+0000][gc,phases     ] GC(66)   Other: 4.9ms
[2025-09-04T16:36:09.622+0000][gc,heap       ] GC(66) Eden regions: 46->0(44)
[2025-09-04T16:36:09.622+0000][gc,heap       ] GC(66) Survivor regions: 5->7(7)
[2025-09-04T16:36:09.622+0000][gc,heap       ] GC(66) Old regions: 90->92
[2025-09-04T16:36:09.622+0000][gc,heap       ] GC(66) Humongous regions: 129->129
[2025-09-04T16:36:09.622+0000][gc,metaspace  ] GC(66) Metaspace: 54593K(57776K)->54593K(57776K) NonClass: 48119K(49840K)->48119K(49840K) Class: 6474K(7936K)->6474K(7936K)
[2025-09-04T16:36:09.622+0000][gc            ] GC(66) Pause Young (Normal) (G1 Evacuation Pause) 269M->227M(1024M) 89.392ms
[2025-09-04T16:36:09.622+0000][gc,cpu        ] GC(66) User=0.51s Sys=0.00s Real=0.09s
[2025-09-04T16:38:48.281+0000][gc,start      ] GC(67) Pause Young (Normal) (G1 Evacuation Pause)
[2025-09-04T16:38:48.284+0000][gc,task       ] GC(67) Using 8 workers of 8 for evacuation
[2025-09-04T16:38:48.373+0000][gc,mmu        ] GC(67) MMU target violated: 21.0ms (20.0ms/21.0ms)
[2025-09-04T16:38:48.373+0000][gc,phases     ] GC(67)   Pre Evacuate Collection Set: 25.5ms
[2025-09-04T16:38:48.373+0000][gc,phases     ] GC(67)   Evacuate Collection Set: 60.1ms
[2025-09-04T16:38:48.373+0000][gc,phases     ] GC(67)   Post Evacuate Collection Set: 1.3ms
[2025-09-04T16:38:48.373+0000][gc,phases     ] GC(67)   Other: 5.3ms
[2025-09-04T16:38:48.373+0000][gc,heap       ] GC(67) Eden regions: 44->0(45)
[2025-09-04T16:38:48.373+0000][gc,heap       ] GC(67) Survivor regions: 7->6(7)
[2025-09-04T16:38:48.373+0000][gc,heap       ] GC(67) Old regions: 92->97
[2025-09-04T16:38:48.373+0000][gc,heap       ] GC(67) Humongous regions: 129->129
[2025-09-04T16:38:48.373+0000][gc,metaspace  ] GC(67) Metaspace: 54593K(57776K)->54593K(57776K) NonClass: 48119K(49840K)->48119K(49840K) Class: 6474K(7936K)->6474K(7936K)
[2025-09-04T16:38:48.373+0000][gc            ] GC(67) Pause Young (Normal) (G1 Evacuation Pause) 271M->230M(1024M) 92.043ms
[2025-09-04T16:38:48.373+0000][gc,cpu        ] GC(67) User=0.49s Sys=0.01s Real=0.10s
[2025-09-04T16:41:31.193+0000][gc,start      ] GC(68) Pause Young (Normal) (G1 Evacuation Pause)
[2025-09-04T16:41:31.194+0000][gc,task       ] GC(68) Using 8 workers of 8 for evacuation
[2025-09-04T16:41:31.285+0000][gc,mmu        ] GC(68) MMU target violated: 21.0ms (20.0ms/21.0ms)
[2025-09-04T16:41:31.286+0000][gc,phases     ] GC(68)   Pre Evacuate Collection Set: 18.8ms
[2025-09-04T16:41:31.286+0000][gc,phases     ] GC(68)   Evacuate Collection Set: 68.7ms
[2025-09-04T16:41:31.286+0000][gc,phases     ] GC(68)   Post Evacuate Collection Set: 1.5ms
[2025-09-04T16:41:31.286+0000][gc,phases     ] GC(68)   Other: 3.7ms
[2025-09-04T16:41:31.286+0000][gc,heap       ] GC(68) Eden regions: 45->0(45)
[2025-09-04T16:41:31.286+0000][gc,heap       ] GC(68) Survivor regions: 6->6(7)
[2025-09-04T16:41:31.286+0000][gc,heap       ] GC(68) Old regions: 97->99
[2025-09-04T16:41:31.286+0000][gc,heap       ] GC(68) Humongous regions: 129->129
[2025-09-04T16:41:31.286+0000][gc,metaspace  ] GC(68) Metaspace: 54605K(57776K)->54605K(57776K) NonClass: 48131K(49840K)->48131K(49840K) Class: 6474K(7936K)->6474K(7936K)
[2025-09-04T16:41:31.286+0000][gc            ] GC(68) Pause Young (Normal) (G1 Evacuation Pause) 275M->232M(1024M) 92.919ms
[2025-09-04T16:41:31.286+0000][gc,cpu        ] GC(68) User=0.54s Sys=0.01s Real=0.09s
[2025-09-04T16:44:13.874+0000][gc,start      ] GC(69) Pause Young (Normal) (G1 Evacuation Pause)
[2025-09-04T16:44:13.876+0000][gc,task       ] GC(69) Using 8 workers of 8 for evacuation
[2025-09-04T16:44:13.941+0000][gc,mmu        ] GC(69) MMU target violated: 21.0ms (20.0ms/21.0ms)
[2025-09-04T16:44:13.941+0000][gc,phases     ] GC(69)   Pre Evacuate Collection Set: 7.2ms
[2025-09-04T16:44:13.941+0000][gc,phases     ] GC(69)   Evacuate Collection Set: 53.8ms
[2025-09-04T16:44:13.941+0000][gc,phases     ] GC(69)   Post Evacuate Collection Set: 1.7ms
[2025-09-04T16:44:13.942+0000][gc,phases     ] GC(69)   Other: 4.5ms
[2025-09-04T16:44:13.942+0000][gc,heap       ] GC(69) Eden regions: 45->0(46)
[2025-09-04T16:44:13.942+0000][gc,heap       ] GC(69) Survivor regions: 6->5(7)
[2025-09-04T16:44:13.942+0000][gc,heap       ] GC(69) Old regions: 99->100
[2025-09-04T16:44:13.942+0000][gc,heap       ] GC(69) Humongous regions: 129->129
[2025-09-04T16:44:13.942+0000][gc,metaspace  ] GC(69) Metaspace: 54608K(57776K)->54608K(57776K) NonClass: 48133K(49840K)->48133K(49840K) Class: 6474K(7936K)->6474K(7936K)
[2025-09-04T16:44:13.942+0000][gc            ] GC(69) Pause Young (Normal) (G1 Evacuation Pause) 277M->233M(1024M) 67.616ms
[2025-09-04T16:44:13.942+0000][gc,cpu        ] GC(69) User=0.40s Sys=0.01s Real=0.07s
[2025-09-04T16:47:02.452+0000][gc,start      ] GC(70) Pause Young (Normal) (G1 Evacuation Pause)
[2025-09-04T16:47:02.453+0000][gc,task       ] GC(70) Using 8 workers of 8 for evacuation
[2025-09-04T16:47:02.529+0000][gc,mmu        ] GC(70) MMU target violated: 21.0ms (20.0ms/21.0ms)
[2025-09-04T16:47:02.530+0000][gc,phases     ] GC(70)   Pre Evacuate Collection Set: 5.3ms
[2025-09-04T16:47:02.530+0000][gc,phases     ] GC(70)   Evacuate Collection Set: 68.0ms
[2025-09-04T16:47:02.530+0000][gc,phases     ] GC(70)   Post Evacuate Collection Set: 1.2ms
[2025-09-04T16:47:02.530+0000][gc,phases     ] GC(70)   Other: 3.9ms
[2025-09-04T16:47:02.530+0000][gc,heap       ] GC(70) Eden regions: 46->0(46)
[2025-09-04T16:47:02.530+0000][gc,heap       ] GC(70) Survivor regions: 5->5(7)
[2025-09-04T16:47:02.530+0000][gc,heap       ] GC(70) Old regions: 100->102
[2025-09-04T16:47:02.530+0000][gc,heap       ] GC(70) Humongous regions: 129->129
[2025-09-04T16:47:02.530+0000][gc,metaspace  ] GC(70) Metaspace: 54609K(57776K)->54609K(57776K) NonClass: 48135K(49840K)->48135K(49840K) Class: 6474K(7936K)->6474K(7936K)
[2025-09-04T16:47:02.530+0000][gc            ] GC(70) Pause Young (Normal) (G1 Evacuation Pause) 279M->235M(1024M) 78.517ms
[2025-09-04T16:47:02.530+0000][gc,cpu        ] GC(70) User=0.51s Sys=0.00s Real=0.08s
[2025-09-04T16:53:29.872+0000][gc,start      ] GC(71) Pause Young (Normal) (G1 Evacuation Pause)
[2025-09-04T16:53:29.874+0000][gc,task       ] GC(71) Using 8 workers of 8 for evacuation
[2025-09-04T16:53:29.929+0000][gc,mmu        ] GC(71) MMU target violated: 21.0ms (20.0ms/21.0ms)
[2025-09-04T16:53:29.929+0000][gc,phases     ] GC(71)   Pre Evacuate Collection Set: 3.4ms
[2025-09-04T16:53:29.929+0000][gc,phases     ] GC(71)   Evacuate Collection Set: 49.3ms
[2025-09-04T16:53:29.929+0000][gc,phases     ] GC(71)   Post Evacuate Collection Set: 1.4ms
[2025-09-04T16:53:29.929+0000][gc,phases     ] GC(71)   Other: 2.9ms
[2025-09-04T16:53:29.929+0000][gc,heap       ] GC(71) Eden regions: 46->0(46)
[2025-09-04T16:53:29.929+0000][gc,heap       ] GC(71) Survivor regions: 5->5(7)
[2025-09-04T16:53:29.929+0000][gc,heap       ] GC(71) Old regions: 102->104
[2025-09-04T16:53:29.930+0000][gc,heap       ] GC(71) Humongous regions: 129->129
[2025-09-04T16:53:29.930+0000][gc,metaspace  ] GC(71) Metaspace: 54612K(57776K)->54612K(57776K) NonClass: 48138K(49840K)->48138K(49840K) Class: 6474K(7936K)->6474K(7936K)
[2025-09-04T16:53:29.930+0000][gc            ] GC(71) Pause Young (Normal) (G1 Evacuation Pause) 281M->236M(1024M) 57.512ms
[2025-09-04T16:53:29.930+0000][gc,cpu        ] GC(71) User=0.39s Sys=0.00s Real=0.06s
[2025-09-04T16:56:16.201+0000][gc,start      ] GC(72) Pause Young (Normal) (G1 Evacuation Pause)
[2025-09-04T16:56:16.202+0000][gc,task       ] GC(72) Using 8 workers of 8 for evacuation
[2025-09-04T16:56:16.264+0000][gc,mmu        ] GC(72) MMU target violated: 21.0ms (20.0ms/21.0ms)
[2025-09-04T16:56:16.264+0000][gc,phases     ] GC(72)   Pre Evacuate Collection Set: 6.5ms
[2025-09-04T16:56:16.264+0000][gc,phases     ] GC(72)   Evacuate Collection Set: 52.7ms
[2025-09-04T16:56:16.264+0000][gc,phases     ] GC(72)   Post Evacuate Collection Set: 1.3ms
[2025-09-04T16:56:16.264+0000][gc,phases     ] GC(72)   Other: 2.9ms
[2025-09-04T16:56:16.264+0000][gc,heap       ] GC(72) Eden regions: 46->0(46)
[2025-09-04T16:56:16.264+0000][gc,heap       ] GC(72) Survivor regions: 5->5(7)
[2025-09-04T16:56:16.264+0000][gc,heap       ] GC(72) Old regions: 104->105
[2025-09-04T16:56:16.265+0000][gc,heap       ] GC(72) Humongous regions: 129->129
[2025-09-04T16:56:16.265+0000][gc,metaspace  ] GC(72) Metaspace: 54613K(57776K)->54613K(57776K) NonClass: 48138K(49840K)->48138K(49840K) Class: 6474K(7936K)->6474K(7936K)
[2025-09-04T16:56:16.265+0000][gc            ] GC(72) Pause Young (Normal) (G1 Evacuation Pause) 282M->238M(1024M) 63.911ms
[2025-09-04T16:56:16.265+0000][gc,cpu        ] GC(72) User=0.37s Sys=0.01s Real=0.07s
[2025-09-04T17:14:06.615+0000][gc,start      ] GC(73) Pause Young (Normal) (G1 Evacuation Pause)
[2025-09-04T17:14:06.618+0000][gc,task       ] GC(73) Using 8 workers of 8 for evacuation
[2025-09-04T17:14:06.699+0000][gc,mmu        ] GC(73) MMU target violated: 21.0ms (20.0ms/21.0ms)
[2025-09-04T17:14:06.699+0000][gc,phases     ] GC(73)   Pre Evacuate Collection Set: 12.6ms
[2025-09-04T17:14:06.699+0000][gc,phases     ] GC(73)   Evacuate Collection Set: 65.6ms
[2025-09-04T17:14:06.699+0000][gc,phases     ] GC(73)   Post Evacuate Collection Set: 1.4ms
[2025-09-04T17:14:06.700+0000][gc,phases     ] GC(73)   Other: 5.3ms
[2025-09-04T17:14:06.700+0000][gc,heap       ] GC(73) Eden regions: 46->0(46)
[2025-09-04T17:14:06.700+0000][gc,heap       ] GC(73) Survivor regions: 5->5(7)
[2025-09-04T17:14:06.700+0000][gc,heap       ] GC(73) Old regions: 105->107
[2025-09-04T17:14:06.700+0000][gc,heap       ] GC(73) Humongous regions: 129->129
[2025-09-04T17:14:06.700+0000][gc,metaspace  ] GC(73) Metaspace: 54613K(57776K)->54613K(57776K) NonClass: 48138K(49840K)->48138K(49840K) Class: 6474K(7936K)->6474K(7936K)
[2025-09-04T17:14:06.700+0000][gc            ] GC(73) Pause Young (Normal) (G1 Evacuation Pause) 284M->240M(1024M) 84.932ms
[2025-09-04T17:14:06.700+0000][gc,cpu        ] GC(73) User=0.50s Sys=0.01s Real=0.09s
[2025-09-04T18:17:47.769+0000][gc,start      ] GC(74) Pause Young (Normal) (G1 Evacuation Pause)
[2025-09-04T18:17:47.770+0000][gc,task       ] GC(74) Using 8 workers of 8 for evacuation
[2025-09-04T18:17:47.821+0000][gc,mmu        ] GC(74) MMU target violated: 21.0ms (20.0ms/21.0ms)
[2025-09-04T18:17:47.821+0000][gc,phases     ] GC(74)   Pre Evacuate Collection Set: 3.9ms
[2025-09-04T18:17:47.821+0000][gc,phases     ] GC(74)   Evacuate Collection Set: 44.8ms
[2025-09-04T18:17:47.821+0000][gc,phases     ] GC(74)   Post Evacuate Collection Set: 1.0ms
[2025-09-04T18:17:47.821+0000][gc,phases     ] GC(74)   Other: 1.9ms
[2025-09-04T18:17:47.821+0000][gc,heap       ] GC(74) Eden regions: 46->0(45)
[2025-09-04T18:17:47.821+0000][gc,heap       ] GC(74) Survivor regions: 5->6(7)
[2025-09-04T18:17:47.821+0000][gc,heap       ] GC(74) Old regions: 107->108
[2025-09-04T18:17:47.821+0000][gc,heap       ] GC(74) Humongous regions: 129->129
[2025-09-04T18:17:47.821+0000][gc,metaspace  ] GC(74) Metaspace: 54613K(57776K)->54613K(57776K) NonClass: 48138K(49840K)->48138K(49840K) Class: 6474K(7936K)->6474K(7936K)
[2025-09-04T18:17:47.821+0000][gc            ] GC(74) Pause Young (Normal) (G1 Evacuation Pause) 286M->242M(1024M) 51.789ms
[2025-09-04T18:17:47.821+0000][gc,cpu        ] GC(74) User=0.31s Sys=0.00s Real=0.05s
[2025-09-04T18:44:37.872+0000][gc,start      ] GC(75) Pause Young (Normal) (G1 Evacuation Pause)
[2025-09-04T18:44:37.873+0000][gc,task       ] GC(75) Using 8 workers of 8 for evacuation
[2025-09-04T18:44:37.940+0000][gc,mmu        ] GC(75) MMU target violated: 21.0ms (20.0ms/21.0ms)
[2025-09-04T18:44:37.941+0000][gc,phases     ] GC(75)   Pre Evacuate Collection Set: 5.7ms
[2025-09-04T18:44:37.941+0000][gc,phases     ] GC(75)   Evacuate Collection Set: 57.3ms
[2025-09-04T18:44:37.941+0000][gc,phases     ] GC(75)   Post Evacuate Collection Set: 1.9ms
[2025-09-04T18:44:37.941+0000][gc,phases     ] GC(75)   Other: 4.2ms
[2025-09-04T18:44:37.941+0000][gc,heap       ] GC(75) Eden regions: 45->0(45)
[2025-09-04T18:44:37.941+0000][gc,heap       ] GC(75) Survivor regions: 6->6(7)
[2025-09-04T18:44:37.941+0000][gc,heap       ] GC(75) Old regions: 108->111
[2025-09-04T18:44:37.941+0000][gc,heap       ] GC(75) Humongous regions: 129->129
[2025-09-04T18:44:37.941+0000][gc,metaspace  ] GC(75) Metaspace: 54613K(57776K)->54613K(57776K) NonClass: 48138K(49840K)->48138K(49840K) Class: 6474K(7936K)->6474K(7936K)
[2025-09-04T18:44:37.941+0000][gc            ] GC(75) Pause Young (Normal) (G1 Evacuation Pause) 287M->244M(1024M) 69.503ms
[2025-09-04T18:44:37.941+0000][gc,cpu        ] GC(75) User=0.37s Sys=0.01s Real=0.07s
[2025-09-04T19:35:24.567+0000][gc,start      ] GC(76) Pause Young (Normal) (G1 Evacuation Pause)
[2025-09-04T19:35:24.571+0000][gc,task       ] GC(76) Using 8 workers of 8 for evacuation
[2025-09-04T19:35:24.655+0000][gc,mmu        ] GC(76) MMU target violated: 21.0ms (20.0ms/21.0ms)
[2025-09-04T19:35:24.656+0000][gc,phases     ] GC(76)   Pre Evacuate Collection Set: 18.1ms
[2025-09-04T19:35:24.656+0000][gc,phases     ] GC(76)   Evacuate Collection Set: 59.6ms
[2025-09-04T19:35:24.656+0000][gc,phases     ] GC(76)   Post Evacuate Collection Set: 1.7ms
[2025-09-04T19:35:24.656+0000][gc,phases     ] GC(76)   Other: 9.8ms
[2025-09-04T19:35:24.656+0000][gc,heap       ] GC(76) Eden regions: 45->0(46)
[2025-09-04T19:35:24.656+0000][gc,heap       ] GC(76) Survivor regions: 6->5(7)
[2025-09-04T19:35:24.656+0000][gc,heap       ] GC(76) Old regions: 111->113
[2025-09-04T19:35:24.656+0000][gc,heap       ] GC(76) Humongous regions: 129->129
[2025-09-04T19:35:24.656+0000][gc,metaspace  ] GC(76) Metaspace: 54614K(57776K)->54614K(57776K) NonClass: 48139K(49840K)->48139K(49840K) Class: 6474K(7936K)->6474K(7936K)
[2025-09-04T19:35:24.656+0000][gc            ] GC(76) Pause Young (Normal) (G1 Evacuation Pause) 289M->245M(1024M) 88.871ms
[2025-09-04T19:35:24.656+0000][gc,cpu        ] GC(76) User=0.47s Sys=0.00s Real=0.09s
[2025-09-04T21:34:45.153+0000][gc,start      ] GC(77) Pause Young (Normal) (G1 Evacuation Pause)
[2025-09-04T21:34:45.154+0000][gc,task       ] GC(77) Using 8 workers of 8 for evacuation
[2025-09-04T21:34:45.219+0000][gc,mmu        ] GC(77) MMU target violated: 21.0ms (20.0ms/21.0ms)
[2025-09-04T21:34:45.219+0000][gc,phases     ] GC(77)   Pre Evacuate Collection Set: 5.2ms
[2025-09-04T21:34:45.219+0000][gc,phases     ] GC(77)   Evacuate Collection Set: 55.7ms
[2025-09-04T21:34:45.219+0000][gc,phases     ] GC(77)   Post Evacuate Collection Set: 1.3ms
[2025-09-04T21:34:45.219+0000][gc,phases     ] GC(77)   Other: 5.2ms
[2025-09-04T21:34:45.219+0000][gc,heap       ] GC(77) Eden regions: 46->0(46)
[2025-09-04T21:34:45.219+0000][gc,heap       ] GC(77) Survivor regions: 5->5(7)
[2025-09-04T21:34:45.219+0000][gc,heap       ] GC(77) Old regions: 113->114
[2025-09-04T21:34:45.219+0000][gc,heap       ] GC(77) Humongous regions: 129->129
[2025-09-04T21:34:45.219+0000][gc,metaspace  ] GC(77) Metaspace: 54614K(57776K)->54614K(57776K) NonClass: 48139K(49840K)->48139K(49840K) Class: 6474K(7936K)->6474K(7936K)
[2025-09-04T21:34:45.219+0000][gc            ] GC(77) Pause Young (Normal) (G1 Evacuation Pause) 291M->247M(1024M) 66.881ms
[2025-09-04T21:34:45.219+0000][gc,cpu        ] GC(77) User=0.43s Sys=0.00s Real=0.07s
[2025-09-04T23:32:44.115+0000][gc,start      ] GC(78) Pause Young (Normal) (G1 Evacuation Pause)
[2025-09-04T23:32:44.118+0000][gc,task       ] GC(78) Using 8 workers of 8 for evacuation
[2025-09-04T23:32:44.184+0000][gc,mmu        ] GC(78) MMU target violated: 21.0ms (20.0ms/21.0ms)
[2025-09-04T23:32:44.184+0000][gc,phases     ] GC(78)   Pre Evacuate Collection Set: 6.2ms
[2025-09-04T23:32:44.184+0000][gc,phases     ] GC(78)   Evacuate Collection Set: 56.9ms
[2025-09-04T23:32:44.184+0000][gc,phases     ] GC(78)   Post Evacuate Collection Set: 1.2ms
[2025-09-04T23:32:44.184+0000][gc,phases     ] GC(78)   Other: 5.4ms
[2025-09-04T23:32:44.184+0000][gc,heap       ] GC(78) Eden regions: 46->0(46)
[2025-09-04T23:32:44.184+0000][gc,heap       ] GC(78) Survivor regions: 5->5(7)
[2025-09-04T23:32:44.184+0000][gc,heap       ] GC(78) Old regions: 114->117
[2025-09-04T23:32:44.184+0000][gc,heap       ] GC(78) Humongous regions: 129->129
[2025-09-04T23:32:44.185+0000][gc,metaspace  ] GC(78) Metaspace: 54620K(57776K)->54620K(57776K) NonClass: 48146K(49840K)->48146K(49840K) Class: 6474K(7936K)->6474K(7936K)
[2025-09-04T23:32:44.185+0000][gc            ] GC(78) Pause Young (Normal) (G1 Evacuation Pause) 293M->249M(1024M) 69.631ms
[2025-09-04T23:32:44.185+0000][gc,cpu        ] GC(78) User=0.44s Sys=0.00s Real=0.07s
[2025-09-05T01:29:32.322+0000][gc,start      ] GC(79) Pause Young (Normal) (G1 Evacuation Pause)
[2025-09-05T01:29:32.324+0000][gc,task       ] GC(79) Using 8 workers of 8 for evacuation
[2025-09-05T01:29:32.396+0000][gc,mmu        ] GC(79) MMU target violated: 21.0ms (20.0ms/21.0ms)
[2025-09-05T01:29:32.396+0000][gc,phases     ] GC(79)   Pre Evacuate Collection Set: 6.6ms
[2025-09-05T01:29:32.397+0000][gc,phases     ] GC(79)   Evacuate Collection Set: 62.7ms
[2025-09-05T01:29:32.397+0000][gc,phases     ] GC(79)   Post Evacuate Collection Set: 1.3ms
[2025-09-05T01:29:32.397+0000][gc,phases     ] GC(79)   Other: 4.0ms
[2025-09-05T01:29:32.397+0000][gc,heap       ] GC(79) Eden regions: 46->0(46)
[2025-09-05T01:29:32.397+0000][gc,heap       ] GC(79) Survivor regions: 5->5(7)
[2025-09-05T01:29:32.397+0000][gc,heap       ] GC(79) Old regions: 117->118
[2025-09-05T01:29:32.397+0000][gc,heap       ] GC(79) Humongous regions: 129->129
[2025-09-05T01:29:32.397+0000][gc,metaspace  ] GC(79) Metaspace: 54629K(57776K)->54629K(57776K) NonClass: 48155K(49840K)->48155K(49840K) Class: 6474K(7936K)->6474K(7936K)
[2025-09-05T01:29:32.397+0000][gc            ] GC(79) Pause Young (Normal) (G1 Evacuation Pause) 295M->251M(1024M) 74.854ms
[2025-09-05T01:29:32.397+0000][gc,cpu        ] GC(79) User=0.44s Sys=0.01s Real=0.08s
[2025-09-05T02:39:19.914+0000][gc,start      ] GC(80) Pause Young (Normal) (G1 Evacuation Pause)
[2025-09-05T02:39:19.917+0000][gc,task       ] GC(80) Using 8 workers of 8 for evacuation
[2025-09-05T02:39:19.974+0000][gc,mmu        ] GC(80) MMU target violated: 21.0ms (20.0ms/21.0ms)
[2025-09-05T02:39:19.974+0000][gc,phases     ] GC(80)   Pre Evacuate Collection Set: 5.7ms
[2025-09-05T02:39:19.974+0000][gc,phases     ] GC(80)   Evacuate Collection Set: 47.8ms
[2025-09-05T02:39:19.974+0000][gc,phases     ] GC(80)   Post Evacuate Collection Set: 1.7ms
[2025-09-05T02:39:19.974+0000][gc,phases     ] GC(80)   Other: 5.5ms
[2025-09-05T02:39:19.974+0000][gc,heap       ] GC(80) Eden regions: 46->0(46)
[2025-09-05T02:39:19.974+0000][gc,heap       ] GC(80) Survivor regions: 5->5(7)
[2025-09-05T02:39:19.974+0000][gc,heap       ] GC(80) Old regions: 118->120
[2025-09-05T02:39:19.974+0000][gc,heap       ] GC(80) Humongous regions: 129->129
[2025-09-05T02:39:19.975+0000][gc,metaspace  ] GC(80) Metaspace: 54654K(57776K)->54654K(57776K) NonClass: 48180K(49840K)->48180K(49840K) Class: 6474K(7936K)->6474K(7936K)
[2025-09-05T02:39:19.975+0000][gc            ] GC(80) Pause Young (Normal) (G1 Evacuation Pause) 297M->252M(1024M) 60.813ms
[2025-09-05T02:39:19.975+0000][gc,cpu        ] GC(80) User=0.38s Sys=0.01s Real=0.06s
[2025-09-05T03:27:27.153+0000][gc,start      ] GC(81) Pause Young (Normal) (G1 Evacuation Pause)
[2025-09-05T03:27:27.155+0000][gc,task       ] GC(81) Using 8 workers of 8 for evacuation
[2025-09-05T03:27:27.215+0000][gc,mmu        ] GC(81) MMU target violated: 21.0ms (20.0ms/21.0ms)
[2025-09-05T03:27:27.215+0000][gc,phases     ] GC(81)   Pre Evacuate Collection Set: 6.9ms
[2025-09-05T03:27:27.215+0000][gc,phases     ] GC(81)   Evacuate Collection Set: 49.0ms
[2025-09-05T03:27:27.215+0000][gc,phases     ] GC(81)   Post Evacuate Collection Set: 1.2ms
[2025-09-05T03:27:27.215+0000][gc,phases     ] GC(81)   Other: 4.6ms
[2025-09-05T03:27:27.215+0000][gc,heap       ] GC(81) Eden regions: 46->0(46)
[2025-09-05T03:27:27.215+0000][gc,heap       ] GC(81) Survivor regions: 5->5(7)
[2025-09-05T03:27:27.216+0000][gc,heap       ] GC(81) Old regions: 120->122
[2025-09-05T03:27:27.216+0000][gc,heap       ] GC(81) Humongous regions: 129->129
[2025-09-05T03:27:27.216+0000][gc,metaspace  ] GC(81) Metaspace: 54654K(57776K)->54654K(57776K) NonClass: 48180K(49840K)->48180K(49840K) Class: 6474K(7936K)->6474K(7936K)
[2025-09-05T03:27:27.216+0000][gc            ] GC(81) Pause Young (Normal) (G1 Evacuation Pause) 298M->254M(1024M) 62.473ms
[2025-09-05T03:27:27.216+0000][gc,cpu        ] GC(81) User=0.38s Sys=0.00s Real=0.06s
[2025-09-05T05:18:29.511+0000][gc,start      ] GC(82) Pause Young (Normal) (G1 Evacuation Pause)
[2025-09-05T05:18:29.514+0000][gc,task       ] GC(82) Using 8 workers of 8 for evacuation
[2025-09-05T05:18:29.559+0000][gc,mmu        ] GC(82) MMU target violated: 21.0ms (20.0ms/21.0ms)
[2025-09-05T05:18:29.560+0000][gc,phases     ] GC(82)   Pre Evacuate Collection Set: 3.9ms
[2025-09-05T05:18:29.560+0000][gc,phases     ] GC(82)   Evacuate Collection Set: 39.3ms
[2025-09-05T05:18:29.560+0000][gc,phases     ] GC(82)   Post Evacuate Collection Set: 1.1ms
[2025-09-05T05:18:29.560+0000][gc,phases     ] GC(82)   Other: 6.0ms
[2025-09-05T05:18:29.560+0000][gc,heap       ] GC(82) Eden regions: 46->0(46)
[2025-09-05T05:18:29.560+0000][gc,heap       ] GC(82) Survivor regions: 5->5(7)
[2025-09-05T05:18:29.560+0000][gc,heap       ] GC(82) Old regions: 122->123
[2025-09-05T05:18:29.560+0000][gc,heap       ] GC(82) Humongous regions: 129->129
[2025-09-05T05:18:29.560+0000][gc,metaspace  ] GC(82) Metaspace: 54654K(57776K)->54654K(57776K) NonClass: 48180K(49840K)->48180K(49840K) Class: 6474K(7936K)->6474K(7936K)
[2025-09-05T05:18:29.560+0000][gc            ] GC(82) Pause Young (Normal) (G1 Evacuation Pause) 300M->255M(1024M) 49.119ms
[2025-09-05T05:18:29.561+0000][gc,cpu        ] GC(82) User=0.30s Sys=0.01s Real=0.05s
[2025-09-05T05:33:44.258+0000][gc,start      ] GC(83) Pause Young (Normal) (G1 Evacuation Pause)
[2025-09-05T05:33:44.259+0000][gc,task       ] GC(83) Using 8 workers of 8 for evacuation
[2025-09-05T05:33:44.336+0000][gc,mmu        ] GC(83) MMU target violated: 21.0ms (20.0ms/21.0ms)
[2025-09-05T05:33:44.336+0000][gc,phases     ] GC(83)   Pre Evacuate Collection Set: 12.2ms
[2025-09-05T05:33:44.336+0000][gc,phases     ] GC(83)   Evacuate Collection Set: 59.6ms
[2025-09-05T05:33:44.337+0000][gc,phases     ] GC(83)   Post Evacuate Collection Set: 3.1ms
[2025-09-05T05:33:44.337+0000][gc,phases     ] GC(83)   Other: 3.9ms
[2025-09-05T05:33:44.337+0000][gc,heap       ] GC(83) Eden regions: 46->0(46)
[2025-09-05T05:33:44.338+0000][gc,heap       ] GC(83) Survivor regions: 5->5(7)
[2025-09-05T05:33:44.338+0000][gc,heap       ] GC(83) Old regions: 123->125
[2025-09-05T05:33:44.338+0000][gc,heap       ] GC(83) Humongous regions: 129->129
[2025-09-05T05:33:44.338+0000][gc,metaspace  ] GC(83) Metaspace: 54654K(57776K)->54654K(57776K) NonClass: 48180K(49840K)->48180K(49840K) Class: 6474K(7936K)->6474K(7936K)
[2025-09-05T05:33:44.338+0000][gc            ] GC(83) Pause Young (Normal) (G1 Evacuation Pause) 301M->257M(1024M) 80.803ms
[2025-09-05T05:33:44.339+0000][gc,cpu        ] GC(83) User=0.43s Sys=0.03s Real=0.08s
[2025-09-05T05:37:28.151+0000][gc,start      ] GC(84) Pause Young (Normal) (G1 Evacuation Pause)
[2025-09-05T05:37:28.151+0000][gc,task       ] GC(84) Using 8 workers of 8 for evacuation
[2025-09-05T05:37:28.190+0000][gc,mmu        ] GC(84) MMU target violated: 21.0ms (20.0ms/21.0ms)
[2025-09-05T05:37:28.191+0000][gc,phases     ] GC(84)   Pre Evacuate Collection Set: 3.4ms
[2025-09-05T05:37:28.191+0000][gc,phases     ] GC(84)   Evacuate Collection Set: 33.1ms
[2025-09-05T05:37:28.191+0000][gc,phases     ] GC(84)   Post Evacuate Collection Set: 1.1ms
[2025-09-05T05:37:28.191+0000][gc,phases     ] GC(84)   Other: 2.8ms
[2025-09-05T05:37:28.191+0000][gc,heap       ] GC(84) Eden regions: 46->0(46)
[2025-09-05T05:37:28.191+0000][gc,heap       ] GC(84) Survivor regions: 5->5(7)
[2025-09-05T05:37:28.191+0000][gc,heap       ] GC(84) Old regions: 125->126
[2025-09-05T05:37:28.191+0000][gc,heap       ] GC(84) Humongous regions: 129->129
[2025-09-05T05:37:28.191+0000][gc,metaspace  ] GC(84) Metaspace: 54654K(57776K)->54654K(57776K) NonClass: 48180K(49840K)->48180K(49840K) Class: 6474K(7936K)->6474K(7936K)
[2025-09-05T05:37:28.191+0000][gc            ] GC(84) Pause Young (Normal) (G1 Evacuation Pause) 303M->259M(1024M) 40.510ms
[2025-09-05T05:37:28.191+0000][gc,cpu        ] GC(84) User=0.17s Sys=0.01s Real=0.05s
[2025-09-05T05:40:15.154+0000][gc,start      ] GC(85) Pause Young (Normal) (G1 Evacuation Pause)
[2025-09-05T05:40:15.157+0000][gc,task       ] GC(85) Using 8 workers of 8 for evacuation
[2025-09-05T05:40:15.228+0000][gc,mmu        ] GC(85) MMU target violated: 21.0ms (20.0ms/21.0ms)
[2025-09-05T05:40:15.228+0000][gc,phases     ] GC(85)   Pre Evacuate Collection Set: 10.0ms
[2025-09-05T05:40:15.228+0000][gc,phases     ] GC(85)   Evacuate Collection Set: 58.9ms
[2025-09-05T05:40:15.228+0000][gc,phases     ] GC(85)   Post Evacuate Collection Set: 1.0ms
[2025-09-05T05:40:15.229+0000][gc,phases     ] GC(85)   Other: 4.4ms
[2025-09-05T05:40:15.229+0000][gc,heap       ] GC(85) Eden regions: 46->0(47)
[2025-09-05T05:40:15.229+0000][gc,heap       ] GC(85) Survivor regions: 5->4(7)
[2025-09-05T05:40:15.229+0000][gc,heap       ] GC(85) Old regions: 126->128
[2025-09-05T05:40:15.229+0000][gc,heap       ] GC(85) Humongous regions: 129->129
[2025-09-05T05:40:15.229+0000][gc,metaspace  ] GC(85) Metaspace: 54663K(57776K)->54663K(57776K) NonClass: 48189K(49840K)->48189K(49840K) Class: 6474K(7936K)->6474K(7936K)
[2025-09-05T05:40:15.229+0000][gc            ] GC(85) Pause Young (Normal) (G1 Evacuation Pause) 305M->260M(1024M) 74.410ms
[2025-09-05T05:40:15.229+0000][gc,cpu        ] GC(85) User=0.43s Sys=0.04s Real=0.08s
[2025-09-05T05:43:06.310+0000][gc,start      ] GC(86) Pause Young (Normal) (G1 Evacuation Pause)
[2025-09-05T05:43:06.312+0000][gc,task       ] GC(86) Using 8 workers of 8 for evacuation
[2025-09-05T05:43:06.363+0000][gc,mmu        ] GC(86) MMU target violated: 21.0ms (20.0ms/21.0ms)
[2025-09-05T05:43:06.364+0000][gc,phases     ] GC(86)   Pre Evacuate Collection Set: 6.7ms
[2025-09-05T05:43:06.364+0000][gc,phases     ] GC(86)   Evacuate Collection Set: 41.9ms
[2025-09-05T05:43:06.364+0000][gc,phases     ] GC(86)   Post Evacuate Collection Set: 1.4ms
[2025-09-05T05:43:06.364+0000][gc,phases     ] GC(86)   Other: 3.9ms
[2025-09-05T05:43:06.364+0000][gc,heap       ] GC(86) Eden regions: 47->0(46)
[2025-09-05T05:43:06.364+0000][gc,heap       ] GC(86) Survivor regions: 4->5(7)
[2025-09-05T05:43:06.364+0000][gc,heap       ] GC(86) Old regions: 128->130
[2025-09-05T05:43:06.365+0000][gc,heap       ] GC(86) Humongous regions: 129->129
[2025-09-05T05:43:06.365+0000][gc,metaspace  ] GC(86) Metaspace: 54663K(57776K)->54663K(57776K) NonClass: 48189K(49840K)->48189K(49840K) Class: 6474K(7936K)->6474K(7936K)
[2025-09-05T05:43:06.365+0000][gc            ] GC(86) Pause Young (Normal) (G1 Evacuation Pause) 307M->262M(1024M) 54.621ms
[2025-09-05T05:43:06.365+0000][gc,cpu        ] GC(86) User=0.33s Sys=0.01s Real=0.06s
[2025-09-05T05:45:58.061+0000][gc,start      ] GC(87) Pause Young (Normal) (G1 Evacuation Pause)
[2025-09-05T05:45:58.062+0000][gc,task       ] GC(87) Using 8 workers of 8 for evacuation
[2025-09-05T05:45:58.120+0000][gc,mmu        ] GC(87) MMU target violated: 21.0ms (20.0ms/21.0ms)
[2025-09-05T05:45:58.120+0000][gc,phases     ] GC(87)   Pre Evacuate Collection Set: 6.2ms
[2025-09-05T05:45:58.120+0000][gc,phases     ] GC(87)   Evacuate Collection Set: 49.2ms
[2025-09-05T05:45:58.120+0000][gc,phases     ] GC(87)   Post Evacuate Collection Set: 1.1ms
[2025-09-05T05:45:58.120+0000][gc,phases     ] GC(87)   Other: 3.4ms
[2025-09-05T05:45:58.120+0000][gc,heap       ] GC(87) Eden regions: 46->0(47)
[2025-09-05T05:45:58.120+0000][gc,heap       ] GC(87) Survivor regions: 5->4(7)
[2025-09-05T05:45:58.120+0000][gc,heap       ] GC(87) Old regions: 130->131
[2025-09-05T05:45:58.120+0000][gc,heap       ] GC(87) Humongous regions: 129->129
[2025-09-05T05:45:58.121+0000][gc,metaspace  ] GC(87) Metaspace: 54663K(57776K)->54663K(57776K) NonClass: 48189K(49840K)->48189K(49840K) Class: 6474K(7936K)->6474K(7936K)
[2025-09-05T05:45:58.121+0000][gc            ] GC(87) Pause Young (Normal) (G1 Evacuation Pause) 308M->263M(1024M) 59.575ms
[2025-09-05T05:45:58.121+0000][gc,cpu        ] GC(87) User=0.37s Sys=0.01s Real=0.06s
[2025-09-05T05:48:48.050+0000][gc,start      ] GC(88) Pause Young (Normal) (G1 Evacuation Pause)
[2025-09-05T05:48:48.052+0000][gc,task       ] GC(88) Using 8 workers of 8 for evacuation
[2025-09-05T05:48:48.113+0000][gc,mmu        ] GC(88) MMU target violated: 21.0ms (20.0ms/21.0ms)
[2025-09-05T05:48:48.114+0000][gc,phases     ] GC(88)   Pre Evacuate Collection Set: 6.6ms
[2025-09-05T05:48:48.114+0000][gc,phases     ] GC(88)   Evacuate Collection Set: 52.6ms
[2025-09-05T05:48:48.114+0000][gc,phases     ] GC(88)   Post Evacuate Collection Set: 1.3ms
[2025-09-05T05:48:48.114+0000][gc,phases     ] GC(88)   Other: 3.5ms
[2025-09-05T05:48:48.114+0000][gc,heap       ] GC(88) Eden regions: 47->0(47)
[2025-09-05T05:48:48.114+0000][gc,heap       ] GC(88) Survivor regions: 4->4(7)
[2025-09-05T05:48:48.114+0000][gc,heap       ] GC(88) Old regions: 131->133
[2025-09-05T05:48:48.114+0000][gc,heap       ] GC(88) Humongous regions: 129->129
[2025-09-05T05:48:48.114+0000][gc,metaspace  ] GC(88) Metaspace: 54700K(57776K)->54700K(57776K) NonClass: 48226K(49840K)->48226K(49840K) Class: 6474K(7936K)->6474K(7936K)
[2025-09-05T05:48:48.115+0000][gc            ] GC(88) Pause Young (Normal) (G1 Evacuation Pause) 310M->265M(1024M) 64.958ms
[2025-09-05T05:48:48.115+0000][gc,cpu        ] GC(88) User=0.38s Sys=0.02s Real=0.06s
[2025-09-05T05:51:37.433+0000][gc,start      ] GC(89) Pause Young (Normal) (G1 Evacuation Pause)
[2025-09-05T05:51:37.434+0000][gc,task       ] GC(89) Using 8 workers of 8 for evacuation
[2025-09-05T05:51:37.478+0000][gc,mmu        ] GC(89) MMU target violated: 21.0ms (20.0ms/21.0ms)
[2025-09-05T05:51:37.478+0000][gc,phases     ] GC(89)   Pre Evacuate Collection Set: 10.0ms
[2025-09-05T05:51:37.478+0000][gc,phases     ] GC(89)   Evacuate Collection Set: 31.1ms
[2025-09-05T05:51:37.478+0000][gc,phases     ] GC(89)   Post Evacuate Collection Set: 1.0ms
[2025-09-05T05:51:37.478+0000][gc,phases     ] GC(89)   Other: 2.8ms
[2025-09-05T05:51:37.478+0000][gc,heap       ] GC(89) Eden regions: 47->0(46)
[2025-09-05T05:51:37.478+0000][gc,heap       ] GC(89) Survivor regions: 4->5(7)
[2025-09-05T05:51:37.478+0000][gc,heap       ] GC(89) Old regions: 133->135
[2025-09-05T05:51:37.478+0000][gc,heap       ] GC(89) Humongous regions: 129->129
[2025-09-05T05:51:37.478+0000][gc,metaspace  ] GC(89) Metaspace: 54700K(57776K)->54700K(57776K) NonClass: 48226K(49840K)->48226K(49840K) Class: 6474K(7936K)->6474K(7936K)
[2025-09-05T05:51:37.478+0000][gc            ] GC(89) Pause Young (Normal) (G1 Evacuation Pause) 312M->267M(1024M) 45.371ms
[2025-09-05T05:51:37.478+0000][gc,cpu        ] GC(89) User=0.25s Sys=0.00s Real=0.04s
[2025-09-05T05:54:25.674+0000][gc,start      ] GC(90) Pause Young (Normal) (G1 Evacuation Pause)
[2025-09-05T05:54:25.676+0000][gc,task       ] GC(90) Using 8 workers of 8 for evacuation
[2025-09-05T05:54:25.729+0000][gc,mmu        ] GC(90) MMU target violated: 21.0ms (20.0ms/21.0ms)
[2025-09-05T05:54:25.730+0000][gc,phases     ] GC(90)   Pre Evacuate Collection Set: 6.0ms
[2025-09-05T05:54:25.730+0000][gc,phases     ] GC(90)   Evacuate Collection Set: 45.4ms
[2025-09-05T05:54:25.730+0000][gc,phases     ] GC(90)   Post Evacuate Collection Set: 1.1ms
[2025-09-05T05:54:25.730+0000][gc,phases     ] GC(90)   Other: 3.2ms
[2025-09-05T05:54:25.730+0000][gc,heap       ] GC(90) Eden regions: 46->0(47)
[2025-09-05T05:54:25.730+0000][gc,heap       ] GC(90) Survivor regions: 5->4(7)
[2025-09-05T05:54:25.730+0000][gc,heap       ] GC(90) Old regions: 135->136
[2025-09-05T05:54:25.730+0000][gc,heap       ] GC(90) Humongous regions: 129->129
[2025-09-05T05:54:25.730+0000][gc,metaspace  ] GC(90) Metaspace: 54700K(57776K)->54700K(57776K) NonClass: 48226K(49840K)->48226K(49840K) Class: 6474K(7936K)->6474K(7936K)
[2025-09-05T05:54:25.730+0000][gc            ] GC(90) Pause Young (Normal) (G1 Evacuation Pause) 313M->268M(1024M) 55.841ms
[2025-09-05T05:54:25.730+0000][gc,cpu        ] GC(90) User=0.29s Sys=0.02s Real=0.06s
[2025-09-05T05:57:16.716+0000][gc,start      ] GC(91) Pause Young (Normal) (G1 Evacuation Pause)
[2025-09-05T05:57:16.720+0000][gc,task       ] GC(91) Using 8 workers of 8 for evacuation
[2025-09-05T05:57:16.790+0000][gc,mmu        ] GC(91) MMU target violated: 21.0ms (20.0ms/21.0ms)
[2025-09-05T05:57:16.790+0000][gc,phases     ] GC(91)   Pre Evacuate Collection Set: 9.8ms
[2025-09-05T05:57:16.790+0000][gc,phases     ] GC(91)   Evacuate Collection Set: 56.7ms
[2025-09-05T05:57:16.791+0000][gc,phases     ] GC(91)   Post Evacuate Collection Set: 1.6ms
[2025-09-05T05:57:16.791+0000][gc,phases     ] GC(91)   Other: 7.1ms
[2025-09-05T05:57:16.791+0000][gc,heap       ] GC(91) Eden regions: 47->0(46)
[2025-09-05T05:57:16.791+0000][gc,heap       ] GC(91) Survivor regions: 4->5(7)
[2025-09-05T05:57:16.791+0000][gc,heap       ] GC(91) Old regions: 136->138
[2025-09-05T05:57:16.791+0000][gc,heap       ] GC(91) Humongous regions: 129->129
[2025-09-05T05:57:16.791+0000][gc,metaspace  ] GC(91) Metaspace: 54700K(57776K)->54700K(57776K) NonClass: 48226K(49840K)->48226K(49840K) Class: 6474K(7936K)->6474K(7936K)
[2025-09-05T05:57:16.792+0000][gc            ] GC(91) Pause Young (Normal) (G1 Evacuation Pause) 315M->270M(1024M) 75.640ms
[2025-09-05T05:57:16.792+0000][gc,cpu        ] GC(91) User=0.35s Sys=0.04s Real=0.07s
[2025-09-05T06:00:13.180+0000][gc,start      ] GC(92) Pause Young (Normal) (G1 Evacuation Pause)
[2025-09-05T06:00:13.182+0000][gc,task       ] GC(92) Using 8 workers of 8 for evacuation
[2025-09-05T06:00:13.248+0000][gc,mmu        ] GC(92) MMU target violated: 21.0ms (20.0ms/21.0ms)
[2025-09-05T06:00:13.249+0000][gc,phases     ] GC(92)   Pre Evacuate Collection Set: 6.7ms
[2025-09-05T06:00:13.249+0000][gc,phases     ] GC(92)   Evacuate Collection Set: 57.3ms
[2025-09-05T06:00:13.249+0000][gc,phases     ] GC(92)   Post Evacuate Collection Set: 1.0ms
[2025-09-05T06:00:13.249+0000][gc,phases     ] GC(92)   Other: 3.4ms
[2025-09-05T06:00:13.249+0000][gc,heap       ] GC(92) Eden regions: 46->0(46)
[2025-09-05T06:00:13.249+0000][gc,heap       ] GC(92) Survivor regions: 5->5(7)
[2025-09-05T06:00:13.249+0000][gc,heap       ] GC(92) Old regions: 138->140
[2025-09-05T06:00:13.249+0000][gc,heap       ] GC(92) Humongous regions: 129->129
[2025-09-05T06:00:13.249+0000][gc,metaspace  ] GC(92) Metaspace: 54707K(57776K)->54707K(57776K) NonClass: 48233K(49840K)->48233K(49840K) Class: 6474K(7936K)->6474K(7936K)
[2025-09-05T06:00:13.249+0000][gc            ] GC(92) Pause Young (Normal) (G1 Evacuation Pause) 316M->272M(1024M) 68.824ms
[2025-09-05T06:00:13.249+0000][gc,cpu        ] GC(92) User=0.41s Sys=0.02s Real=0.07s
[2025-09-05T06:05:35.787+0000][gc,start      ] GC(93) Pause Young (Normal) (G1 Evacuation Pause)
[2025-09-05T06:05:35.788+0000][gc,task       ] GC(93) Using 8 workers of 8 for evacuation
[2025-09-05T06:05:35.847+0000][gc,mmu        ] GC(93) MMU target violated: 21.0ms (20.0ms/21.0ms)
[2025-09-05T06:05:35.847+0000][gc,phases     ] GC(93)   Pre Evacuate Collection Set: 6.2ms
[2025-09-05T06:05:35.847+0000][gc,phases     ] GC(93)   Evacuate Collection Set: 49.8ms
[2025-09-05T06:05:35.847+0000][gc,phases     ] GC(93)   Post Evacuate Collection Set: 1.4ms
[2025-09-05T06:05:35.848+0000][gc,phases     ] GC(93)   Other: 3.2ms
[2025-09-05T06:05:35.848+0000][gc,heap       ] GC(93) Eden regions: 46->0(47)
[2025-09-05T06:05:35.848+0000][gc,heap       ] GC(93) Survivor regions: 5->4(7)
[2025-09-05T06:05:35.848+0000][gc,heap       ] GC(93) Old regions: 140->141
[2025-09-05T06:05:35.848+0000][gc,heap       ] GC(93) Humongous regions: 129->129
[2025-09-05T06:05:35.848+0000][gc,metaspace  ] GC(93) Metaspace: 54707K(57776K)->54707K(57776K) NonClass: 48233K(49840K)->48233K(49840K) Class: 6474K(7936K)->6474K(7936K)
[2025-09-05T06:05:35.848+0000][gc            ] GC(93) Pause Young (Normal) (G1 Evacuation Pause) 318M->273M(1024M) 61.135ms
[2025-09-05T06:05:35.848+0000][gc,cpu        ] GC(93) User=0.38s Sys=0.00s Real=0.07s
[2025-09-05T06:08:26.189+0000][gc,start      ] GC(94) Pause Young (Normal) (G1 Evacuation Pause)
[2025-09-05T06:08:26.192+0000][gc,task       ] GC(94) Using 8 workers of 8 for evacuation
[2025-09-05T06:08:26.259+0000][gc,mmu        ] GC(94) MMU target violated: 21.0ms (20.0ms/21.0ms)
[2025-09-05T06:08:26.259+0000][gc,phases     ] GC(94)   Pre Evacuate Collection Set: 17.0ms
[2025-09-05T06:08:26.259+0000][gc,phases     ] GC(94)   Evacuate Collection Set: 46.6ms
[2025-09-05T06:08:26.259+0000][gc,phases     ] GC(94)   Post Evacuate Collection Set: 1.3ms
[2025-09-05T06:08:26.259+0000][gc,phases     ] GC(94)   Other: 5.1ms
[2025-09-05T06:08:26.259+0000][gc,heap       ] GC(94) Eden regions: 47->0(46)
[2025-09-05T06:08:26.259+0000][gc,heap       ] GC(94) Survivor regions: 4->5(7)
[2025-09-05T06:08:26.259+0000][gc,heap       ] GC(94) Old regions: 141->143
[2025-09-05T06:08:26.259+0000][gc,heap       ] GC(94) Humongous regions: 129->129
[2025-09-05T06:08:26.259+0000][gc,metaspace  ] GC(94) Metaspace: 54709K(57776K)->54709K(57776K) NonClass: 48235K(49840K)->48235K(49840K) Class: 6474K(7936K)->6474K(7936K)
[2025-09-05T06:08:26.260+0000][gc            ] GC(94) Pause Young (Normal) (G1 Evacuation Pause) 320M->275M(1024M) 70.095ms
[2025-09-05T06:08:26.260+0000][gc,cpu        ] GC(94) User=0.36s Sys=0.01s Real=0.07s
[2025-09-05T06:11:12.766+0000][gc,start      ] GC(95) Pause Young (Normal) (G1 Evacuation Pause)
[2025-09-05T06:11:12.768+0000][gc,task       ] GC(95) Using 8 workers of 8 for evacuation
[2025-09-05T06:11:12.840+0000][gc,mmu        ] GC(95) MMU target violated: 21.0ms (20.0ms/21.0ms)
[2025-09-05T06:11:12.840+0000][gc,phases     ] GC(95)   Pre Evacuate Collection Set: 21.1ms
[2025-09-05T06:11:12.840+0000][gc,phases     ] GC(95)   Evacuate Collection Set: 48.3ms
[2025-09-05T06:11:12.840+0000][gc,phases     ] GC(95)   Post Evacuate Collection Set: 1.2ms
[2025-09-05T06:11:12.840+0000][gc,phases     ] GC(95)   Other: 4.3ms
[2025-09-05T06:11:12.840+0000][gc,heap       ] GC(95) Eden regions: 46->0(46)
[2025-09-05T06:11:12.841+0000][gc,heap       ] GC(95) Survivor regions: 5->5(7)
[2025-09-05T06:11:12.841+0000][gc,heap       ] GC(95) Old regions: 143->145
[2025-09-05T06:11:12.841+0000][gc,heap       ] GC(95) Humongous regions: 129->129
[2025-09-05T06:11:12.841+0000][gc,metaspace  ] GC(95) Metaspace: 54714K(57776K)->54714K(57776K) NonClass: 48239K(49840K)->48239K(49840K) Class: 6474K(7936K)->6474K(7936K)
[2025-09-05T06:11:12.841+0000][gc            ] GC(95) Pause Young (Normal) (G1 Evacuation Pause) 321M->277M(1024M) 74.959ms
[2025-09-05T06:11:12.841+0000][gc,cpu        ] GC(95) User=0.39s Sys=0.00s Real=0.08s
[2025-09-05T06:13:50.182+0000][gc,start      ] GC(96) Pause Young (Normal) (G1 Evacuation Pause)
[2025-09-05T06:13:50.184+0000][gc,task       ] GC(96) Using 8 workers of 8 for evacuation
[2025-09-05T06:13:50.223+0000][gc,mmu        ] GC(96) MMU target violated: 21.0ms (20.0ms/21.0ms)
[2025-09-05T06:13:50.223+0000][gc,phases     ] GC(96)   Pre Evacuate Collection Set: 5.1ms
[2025-09-05T06:13:50.223+0000][gc,phases     ] GC(96)   Evacuate Collection Set: 32.0ms
[2025-09-05T06:13:50.223+0000][gc,phases     ] GC(96)   Post Evacuate Collection Set: 1.2ms
[2025-09-05T06:13:50.223+0000][gc,phases     ] GC(96)   Other: 2.8ms
[2025-09-05T06:13:50.223+0000][gc,heap       ] GC(96) Eden regions: 46->0(46)
[2025-09-05T06:13:50.223+0000][gc,heap       ] GC(96) Survivor regions: 5->5(7)
[2025-09-05T06:13:50.223+0000][gc,heap       ] GC(96) Old regions: 145->146
[2025-09-05T06:13:50.224+0000][gc,heap       ] GC(96) Humongous regions: 129->129
[2025-09-05T06:13:50.224+0000][gc,metaspace  ] GC(96) Metaspace: 54714K(57776K)->54714K(57776K) NonClass: 48239K(49840K)->48239K(49840K) Class: 6474K(7936K)->6474K(7936K)
[2025-09-05T06:13:50.224+0000][gc            ] GC(96) Pause Young (Normal) (G1 Evacuation Pause) 323M->279M(1024M) 41.175ms
[2025-09-05T06:13:50.224+0000][gc,cpu        ] GC(96) User=0.25s Sys=0.01s Real=0.04s
[2025-09-05T06:16:34.574+0000][gc,start      ] GC(97) Pause Young (Normal) (G1 Evacuation Pause)
[2025-09-05T06:16:34.576+0000][gc,task       ] GC(97) Using 8 workers of 8 for evacuation
[2025-09-05T06:16:34.642+0000][gc,mmu        ] GC(97) MMU target violated: 21.0ms (20.0ms/21.0ms)
[2025-09-05T06:16:34.643+0000][gc,phases     ] GC(97)   Pre Evacuate Collection Set: 9.7ms
[2025-09-05T06:16:34.643+0000][gc,phases     ] GC(97)   Evacuate Collection Set: 52.7ms
[2025-09-05T06:16:34.643+0000][gc,phases     ] GC(97)   Post Evacuate Collection Set: 1.5ms
[2025-09-05T06:16:34.643+0000][gc,phases     ] GC(97)   Other: 4.8ms
[2025-09-05T06:16:34.643+0000][gc,heap       ] GC(97) Eden regions: 46->0(47)
[2025-09-05T06:16:34.643+0000][gc,heap       ] GC(97) Survivor regions: 5->4(7)
[2025-09-05T06:16:34.643+0000][gc,heap       ] GC(97) Old regions: 146->148
[2025-09-05T06:16:34.643+0000][gc,heap       ] GC(97) Humongous regions: 129->129
[2025-09-05T06:16:34.643+0000][gc,metaspace  ] GC(97) Metaspace: 54736K(57776K)->54736K(57776K) NonClass: 48262K(49840K)->48262K(49840K) Class: 6474K(7936K)->6474K(7936K)
[2025-09-05T06:16:34.643+0000][gc            ] GC(97) Pause Young (Normal) (G1 Evacuation Pause) 325M->280M(1024M) 69.065ms
[2025-09-05T06:16:34.644+0000][gc,cpu        ] GC(97) User=0.41s Sys=0.01s Real=0.07s
[2025-09-05T06:19:20.891+0000][gc,start      ] GC(98) Pause Young (Normal) (G1 Evacuation Pause)
[2025-09-05T06:19:20.893+0000][gc,task       ] GC(98) Using 8 workers of 8 for evacuation
[2025-09-05T06:19:20.945+0000][gc,mmu        ] GC(98) MMU target violated: 21.0ms (20.0ms/21.0ms)
[2025-09-05T06:19:20.945+0000][gc,phases     ] GC(98)   Pre Evacuate Collection Set: 17.0ms
[2025-09-05T06:19:20.945+0000][gc,phases     ] GC(98)   Evacuate Collection Set: 33.0ms
[2025-09-05T06:19:20.945+0000][gc,phases     ] GC(98)   Post Evacuate Collection Set: 1.1ms
[2025-09-05T06:19:20.945+0000][gc,phases     ] GC(98)   Other: 3.8ms
[2025-09-05T06:19:20.946+0000][gc,heap       ] GC(98) Eden regions: 47->0(45)
[2025-09-05T06:19:20.946+0000][gc,heap       ] GC(98) Survivor regions: 4->6(7)
[2025-09-05T06:19:20.946+0000][gc,heap       ] GC(98) Old regions: 148->148
[2025-09-05T06:19:20.946+0000][gc,heap       ] GC(98) Humongous regions: 129->129
[2025-09-05T06:19:20.946+0000][gc,metaspace  ] GC(98) Metaspace: 54736K(57776K)->54736K(57776K) NonClass: 48262K(49840K)->48262K(49840K) Class: 6474K(7936K)->6474K(7936K)
[2025-09-05T06:19:20.946+0000][gc            ] GC(98) Pause Young (Normal) (G1 Evacuation Pause) 327M->282M(1024M) 55.208ms
[2025-09-05T06:19:20.946+0000][gc,cpu        ] GC(98) User=0.28s Sys=0.00s Real=0.06s
[2025-09-05T06:22:03.607+0000][gc,start      ] GC(99) Pause Young (Normal) (G1 Evacuation Pause)
[2025-09-05T06:22:03.609+0000][gc,task       ] GC(99) Using 8 workers of 8 for evacuation
[2025-09-05T06:22:03.667+0000][gc,mmu        ] GC(99) MMU target violated: 21.0ms (20.0ms/21.0ms)
[2025-09-05T06:22:03.668+0000][gc,phases     ] GC(99)   Pre Evacuate Collection Set: 6.2ms
[2025-09-05T06:22:03.668+0000][gc,phases     ] GC(99)   Evacuate Collection Set: 48.0ms
[2025-09-05T06:22:03.668+0000][gc,phases     ] GC(99)   Post Evacuate Collection Set: 2.3ms
[2025-09-05T06:22:03.668+0000][gc,phases     ] GC(99)   Other: 4.4ms
[2025-09-05T06:22:03.668+0000][gc,heap       ] GC(99) Eden regions: 45->0(47)
[2025-09-05T06:22:03.668+0000][gc,heap       ] GC(99) Survivor regions: 6->4(7)
[2025-09-05T06:22:03.668+0000][gc,heap       ] GC(99) Old regions: 148->151
[2025-09-05T06:22:03.668+0000][gc,heap       ] GC(99) Humongous regions: 129->129
[2025-09-05T06:22:03.668+0000][gc,metaspace  ] GC(99) Metaspace: 54736K(57776K)->54736K(57776K) NonClass: 48262K(49840K)->48262K(49840K) Class: 6474K(7936K)->6474K(7936K)
[2025-09-05T06:22:03.668+0000][gc            ] GC(99) Pause Young (Normal) (G1 Evacuation Pause) 327M->283M(1024M) 60.627ms
[2025-09-05T06:22:03.668+0000][gc,cpu        ] GC(99) User=0.34s Sys=0.04s Real=0.06s
[2025-09-05T06:24:54.059+0000][gc,start      ] GC(100) Pause Young (Normal) (G1 Evacuation Pause)
[2025-09-05T06:24:54.062+0000][gc,task       ] GC(100) Using 8 workers of 8 for evacuation
[2025-09-05T06:24:54.112+0000][gc,mmu        ] GC(100) MMU target violated: 21.0ms (20.0ms/21.0ms)
[2025-09-05T06:24:54.113+0000][gc,phases     ] GC(100)   Pre Evacuate Collection Set: 6.1ms
[2025-09-05T06:24:54.113+0000][gc,phases     ] GC(100)   Evacuate Collection Set: 41.4ms
[2025-09-05T06:24:54.113+0000][gc,phases     ] GC(100)   Post Evacuate Collection Set: 1.4ms
[2025-09-05T06:24:54.113+0000][gc,phases     ] GC(100)   Other: 5.0ms
[2025-09-05T06:24:54.113+0000][gc,heap       ] GC(100) Eden regions: 47->0(47)
[2025-09-05T06:24:54.113+0000][gc,heap       ] GC(100) Survivor regions: 4->4(7)
[2025-09-05T06:24:54.113+0000][gc,heap       ] GC(100) Old regions: 151->153
[2025-09-05T06:24:54.113+0000][gc,heap       ] GC(100) Humongous regions: 129->129
[2025-09-05T06:24:54.113+0000][gc,metaspace  ] GC(100) Metaspace: 54736K(57776K)->54736K(57776K) NonClass: 48262K(49840K)->48262K(49840K) Class: 6474K(7936K)->6474K(7936K)
[2025-09-05T06:24:54.113+0000][gc            ] GC(100) Pause Young (Normal) (G1 Evacuation Pause) 330M->285M(1024M) 54.267ms
[2025-09-05T06:24:54.114+0000][gc,cpu        ] GC(100) User=0.32s Sys=0.00s Real=0.06s
[2025-09-05T06:27:45.596+0000][gc,start      ] GC(101) Pause Young (Normal) (G1 Evacuation Pause)
[2025-09-05T06:27:45.598+0000][gc,task       ] GC(101) Using 8 workers of 8 for evacuation
[2025-09-05T06:27:45.649+0000][gc,mmu        ] GC(101) MMU target violated: 21.0ms (20.0ms/21.0ms)
[2025-09-05T06:27:45.649+0000][gc,phases     ] GC(101)   Pre Evacuate Collection Set: 4.1ms
[2025-09-05T06:27:45.649+0000][gc,phases     ] GC(101)   Evacuate Collection Set: 43.9ms
[2025-09-05T06:27:45.649+0000][gc,phases     ] GC(101)   Post Evacuate Collection Set: 1.4ms
[2025-09-05T06:27:45.649+0000][gc,phases     ] GC(101)   Other: 3.7ms
[2025-09-05T06:27:45.649+0000][gc,heap       ] GC(101) Eden regions: 47->0(45)
[2025-09-05T06:27:45.649+0000][gc,heap       ] GC(101) Survivor regions: 4->6(7)
[2025-09-05T06:27:45.650+0000][gc,heap       ] GC(101) Old regions: 153->153
[2025-09-05T06:27:45.650+0000][gc,heap       ] GC(101) Humongous regions: 129->129
[2025-09-05T06:27:45.650+0000][gc,metaspace  ] GC(101) Metaspace: 54736K(57776K)->54736K(57776K) NonClass: 48262K(49840K)->48262K(49840K) Class: 6474K(7936K)->6474K(7936K)
[2025-09-05T06:27:45.650+0000][gc            ] GC(101) Pause Young (Normal) (G1 Evacuation Pause) 332M->287M(1024M) 53.692ms
[2025-09-05T06:27:45.650+0000][gc,cpu        ] GC(101) User=0.34s Sys=0.00s Real=0.06s
[2025-09-05T06:30:30.174+0000][gc,start      ] GC(102) Pause Young (Normal) (G1 Evacuation Pause)
[2025-09-05T06:30:30.177+0000][gc,task       ] GC(102) Using 8 workers of 8 for evacuation
[2025-09-05T06:30:30.230+0000][gc,mmu        ] GC(102) MMU target violated: 21.0ms (20.0ms/21.0ms)
[2025-09-05T06:30:30.230+0000][gc,phases     ] GC(102)   Pre Evacuate Collection Set: 11.9ms
[2025-09-05T06:30:30.231+0000][gc,phases     ] GC(102)   Evacuate Collection Set: 38.9ms
[2025-09-05T06:30:30.231+0000][gc,phases     ] GC(102)   Post Evacuate Collection Set: 1.4ms
[2025-09-05T06:30:30.231+0000][gc,phases     ] GC(102)   Other: 4.3ms
[2025-09-05T06:30:30.231+0000][gc,heap       ] GC(102) Eden regions: 45->0(45)
[2025-09-05T06:30:30.231+0000][gc,heap       ] GC(102) Survivor regions: 6->6(7)
[2025-09-05T06:30:30.231+0000][gc,heap       ] GC(102) Old regions: 153->155
[2025-09-05T06:30:30.231+0000][gc,heap       ] GC(102) Humongous regions: 129->129
[2025-09-05T06:30:30.231+0000][gc,metaspace  ] GC(102) Metaspace: 54736K(57776K)->54736K(57776K) NonClass: 48262K(49840K)->48262K(49840K) Class: 6474K(7936K)->6474K(7936K)
[2025-09-05T06:30:30.231+0000][gc            ] GC(102) Pause Young (Normal) (G1 Evacuation Pause) 332M->288M(1024M) 57.221ms
[2025-09-05T06:30:30.232+0000][gc,cpu        ] GC(102) User=0.31s Sys=0.00s Real=0.06s
[2025-09-05T06:33:13.571+0000][gc,start      ] GC(103) Pause Young (Normal) (G1 Evacuation Pause)
[2025-09-05T06:33:13.573+0000][gc,task       ] GC(103) Using 8 workers of 8 for evacuation
[2025-09-05T06:33:13.638+0000][gc,mmu        ] GC(103) MMU target violated: 21.0ms (20.0ms/21.0ms)
[2025-09-05T06:33:13.638+0000][gc,phases     ] GC(103)   Pre Evacuate Collection Set: 7.7ms
[2025-09-05T06:33:13.638+0000][gc,phases     ] GC(103)   Evacuate Collection Set: 52.1ms
[2025-09-05T06:33:13.638+0000][gc,phases     ] GC(103)   Post Evacuate Collection Set: 1.4ms
[2025-09-05T06:33:13.638+0000][gc,phases     ] GC(103)   Other: 6.1ms
[2025-09-05T06:33:13.638+0000][gc,heap       ] GC(103) Eden regions: 45->0(46)
[2025-09-05T06:33:13.638+0000][gc,heap       ] GC(103) Survivor regions: 6->5(7)
[2025-09-05T06:33:13.638+0000][gc,heap       ] GC(103) Old regions: 155->156
[2025-09-05T06:33:13.639+0000][gc,heap       ] GC(103) Humongous regions: 129->129
[2025-09-05T06:33:13.639+0000][gc,metaspace  ] GC(103) Metaspace: 54736K(57776K)->54736K(57776K) NonClass: 48262K(49840K)->48262K(49840K) Class: 6474K(7936K)->6474K(7936K)
[2025-09-05T06:33:13.639+0000][gc            ] GC(103) Pause Young (Normal) (G1 Evacuation Pause) 333M->289M(1024M) 67.673ms
[2025-09-05T06:33:13.639+0000][gc,cpu        ] GC(103) User=0.41s Sys=0.00s Real=0.07s
[2025-09-05T06:36:00.837+0000][gc,start      ] GC(104) Pause Young (Normal) (G1 Evacuation Pause)
[2025-09-05T06:36:00.839+0000][gc,task       ] GC(104) Using 8 workers of 8 for evacuation
[2025-09-05T06:36:00.889+0000][gc,mmu        ] GC(104) MMU target violated: 21.0ms (20.0ms/21.0ms)
[2025-09-05T06:36:00.889+0000][gc,phases     ] GC(104)   Pre Evacuate Collection Set: 6.1ms
[2025-09-05T06:36:00.889+0000][gc,phases     ] GC(104)   Evacuate Collection Set: 39.7ms
[2025-09-05T06:36:00.889+0000][gc,phases     ] GC(104)   Post Evacuate Collection Set: 2.2ms
[2025-09-05T06:36:00.890+0000][gc,phases     ] GC(104)   Other: 5.1ms
[2025-09-05T06:36:00.890+0000][gc,heap       ] GC(104) Eden regions: 46->0(46)
[2025-09-05T06:36:00.890+0000][gc,heap       ] GC(104) Survivor regions: 5->5(7)
[2025-09-05T06:36:00.890+0000][gc,heap       ] GC(104) Old regions: 156->158
[2025-09-05T06:36:00.890+0000][gc,heap       ] GC(104) Humongous regions: 129->129
[2025-09-05T06:36:00.890+0000][gc,metaspace  ] GC(104) Metaspace: 54736K(57776K)->54736K(57776K) NonClass: 48262K(49840K)->48262K(49840K) Class: 6474K(7936K)->6474K(7936K)
[2025-09-05T06:36:00.890+0000][gc            ] GC(104) Pause Young (Normal) (G1 Evacuation Pause) 335M->291M(1024M) 53.680ms
[2025-09-05T06:36:00.890+0000][gc,cpu        ] GC(104) User=0.30s Sys=0.01s Real=0.05s
[2025-09-05T06:38:48.365+0000][gc,start      ] GC(105) Pause Young (Normal) (G1 Evacuation Pause)
[2025-09-05T06:38:48.368+0000][gc,task       ] GC(105) Using 8 workers of 8 for evacuation
[2025-09-05T06:38:48.429+0000][gc,mmu        ] GC(105) MMU target violated: 21.0ms (20.0ms/21.0ms)
[2025-09-05T06:38:48.429+0000][gc,phases     ] GC(105)   Pre Evacuate Collection Set: 6.0ms
[2025-09-05T06:38:48.429+0000][gc,phases     ] GC(105)   Evacuate Collection Set: 51.4ms
[2025-09-05T06:38:48.429+0000][gc,phases     ] GC(105)   Post Evacuate Collection Set: 2.1ms
[2025-09-05T06:38:48.430+0000][gc,phases     ] GC(105)   Other: 5.2ms
[2025-09-05T06:38:48.430+0000][gc,heap       ] GC(105) Eden regions: 46->0(45)
[2025-09-05T06:38:48.430+0000][gc,heap       ] GC(105) Survivor regions: 5->6(7)
[2025-09-05T06:38:48.430+0000][gc,heap       ] GC(105) Old regions: 158->160
[2025-09-05T06:38:48.430+0000][gc,heap       ] GC(105) Humongous regions: 129->129
[2025-09-05T06:38:48.430+0000][gc,metaspace  ] GC(105) Metaspace: 54737K(57776K)->54737K(57776K) NonClass: 48262K(49840K)->48262K(49840K) Class: 6474K(7936K)->6474K(7936K)
[2025-09-05T06:38:48.430+0000][gc            ] GC(105) Pause Young (Normal) (G1 Evacuation Pause) 337M->293M(1024M) 64.957ms
[2025-09-05T06:38:48.430+0000][gc,cpu        ] GC(105) User=0.38s Sys=0.00s Real=0.06s
[2025-09-05T06:41:31.981+0000][gc,start      ] GC(106) Pause Young (Normal) (G1 Evacuation Pause)
[2025-09-05T06:41:31.985+0000][gc,task       ] GC(106) Using 8 workers of 8 for evacuation
[2025-09-05T06:41:32.046+0000][gc,mmu        ] GC(106) MMU target violated: 21.0ms (20.0ms/21.0ms)
[2025-09-05T06:41:32.046+0000][gc,phases     ] GC(106)   Pre Evacuate Collection Set: 8.8ms
[2025-09-05T06:41:32.046+0000][gc,phases     ] GC(106)   Evacuate Collection Set: 40.0ms
[2025-09-05T06:41:32.046+0000][gc,phases     ] GC(106)   Post Evacuate Collection Set: 1.4ms
[2025-09-05T06:41:32.046+0000][gc,phases     ] GC(106)   Other: 15.1ms
[2025-09-05T06:41:32.046+0000][gc,heap       ] GC(106) Eden regions: 45->0(45)
[2025-09-05T06:41:32.046+0000][gc,heap       ] GC(106) Survivor regions: 6->6(7)
[2025-09-05T06:41:32.046+0000][gc,heap       ] GC(106) Old regions: 160->161
[2025-09-05T06:41:32.046+0000][gc,heap       ] GC(106) Humongous regions: 129->129
[2025-09-05T06:41:32.046+0000][gc,metaspace  ] GC(106) Metaspace: 54737K(57776K)->54737K(57776K) NonClass: 48262K(49840K)->48262K(49840K) Class: 6474K(7936K)->6474K(7936K)
[2025-09-05T06:41:32.046+0000][gc            ] GC(106) Pause Young (Normal) (G1 Evacuation Pause) 338M->294M(1024M) 65.230ms
[2025-09-05T06:41:32.047+0000][gc,cpu        ] GC(106) User=0.32s Sys=0.01s Real=0.06s
[2025-09-05T06:44:15.486+0000][gc,start      ] GC(107) Pause Young (Normal) (G1 Evacuation Pause)
[2025-09-05T06:44:15.490+0000][gc,task       ] GC(107) Using 8 workers of 8 for evacuation
[2025-09-05T06:44:15.552+0000][gc,mmu        ] GC(107) MMU target violated: 21.0ms (20.0ms/21.0ms)
[2025-09-05T06:44:15.552+0000][gc,phases     ] GC(107)   Pre Evacuate Collection Set: 5.7ms
[2025-09-05T06:44:15.552+0000][gc,phases     ] GC(107)   Evacuate Collection Set: 53.8ms
[2025-09-05T06:44:15.553+0000][gc,phases     ] GC(107)   Post Evacuate Collection Set: 1.5ms
[2025-09-05T06:44:15.553+0000][gc,phases     ] GC(107)   Other: 5.5ms
[2025-09-05T06:44:15.553+0000][gc,heap       ] GC(107) Eden regions: 45->0(46)
[2025-09-05T06:44:15.553+0000][gc,heap       ] GC(107) Survivor regions: 6->5(7)
[2025-09-05T06:44:15.553+0000][gc,heap       ] GC(107) Old regions: 161->163
[2025-09-05T06:44:15.553+0000][gc,heap       ] GC(107) Humongous regions: 129->129
[2025-09-05T06:44:15.553+0000][gc,metaspace  ] GC(107) Metaspace: 54757K(58032K)->54757K(58032K) NonClass: 48282K(50096K)->48282K(50096K) Class: 6474K(7936K)->6474K(7936K)
[2025-09-05T06:44:15.553+0000][gc            ] GC(107) Pause Young (Normal) (G1 Evacuation Pause) 339M->296M(1024M) 66.930ms
[2025-09-05T06:44:15.553+0000][gc,cpu        ] GC(107) User=0.39s Sys=0.02s Real=0.06s
[2025-09-05T06:47:02.453+0000][gc,start      ] GC(108) Pause Young (Normal) (G1 Evacuation Pause)
[2025-09-05T06:47:02.454+0000][gc,task       ] GC(108) Using 8 workers of 8 for evacuation
[2025-09-05T06:47:02.491+0000][gc,mmu        ] GC(108) MMU target violated: 21.0ms (20.0ms/21.0ms)
[2025-09-05T06:47:02.491+0000][gc,phases     ] GC(108)   Pre Evacuate Collection Set: 5.7ms
[2025-09-05T06:47:02.492+0000][gc,phases     ] GC(108)   Evacuate Collection Set: 28.7ms
[2025-09-05T06:47:02.492+0000][gc,phases     ] GC(108)   Post Evacuate Collection Set: 1.2ms
[2025-09-05T06:47:02.492+0000][gc,phases     ] GC(108)   Other: 3.6ms
[2025-09-05T06:47:02.492+0000][gc,heap       ] GC(108) Eden regions: 46->0(46)
[2025-09-05T06:47:02.492+0000][gc,heap       ] GC(108) Survivor regions: 5->5(7)
[2025-09-05T06:47:02.492+0000][gc,heap       ] GC(108) Old regions: 163->164
[2025-09-05T06:47:02.492+0000][gc,heap       ] GC(108) Humongous regions: 129->129
[2025-09-05T06:47:02.492+0000][gc,metaspace  ] GC(108) Metaspace: 54757K(58032K)->54757K(58032K) NonClass: 48282K(50096K)->48282K(50096K) Class: 6474K(7936K)->6474K(7936K)
[2025-09-05T06:47:02.492+0000][gc            ] GC(108) Pause Young (Normal) (G1 Evacuation Pause) 342M->297M(1024M) 39.409ms
[2025-09-05T06:47:02.492+0000][gc,cpu        ] GC(108) User=0.22s Sys=0.00s Real=0.04s
[2025-09-05T06:49:48.325+0000][gc,start      ] GC(109) Pause Young (Normal) (G1 Evacuation Pause)
[2025-09-05T06:49:48.328+0000][gc,task       ] GC(109) Using 8 workers of 8 for evacuation
[2025-09-05T06:49:48.380+0000][gc,mmu        ] GC(109) MMU target violated: 21.0ms (20.0ms/21.0ms)
[2025-09-05T06:49:48.380+0000][gc,phases     ] GC(109)   Pre Evacuate Collection Set: 5.0ms
[2025-09-05T06:49:48.380+0000][gc,phases     ] GC(109)   Evacuate Collection Set: 44.3ms
[2025-09-05T06:49:48.380+0000][gc,phases     ] GC(109)   Post Evacuate Collection Set: 1.3ms
[2025-09-05T06:49:48.380+0000][gc,phases     ] GC(109)   Other: 5.2ms
[2025-09-05T06:49:48.380+0000][gc,heap       ] GC(109) Eden regions: 46->0(46)
[2025-09-05T06:49:48.381+0000][gc,heap       ] GC(109) Survivor regions: 5->5(7)
[2025-09-05T06:49:48.381+0000][gc,heap       ] GC(109) Old regions: 164->166
[2025-09-05T06:49:48.381+0000][gc,heap       ] GC(109) Humongous regions: 129->129
[2025-09-05T06:49:48.381+0000][gc,metaspace  ] GC(109) Metaspace: 54758K(58032K)->54758K(58032K) NonClass: 48283K(50096K)->48283K(50096K) Class: 6474K(7936K)->6474K(7936K)
[2025-09-05T06:49:48.381+0000][gc            ] GC(109) Pause Young (Normal) (G1 Evacuation Pause) 343M->299M(1024M) 56.229ms
[2025-09-05T06:49:48.381+0000][gc,cpu        ] GC(109) User=0.35s Sys=0.01s Real=0.06s
[2025-09-05T06:52:35.621+0000][gc,start      ] GC(110) Pause Young (Normal) (G1 Evacuation Pause)
[2025-09-05T06:52:35.626+0000][gc,task       ] GC(110) Using 8 workers of 8 for evacuation
[2025-09-05T06:52:35.670+0000][gc,mmu        ] GC(110) MMU target violated: 21.0ms (20.0ms/21.0ms)
[2025-09-05T06:52:35.670+0000][gc,phases     ] GC(110)   Pre Evacuate Collection Set: 4.4ms
[2025-09-05T06:52:35.671+0000][gc,phases     ] GC(110)   Evacuate Collection Set: 36.5ms
[2025-09-05T06:52:35.671+0000][gc,phases     ] GC(110)   Post Evacuate Collection Set: 1.0ms
[2025-09-05T06:52:35.671+0000][gc,phases     ] GC(110)   Other: 8.8ms
[2025-09-05T06:52:35.671+0000][gc,heap       ] GC(110) Eden regions: 46->0(46)
[2025-09-05T06:52:35.671+0000][gc,heap       ] GC(110) Survivor regions: 5->5(7)
[2025-09-05T06:52:35.671+0000][gc,heap       ] GC(110) Old regions: 166->168
[2025-09-05T06:52:35.671+0000][gc,heap       ] GC(110) Humongous regions: 129->129
[2025-09-05T06:52:35.671+0000][gc,metaspace  ] GC(110) Metaspace: 54758K(58032K)->54758K(58032K) NonClass: 48283K(50096K)->48283K(50096K) Class: 6474K(7936K)->6474K(7936K)
[2025-09-05T06:52:35.671+0000][gc            ] GC(110) Pause Young (Normal) (G1 Evacuation Pause) 345M->301M(1024M) 49.810ms
[2025-09-05T06:52:35.671+0000][gc,cpu        ] GC(110) User=0.29s Sys=0.00s Real=0.05s
[2025-09-05T06:55:21.188+0000][gc,start      ] GC(111) Pause Young (Normal) (G1 Evacuation Pause)
[2025-09-05T06:55:21.190+0000][gc,task       ] GC(111) Using 8 workers of 8 for evacuation
[2025-09-05T06:55:21.239+0000][gc,mmu        ] GC(111) MMU target violated: 21.0ms (20.0ms/21.0ms)
[2025-09-05T06:55:21.240+0000][gc,phases     ] GC(111)   Pre Evacuate Collection Set: 6.0ms
[2025-09-05T06:55:21.240+0000][gc,phases     ] GC(111)   Evacuate Collection Set: 40.6ms
[2025-09-05T06:55:21.240+0000][gc,phases     ] GC(111)   Post Evacuate Collection Set: 1.3ms
[2025-09-05T06:55:21.240+0000][gc,phases     ] GC(111)   Other: 4.0ms
[2025-09-05T06:55:21.240+0000][gc,heap       ] GC(111) Eden regions: 46->0(46)
[2025-09-05T06:55:21.240+0000][gc,heap       ] GC(111) Survivor regions: 5->5(7)
[2025-09-05T06:55:21.240+0000][gc,heap       ] GC(111) Old regions: 168->169
[2025-09-05T06:55:21.240+0000][gc,heap       ] GC(111) Humongous regions: 129->129
[2025-09-05T06:55:21.240+0000][gc,metaspace  ] GC(111) Metaspace: 54758K(58032K)->54758K(58032K) NonClass: 48283K(50096K)->48283K(50096K) Class: 6474K(7936K)->6474K(7936K)
[2025-09-05T06:55:21.240+0000][gc            ] GC(111) Pause Young (Normal) (G1 Evacuation Pause) 347M->302M(1024M) 52.226ms
[2025-09-05T06:55:21.240+0000][gc,cpu        ] GC(111) User=0.31s Sys=0.01s Real=0.05s
[2025-09-05T06:58:08.536+0000][gc,start      ] GC(112) Pause Young (Normal) (G1 Evacuation Pause)
[2025-09-05T06:58:08.539+0000][gc,task       ] GC(112) Using 8 workers of 8 for evacuation
[2025-09-05T06:58:08.599+0000][gc,mmu        ] GC(112) MMU target violated: 21.0ms (20.0ms/21.0ms)
[2025-09-05T06:58:08.599+0000][gc,phases     ] GC(112)   Pre Evacuate Collection Set: 6.1ms
[2025-09-05T06:58:08.599+0000][gc,phases     ] GC(112)   Evacuate Collection Set: 51.8ms
[2025-09-05T06:58:08.600+0000][gc,phases     ] GC(112)   Post Evacuate Collection Set: 1.3ms
[2025-09-05T06:58:08.600+0000][gc,phases     ] GC(112)   Other: 4.7ms
[2025-09-05T06:58:08.600+0000][gc,heap       ] GC(112) Eden regions: 46->0(46)
[2025-09-05T06:58:08.600+0000][gc,heap       ] GC(112) Survivor regions: 5->5(7)
[2025-09-05T06:58:08.600+0000][gc,heap       ] GC(112) Old regions: 169->171
[2025-09-05T06:58:08.600+0000][gc,heap       ] GC(112) Humongous regions: 129->129
[2025-09-05T06:58:08.600+0000][gc,metaspace  ] GC(112) Metaspace: 54758K(58032K)->54758K(58032K) NonClass: 48283K(50096K)->48283K(50096K) Class: 6474K(7936K)->6474K(7936K)
[2025-09-05T06:58:08.600+0000][gc            ] GC(112) Pause Young (Normal) (G1 Evacuation Pause) 348M->304M(1024M) 64.242ms
[2025-09-05T06:58:08.600+0000][gc,cpu        ] GC(112) User=0.39s Sys=0.00s Real=0.07s
[2025-09-05T07:00:55.757+0000][gc,start      ] GC(113) Pause Young (Normal) (G1 Evacuation Pause)
[2025-09-05T07:00:55.760+0000][gc,task       ] GC(113) Using 8 workers of 8 for evacuation
[2025-09-05T07:00:55.799+0000][gc,mmu        ] GC(113) MMU target violated: 21.0ms (20.0ms/21.0ms)
[2025-09-05T07:00:55.799+0000][gc,phases     ] GC(113)   Pre Evacuate Collection Set: 5.5ms
[2025-09-05T07:00:55.799+0000][gc,phases     ] GC(113)   Evacuate Collection Set: 30.0ms
[2025-09-05T07:00:55.799+0000][gc,phases     ] GC(113)   Post Evacuate Collection Set: 1.7ms
[2025-09-05T07:00:55.799+0000][gc,phases     ] GC(113)   Other: 5.5ms
[2025-09-05T07:00:55.800+0000][gc,heap       ] GC(113) Eden regions: 46->0(46)
[2025-09-05T07:00:55.800+0000][gc,heap       ] GC(113) Survivor regions: 5->5(7)
[2025-09-05T07:00:55.800+0000][gc,heap       ] GC(113) Old regions: 171->172
[2025-09-05T07:00:55.800+0000][gc,heap       ] GC(113) Humongous regions: 129->129
[2025-09-05T07:00:55.800+0000][gc,metaspace  ] GC(113) Metaspace: 54758K(58032K)->54758K(58032K) NonClass: 48283K(50096K)->48283K(50096K) Class: 6474K(7936K)->6474K(7936K)
[2025-09-05T07:00:55.800+0000][gc            ] GC(113) Pause Young (Normal) (G1 Evacuation Pause) 350M->305M(1024M) 43.388ms
[2025-09-05T07:00:55.800+0000][gc,cpu        ] GC(113) User=0.23s Sys=0.00s Real=0.05s
[2025-09-05T07:03:42.547+0000][gc,start      ] GC(114) Pause Young (Normal) (G1 Evacuation Pause)
[2025-09-05T07:03:42.550+0000][gc,task       ] GC(114) Using 8 workers of 8 for evacuation
[2025-09-05T07:03:42.607+0000][gc,mmu        ] GC(114) MMU target violated: 21.0ms (20.0ms/21.0ms)
[2025-09-05T07:03:42.607+0000][gc,phases     ] GC(114)   Pre Evacuate Collection Set: 6.4ms
[2025-09-05T07:03:42.607+0000][gc,phases     ] GC(114)   Evacuate Collection Set: 48.0ms
[2025-09-05T07:03:42.607+0000][gc,phases     ] GC(114)   Post Evacuate Collection Set: 1.1ms
[2025-09-05T07:03:42.607+0000][gc,phases     ] GC(114)   Other: 4.8ms
[2025-09-05T07:03:42.607+0000][gc,heap       ] GC(114) Eden regions: 46->0(46)
[2025-09-05T07:03:42.607+0000][gc,heap       ] GC(114) Survivor regions: 5->5(7)
[2025-09-05T07:03:42.607+0000][gc,heap       ] GC(114) Old regions: 172->174
[2025-09-05T07:03:42.607+0000][gc,heap       ] GC(114) Humongous regions: 129->129
[2025-09-05T07:03:42.608+0000][gc,metaspace  ] GC(114) Metaspace: 54758K(58032K)->54758K(58032K) NonClass: 48283K(50096K)->48283K(50096K) Class: 6474K(7936K)->6474K(7936K)
[2025-09-05T07:03:42.608+0000][gc            ] GC(114) Pause Young (Normal) (G1 Evacuation Pause) 351M->307M(1024M) 60.341ms
[2025-09-05T07:03:42.608+0000][gc,cpu        ] GC(114) User=0.37s Sys=0.00s Real=0.06s
[2025-09-05T07:06:31.142+0000][gc,start      ] GC(115) Pause Young (Normal) (G1 Evacuation Pause)
[2025-09-05T07:06:31.145+0000][gc,task       ] GC(115) Using 8 workers of 8 for evacuation
[2025-09-05T07:06:31.204+0000][gc,mmu        ] GC(115) MMU target violated: 21.0ms (20.0ms/21.0ms)
[2025-09-05T07:06:31.205+0000][gc,phases     ] GC(115)   Pre Evacuate Collection Set: 19.2ms
[2025-09-05T07:06:31.205+0000][gc,phases     ] GC(115)   Evacuate Collection Set: 34.8ms
[2025-09-05T07:06:31.205+0000][gc,phases     ] GC(115)   Post Evacuate Collection Set: 3.2ms
[2025-09-05T07:06:31.205+0000][gc,phases     ] GC(115)   Other: 6.1ms
[2025-09-05T07:06:31.205+0000][gc,heap       ] GC(115) Eden regions: 46->0(46)
[2025-09-05T07:06:31.206+0000][gc,heap       ] GC(115) Survivor regions: 5->5(7)
[2025-09-05T07:06:31.206+0000][gc,heap       ] GC(115) Old regions: 174->176
[2025-09-05T07:06:31.206+0000][gc,heap       ] GC(115) Humongous regions: 129->129
[2025-09-05T07:06:31.206+0000][gc,metaspace  ] GC(115) Metaspace: 54758K(58032K)->54758K(58032K) NonClass: 48283K(50096K)->48283K(50096K) Class: 6474K(7936K)->6474K(7936K)
[2025-09-05T07:06:31.206+0000][gc            ] GC(115) Pause Young (Normal) (G1 Evacuation Pause) 353M->308M(1024M) 64.100ms
[2025-09-05T07:06:31.206+0000][gc,cpu        ] GC(115) User=0.25s Sys=0.01s Real=0.06s
[2025-09-05T07:09:16.859+0000][gc,start      ] GC(116) Pause Young (Normal) (G1 Evacuation Pause)
[2025-09-05T07:09:16.861+0000][gc,task       ] GC(116) Using 8 workers of 8 for evacuation
[2025-09-05T07:09:16.892+0000][gc,mmu        ] GC(116) MMU target violated: 21.0ms (20.0ms/21.0ms)
[2025-09-05T07:09:16.892+0000][gc,phases     ] GC(116)   Pre Evacuate Collection Set: 3.8ms
[2025-09-05T07:09:16.892+0000][gc,phases     ] GC(116)   Evacuate Collection Set: 24.2ms
[2025-09-05T07:09:16.892+0000][gc,phases     ] GC(116)   Post Evacuate Collection Set: 1.6ms
[2025-09-05T07:09:16.892+0000][gc,phases     ] GC(116)   Other: 3.5ms
[2025-09-05T07:09:16.893+0000][gc,heap       ] GC(116) Eden regions: 46->0(46)
[2025-09-05T07:09:16.893+0000][gc,heap       ] GC(116) Survivor regions: 5->5(7)
[2025-09-05T07:09:16.893+0000][gc,heap       ] GC(116) Old regions: 176->177
[2025-09-05T07:09:16.893+0000][gc,heap       ] GC(116) Humongous regions: 129->129
[2025-09-05T07:09:16.893+0000][gc,metaspace  ] GC(116) Metaspace: 54761K(58032K)->54761K(58032K) NonClass: 48286K(50096K)->48286K(50096K) Class: 6474K(7936K)->6474K(7936K)
[2025-09-05T07:09:16.893+0000][gc            ] GC(116) Pause Young (Normal) (G1 Evacuation Pause) 354M->310M(1024M) 34.282ms
[2025-09-05T07:09:16.894+0000][gc,cpu        ] GC(116) User=0.18s Sys=0.01s Real=0.03s
[2025-09-05T07:12:03.703+0000][gc,start      ] GC(117) Pause Young (Normal) (G1 Evacuation Pause)
[2025-09-05T07:12:03.706+0000][gc,task       ] GC(117) Using 8 workers of 8 for evacuation
[2025-09-05T07:12:03.743+0000][gc,mmu        ] GC(117) MMU target violated: 21.0ms (20.0ms/21.0ms)
[2025-09-05T07:12:03.743+0000][gc,phases     ] GC(117)   Pre Evacuate Collection Set: 4.4ms
[2025-09-05T07:12:03.743+0000][gc,phases     ] GC(117)   Evacuate Collection Set: 29.2ms
[2025-09-05T07:12:03.743+0000][gc,phases     ] GC(117)   Post Evacuate Collection Set: 1.6ms
[2025-09-05T07:12:03.743+0000][gc,phases     ] GC(117)   Other: 5.1ms
[2025-09-05T07:12:03.743+0000][gc,heap       ] GC(117) Eden regions: 46->0(46)
[2025-09-05T07:12:03.743+0000][gc,heap       ] GC(117) Survivor regions: 5->5(7)
[2025-09-05T07:12:03.743+0000][gc,heap       ] GC(117) Old regions: 177->179
[2025-09-05T07:12:03.744+0000][gc,heap       ] GC(117) Humongous regions: 129->129
[2025-09-05T07:12:03.744+0000][gc,metaspace  ] GC(117) Metaspace: 54761K(58032K)->54761K(58032K) NonClass: 48286K(50096K)->48286K(50096K) Class: 6474K(7936K)->6474K(7936K)
[2025-09-05T07:12:03.744+0000][gc            ] GC(117) Pause Young (Normal) (G1 Evacuation Pause) 356M->312M(1024M) 40.580ms
[2025-09-05T07:12:03.744+0000][gc,cpu        ] GC(117) User=0.22s Sys=0.01s Real=0.04s
[2025-09-05T07:14:40.467+0000][gc,start      ] GC(118) Pause Young (Normal) (G1 Evacuation Pause)
[2025-09-05T07:14:40.470+0000][gc,task       ] GC(118) Using 8 workers of 8 for evacuation
[2025-09-05T07:14:40.534+0000][gc,mmu        ] GC(118) MMU target violated: 21.0ms (20.0ms/21.0ms)
[2025-09-05T07:14:40.534+0000][gc,phases     ] GC(118)   Pre Evacuate Collection Set: 6.0ms
[2025-09-05T07:14:40.534+0000][gc,phases     ] GC(118)   Evacuate Collection Set: 55.5ms
[2025-09-05T07:14:40.534+0000][gc,phases     ] GC(118)   Post Evacuate Collection Set: 1.5ms
[2025-09-05T07:14:40.534+0000][gc,phases     ] GC(118)   Other: 5.0ms
[2025-09-05T07:14:40.534+0000][gc,heap       ] GC(118) Eden regions: 46->0(45)
[2025-09-05T07:14:40.535+0000][gc,heap       ] GC(118) Survivor regions: 5->6(7)
[2025-09-05T07:14:40.535+0000][gc,heap       ] GC(118) Old regions: 179->180
[2025-09-05T07:14:40.535+0000][gc,heap       ] GC(118) Humongous regions: 129->129
[2025-09-05T07:14:40.535+0000][gc,metaspace  ] GC(118) Metaspace: 54762K(58032K)->54762K(58032K) NonClass: 48288K(50096K)->48288K(50096K) Class: 6474K(7936K)->6474K(7936K)
[2025-09-05T07:14:40.535+0000][gc            ] GC(118) Pause Young (Normal) (G1 Evacuation Pause) 358M->314M(1024M) 68.347ms
[2025-09-05T07:14:40.535+0000][gc,cpu        ] GC(118) User=0.43s Sys=0.00s Real=0.07s
[2025-09-05T07:17:23.464+0000][gc,start      ] GC(119) Pause Young (Normal) (G1 Evacuation Pause)
[2025-09-05T07:17:23.466+0000][gc,task       ] GC(119) Using 8 workers of 8 for evacuation
[2025-09-05T07:17:23.522+0000][gc,mmu        ] GC(119) MMU target violated: 21.0ms (20.0ms/21.0ms)
[2025-09-05T07:17:23.522+0000][gc,phases     ] GC(119)   Pre Evacuate Collection Set: 4.4ms
[2025-09-05T07:17:23.522+0000][gc,phases     ] GC(119)   Evacuate Collection Set: 47.4ms
[2025-09-05T07:17:23.522+0000][gc,phases     ] GC(119)   Post Evacuate Collection Set: 2.6ms
[2025-09-05T07:17:23.522+0000][gc,phases     ] GC(119)   Other: 3.8ms
[2025-09-05T07:17:23.522+0000][gc,heap       ] GC(119) Eden regions: 45->0(46)
[2025-09-05T07:17:23.523+0000][gc,heap       ] GC(119) Survivor regions: 6->5(7)
[2025-09-05T07:17:23.523+0000][gc,heap       ] GC(119) Old regions: 180->182
[2025-09-05T07:17:23.523+0000][gc,heap       ] GC(119) Humongous regions: 129->129
[2025-09-05T07:17:23.523+0000][gc,metaspace  ] GC(119) Metaspace: 54764K(58032K)->54764K(58032K) NonClass: 48289K(50096K)->48289K(50096K) Class: 6474K(7936K)->6474K(7936K)
[2025-09-05T07:17:23.523+0000][gc            ] GC(119) Pause Young (Normal) (G1 Evacuation Pause) 359M->314M(1024M) 58.682ms
[2025-09-05T07:17:23.523+0000][gc,cpu        ] GC(119) User=0.35s Sys=0.03s Real=0.06s
[2025-09-05T07:20:06.311+0000][gc,start      ] GC(120) Pause Young (Normal) (G1 Evacuation Pause)
[2025-09-05T07:20:06.314+0000][gc,task       ] GC(120) Using 8 workers of 8 for evacuation
[2025-09-05T07:20:06.365+0000][gc,mmu        ] GC(120) MMU target violated: 21.0ms (20.0ms/21.0ms)
[2025-09-05T07:20:06.366+0000][gc,phases     ] GC(120)   Pre Evacuate Collection Set: 4.6ms
[2025-09-05T07:20:06.366+0000][gc,phases     ] GC(120)   Evacuate Collection Set: 44.0ms
[2025-09-05T07:20:06.366+0000][gc,phases     ] GC(120)   Post Evacuate Collection Set: 1.6ms
[2025-09-05T07:20:06.366+0000][gc,phases     ] GC(120)   Other: 4.5ms
[2025-09-05T07:20:06.366+0000][gc,heap       ] GC(120) Eden regions: 46->0(46)
[2025-09-05T07:20:06.366+0000][gc,heap       ] GC(120) Survivor regions: 5->5(7)
[2025-09-05T07:20:06.366+0000][gc,heap       ] GC(120) Old regions: 182->182
[2025-09-05T07:20:06.366+0000][gc,heap       ] GC(120) Humongous regions: 129->129
[2025-09-05T07:20:06.366+0000][gc,metaspace  ] GC(120) Metaspace: 54769K(58032K)->54769K(58032K) NonClass: 48294K(50096K)->48294K(50096K) Class: 6474K(7936K)->6474K(7936K)
[2025-09-05T07:20:06.367+0000][gc            ] GC(120) Pause Young (Normal) (G1 Evacuation Pause) 360M->315M(1024M) 55.338ms
[2025-09-05T07:20:06.367+0000][gc,cpu        ] GC(120) User=0.30s Sys=0.01s Real=0.06s
[2025-09-05T07:22:53.034+0000][gc,start      ] GC(121) Pause Young (Normal) (G1 Evacuation Pause)
[2025-09-05T07:22:53.037+0000][gc,task       ] GC(121) Using 8 workers of 8 for evacuation
[2025-09-05T07:22:53.103+0000][gc,mmu        ] GC(121) MMU target violated: 21.0ms (20.0ms/21.0ms)
[2025-09-05T07:22:53.103+0000][gc,phases     ] GC(121)   Pre Evacuate Collection Set: 6.5ms
[2025-09-05T07:22:53.103+0000][gc,phases     ] GC(121)   Evacuate Collection Set: 56.7ms
[2025-09-05T07:22:53.103+0000][gc,phases     ] GC(121)   Post Evacuate Collection Set: 1.1ms
[2025-09-05T07:22:53.104+0000][gc,phases     ] GC(121)   Other: 6.0ms
[2025-09-05T07:22:53.104+0000][gc,heap       ] GC(121) Eden regions: 46->0(47)
[2025-09-05T07:22:53.104+0000][gc,heap       ] GC(121) Survivor regions: 5->4(7)
[2025-09-05T07:22:53.104+0000][gc,heap       ] GC(121) Old regions: 182->183
[2025-09-05T07:22:53.104+0000][gc,heap       ] GC(121) Humongous regions: 129->129
[2025-09-05T07:22:53.104+0000][gc,metaspace  ] GC(121) Metaspace: 54769K(58032K)->54769K(58032K) NonClass: 48294K(50096K)->48294K(50096K) Class: 6474K(7936K)->6474K(7936K)
[2025-09-05T07:22:53.104+0000][gc            ] GC(121) Pause Young (Normal) (G1 Evacuation Pause) 361M->315M(1024M) 70.334ms
[2025-09-05T07:22:53.104+0000][gc,cpu        ] GC(121) User=0.20s Sys=0.24s Real=0.07s
[2025-09-05T07:25:42.163+0000][gc,start      ] GC(122) Pause Young (Normal) (G1 Evacuation Pause)
[2025-09-05T07:25:42.165+0000][gc,task       ] GC(122) Using 8 workers of 8 for evacuation
[2025-09-05T07:25:42.208+0000][gc,mmu        ] GC(122) MMU target violated: 21.0ms (20.0ms/21.0ms)
[2025-09-05T07:25:42.209+0000][gc,phases     ] GC(122)   Pre Evacuate Collection Set: 6.8ms
[2025-09-05T07:25:42.209+0000][gc,phases     ] GC(122)   Evacuate Collection Set: 33.6ms
[2025-09-05T07:25:42.209+0000][gc,phases     ] GC(122)   Post Evacuate Collection Set: 1.5ms
[2025-09-05T07:25:42.209+0000][gc,phases     ] GC(122)   Other: 3.8ms
[2025-09-05T07:25:42.209+0000][gc,heap       ] GC(122) Eden regions: 47->0(46)
[2025-09-05T07:25:42.209+0000][gc,heap       ] GC(122) Survivor regions: 4->5(7)
[2025-09-05T07:25:42.209+0000][gc,heap       ] GC(122) Old regions: 183->183
[2025-09-05T07:25:42.209+0000][gc,heap       ] GC(122) Humongous regions: 129->129
[2025-09-05T07:25:42.209+0000][gc,metaspace  ] GC(122) Metaspace: 54769K(58032K)->54769K(58032K) NonClass: 48294K(50096K)->48294K(50096K) Class: 6474K(7936K)->6474K(7936K)
[2025-09-05T07:25:42.209+0000][gc            ] GC(122) Pause Young (Normal) (G1 Evacuation Pause) 362M->316M(1024M) 46.281ms
[2025-09-05T07:25:42.209+0000][gc,cpu        ] GC(122) User=0.26s Sys=0.00s Real=0.05s
[2025-09-05T07:28:29.733+0000][gc,start      ] GC(123) Pause Young (Normal) (G1 Evacuation Pause)
[2025-09-05T07:28:29.736+0000][gc,task       ] GC(123) Using 8 workers of 8 for evacuation
[2025-09-05T07:28:29.794+0000][gc,mmu        ] GC(123) MMU target violated: 21.0ms (20.0ms/21.0ms)
[2025-09-05T07:28:29.794+0000][gc,phases     ] GC(123)   Pre Evacuate Collection Set: 14.1ms
[2025-09-05T07:28:29.794+0000][gc,phases     ] GC(123)   Evacuate Collection Set: 41.4ms
[2025-09-05T07:28:29.794+0000][gc,phases     ] GC(123)   Post Evacuate Collection Set: 1.2ms
[2025-09-05T07:28:29.795+0000][gc,phases     ] GC(123)   Other: 5.2ms
[2025-09-05T07:28:29.795+0000][gc,heap       ] GC(123) Eden regions: 46->0(46)
[2025-09-05T07:28:29.795+0000][gc,heap       ] GC(123) Survivor regions: 5->5(7)
[2025-09-05T07:28:29.795+0000][gc,heap       ] GC(123) Old regions: 183->184
[2025-09-05T07:28:29.795+0000][gc,heap       ] GC(123) Humongous regions: 129->129
[2025-09-05T07:28:29.795+0000][gc,metaspace  ] GC(123) Metaspace: 54769K(58032K)->54769K(58032K) NonClass: 48294K(50096K)->48294K(50096K) Class: 6474K(7936K)->6474K(7936K)
[2025-09-05T07:28:29.795+0000][gc            ] GC(123) Pause Young (Normal) (G1 Evacuation Pause) 362M->317M(1024M) 61.872ms
[2025-09-05T07:28:29.795+0000][gc,cpu        ] GC(123) User=0.32s Sys=0.00s Real=0.06s
[2025-09-05T07:31:16.274+0000][gc,start      ] GC(124) Pause Young (Normal) (G1 Evacuation Pause)
[2025-09-05T07:31:16.276+0000][gc,task       ] GC(124) Using 8 workers of 8 for evacuation
[2025-09-05T07:31:16.339+0000][gc,mmu        ] GC(124) MMU target violated: 21.0ms (20.0ms/21.0ms)
[2025-09-05T07:31:16.340+0000][gc,phases     ] GC(124)   Pre Evacuate Collection Set: 18.0ms
[2025-09-05T07:31:16.340+0000][gc,phases     ] GC(124)   Evacuate Collection Set: 42.3ms
[2025-09-05T07:31:16.340+0000][gc,phases     ] GC(124)   Post Evacuate Collection Set: 1.5ms
[2025-09-05T07:31:16.340+0000][gc,phases     ] GC(124)   Other: 4.6ms
[2025-09-05T07:31:16.340+0000][gc,heap       ] GC(124) Eden regions: 46->0(46)
[2025-09-05T07:31:16.340+0000][gc,heap       ] GC(124) Survivor regions: 5->5(7)
[2025-09-05T07:31:16.340+0000][gc,heap       ] GC(124) Old regions: 184->186
[2025-09-05T07:31:16.340+0000][gc,heap       ] GC(124) Humongous regions: 129->129
[2025-09-05T07:31:16.340+0000][gc,metaspace  ] GC(124) Metaspace: 54769K(58032K)->54769K(58032K) NonClass: 48294K(50096K)->48294K(50096K) Class: 6474K(7936K)->6474K(7936K)
[2025-09-05T07:31:16.340+0000][gc            ] GC(124) Pause Young (Normal) (G1 Evacuation Pause) 363M->318M(1024M) 66.856ms
[2025-09-05T07:31:16.341+0000][gc,cpu        ] GC(124) User=0.35s Sys=0.01s Real=0.06s
[2025-09-05T07:34:03.581+0000][gc,start      ] GC(125) Pause Young (Normal) (G1 Evacuation Pause)
[2025-09-05T07:34:03.584+0000][gc,task       ] GC(125) Using 8 workers of 8 for evacuation
[2025-09-05T07:34:03.627+0000][gc,mmu        ] GC(125) MMU target violated: 21.0ms (20.0ms/21.0ms)
[2025-09-05T07:34:03.627+0000][gc,phases     ] GC(125)   Pre Evacuate Collection Set: 8.9ms
[2025-09-05T07:34:03.627+0000][gc,phases     ] GC(125)   Evacuate Collection Set: 31.4ms
[2025-09-05T07:34:03.627+0000][gc,phases     ] GC(125)   Post Evacuate Collection Set: 1.1ms
[2025-09-05T07:34:03.627+0000][gc,phases     ] GC(125)   Other: 4.8ms
[2025-09-05T07:34:03.628+0000][gc,heap       ] GC(125) Eden regions: 46->0(46)
[2025-09-05T07:34:03.628+0000][gc,heap       ] GC(125) Survivor regions: 5->5(7)
[2025-09-05T07:34:03.628+0000][gc,heap       ] GC(125) Old regions: 186->187
[2025-09-05T07:34:03.628+0000][gc,heap       ] GC(125) Humongous regions: 129->129
[2025-09-05T07:34:03.628+0000][gc,metaspace  ] GC(125) Metaspace: 54773K(58032K)->54773K(58032K) NonClass: 48299K(50096K)->48299K(50096K) Class: 6474K(7936K)->6474K(7936K)
[2025-09-05T07:34:03.628+0000][gc            ] GC(125) Pause Young (Normal) (G1 Evacuation Pause) 364M->320M(1024M) 47.080ms
[2025-09-05T07:34:03.629+0000][gc,cpu        ] GC(125) User=0.23s Sys=0.02s Real=0.05s
[2025-09-05T07:36:50.335+0000][gc,start      ] GC(126) Pause Young (Normal) (G1 Evacuation Pause)
[2025-09-05T07:36:50.338+0000][gc,task       ] GC(126) Using 8 workers of 8 for evacuation
[2025-09-05T07:36:50.383+0000][gc,mmu        ] GC(126) MMU target violated: 21.0ms (20.0ms/21.0ms)
[2025-09-05T07:36:50.383+0000][gc,phases     ] GC(126)   Pre Evacuate Collection Set: 9.3ms
[2025-09-05T07:36:50.383+0000][gc,phases     ] GC(126)   Evacuate Collection Set: 30.7ms
[2025-09-05T07:36:50.383+0000][gc,phases     ] GC(126)   Post Evacuate Collection Set: 1.2ms
[2025-09-05T07:36:50.383+0000][gc,phases     ] GC(126)   Other: 7.1ms
[2025-09-05T07:36:50.383+0000][gc,heap       ] GC(126) Eden regions: 46->0(46)
[2025-09-05T07:36:50.383+0000][gc,heap       ] GC(126) Survivor regions: 5->5(7)
[2025-09-05T07:36:50.384+0000][gc,heap       ] GC(126) Old regions: 187->189
[2025-09-05T07:36:50.384+0000][gc,heap       ] GC(126) Humongous regions: 129->129
[2025-09-05T07:36:50.384+0000][gc,metaspace  ] GC(126) Metaspace: 54776K(58032K)->54776K(58032K) NonClass: 48302K(50096K)->48302K(50096K) Class: 6474K(7936K)->6474K(7936K)
[2025-09-05T07:36:50.384+0000][gc            ] GC(126) Pause Young (Normal) (G1 Evacuation Pause) 366M->321M(1024M) 49.032ms
[2025-09-05T07:36:50.384+0000][gc,cpu        ] GC(126) User=0.23s Sys=0.00s Real=0.05s
[2025-09-05T07:42:48.159+0000][gc,start      ] GC(127) Pause Young (Normal) (G1 Evacuation Pause)
[2025-09-05T07:42:48.163+0000][gc,task       ] GC(127) Using 8 workers of 8 for evacuation
[2025-09-05T07:42:48.217+0000][gc,mmu        ] GC(127) MMU target violated: 21.0ms (20.0ms/21.0ms)
[2025-09-05T07:42:48.218+0000][gc,phases     ] GC(127)   Pre Evacuate Collection Set: 17.4ms
[2025-09-05T07:42:48.218+0000][gc,phases     ] GC(127)   Evacuate Collection Set: 33.1ms
[2025-09-05T07:42:48.218+0000][gc,phases     ] GC(127)   Post Evacuate Collection Set: 1.6ms
[2025-09-05T07:42:48.218+0000][gc,phases     ] GC(127)   Other: 6.9ms
[2025-09-05T07:42:48.218+0000][gc,heap       ] GC(127) Eden regions: 46->0(46)
[2025-09-05T07:42:48.218+0000][gc,heap       ] GC(127) Survivor regions: 5->5(7)
[2025-09-05T07:42:48.218+0000][gc,heap       ] GC(127) Old regions: 189->191
[2025-09-05T07:42:48.218+0000][gc,heap       ] GC(127) Humongous regions: 129->129
[2025-09-05T07:42:48.218+0000][gc,metaspace  ] GC(127) Metaspace: 54777K(58032K)->54777K(58032K) NonClass: 48302K(50096K)->48302K(50096K) Class: 6474K(7936K)->6474K(7936K)
[2025-09-05T07:42:48.218+0000][gc            ] GC(127) Pause Young (Normal) (G1 Evacuation Pause) 367M->323M(1024M) 59.003ms
[2025-09-05T07:42:48.218+0000][gc,cpu        ] GC(127) User=0.24s Sys=0.02s Real=0.06s
[2025-09-05T07:45:35.257+0000][gc,start      ] GC(128) Pause Young (Normal) (G1 Evacuation Pause)
[2025-09-05T07:45:35.260+0000][gc,task       ] GC(128) Using 8 workers of 8 for evacuation
[2025-09-05T07:45:35.323+0000][gc,mmu        ] GC(128) MMU target violated: 21.0ms (20.0ms/21.0ms)
[2025-09-05T07:45:35.323+0000][gc,phases     ] GC(128)   Pre Evacuate Collection Set: 20.1ms
[2025-09-05T07:45:35.323+0000][gc,phases     ] GC(128)   Evacuate Collection Set: 37.0ms
[2025-09-05T07:45:35.323+0000][gc,phases     ] GC(128)   Post Evacuate Collection Set: 2.0ms
[2025-09-05T07:45:35.323+0000][gc,phases     ] GC(128)   Other: 8.1ms
[2025-09-05T07:45:35.323+0000][gc,heap       ] GC(128) Eden regions: 46->0(46)
[2025-09-05T07:45:35.323+0000][gc,heap       ] GC(128) Survivor regions: 5->5(7)
[2025-09-05T07:45:35.324+0000][gc,heap       ] GC(128) Old regions: 191->192
[2025-09-05T07:45:35.324+0000][gc,heap       ] GC(128) Humongous regions: 129->129
[2025-09-05T07:45:35.324+0000][gc,metaspace  ] GC(128) Metaspace: 54777K(58032K)->54777K(58032K) NonClass: 48302K(50096K)->48302K(50096K) Class: 6474K(7936K)->6474K(7936K)
[2025-09-05T07:45:35.324+0000][gc            ] GC(128) Pause Young (Normal) (G1 Evacuation Pause) 369M->324M(1024M) 67.059ms
[2025-09-05T07:45:35.324+0000][gc,cpu        ] GC(128) User=0.28s Sys=0.01s Real=0.07s
[2025-09-05T07:48:22.019+0000][gc,start      ] GC(129) Pause Young (Normal) (G1 Evacuation Pause)
[2025-09-05T07:48:22.021+0000][gc,task       ] GC(129) Using 8 workers of 8 for evacuation
[2025-09-05T07:48:22.082+0000][gc,mmu        ] GC(129) MMU target violated: 21.0ms (20.0ms/21.0ms)
[2025-09-05T07:48:22.082+0000][gc,phases     ] GC(129)   Pre Evacuate Collection Set: 3.8ms
[2025-09-05T07:48:22.082+0000][gc,phases     ] GC(129)   Evacuate Collection Set: 54.3ms
[2025-09-05T07:48:22.082+0000][gc,phases     ] GC(129)   Post Evacuate Collection Set: 1.7ms
[2025-09-05T07:48:22.082+0000][gc,phases     ] GC(129)   Other: 3.6ms
[2025-09-05T07:48:22.082+0000][gc,heap       ] GC(129) Eden regions: 46->0(46)
[2025-09-05T07:48:22.082+0000][gc,heap       ] GC(129) Survivor regions: 5->5(7)
[2025-09-05T07:48:22.082+0000][gc,heap       ] GC(129) Old regions: 192->194
[2025-09-05T07:48:22.082+0000][gc,heap       ] GC(129) Humongous regions: 129->129
[2025-09-05T07:48:22.082+0000][gc,metaspace  ] GC(129) Metaspace: 54778K(58032K)->54778K(58032K) NonClass: 48303K(50096K)->48303K(50096K) Class: 6474K(7936K)->6474K(7936K)
[2025-09-05T07:48:22.082+0000][gc            ] GC(129) Pause Young (Normal) (G1 Evacuation Pause) 370M->326M(1024M) 63.390ms
[2025-09-05T07:48:22.083+0000][gc,cpu        ] GC(129) User=0.39s Sys=0.01s Real=0.06s
